ISO-10303-21;
HEADER;
/* Generated by software containing ST-Developer
 * from STEP Tools, Inc. (www.steptools.com) 
 */
/* OPTION: using custom renumber hook */

FILE_DESCRIPTION(
/* description */ ('STEP AP242 Edition 2',
'CAx-IF Rec.Pracs.---Representation and Presentation of Product Manufa
cturing Information (PMI)---4.0---2014-10-13',
'CAx-IF Rec.Pracs.---3D Tessellated Geometry---0.4---2014-09-14','2;1',
'CAx-IF Rec.Pracs.---User Defined Attributes---1.5---2016-08-15'),
/* implementation_level */ '2;1');

FILE_NAME(
/* name */ 'Front Hull and Nose - Nose Cone',
/* time_stamp */ '2026-08-24T02:46:48Z',
/* author */ (''),
/* organization */ (''),
/* preprocessor_version */ 'ST-DEVELOPER v20',
/* originating_system */ 'ONSHAPE BY PTC INC, 1.219',
/* authorisation */ '  ');

FILE_SCHEMA (('AP242_MANAGED_MODEL_BASED_3D_ENGINEERING_MIM_LF { 1 0 10303 442 3 1 4 }'));
ENDSEC;

DATA;
#10=SHAPE_REPRESENTATION_RELATIONSHIP('','',#980,#11);
#11=ADVANCED_BREP_SHAPE_REPRESENTATION('',(#978),#1923);
#12=B_SPLINE_SURFACE_WITH_KNOTS('',3,3,((#1577,#1578,#1579,#1580,#1581,
#1582,#1583,#1584,#1585,#1586,#1587,#1588,#1589,#1590,#1591,#1592,#1593,
#1594,#1595),(#1596,#1597,#1598,#1599,#1600,#1601,#1602,#1603,#1604,#1605,
#1606,#1607,#1608,#1609,#1610,#1611,#1612,#1613,#1614),(#1615,#1616,#1617,
#1618,#1619,#1620,#1621,#1622,#1623,#1624,#1625,#1626,#1627,#1628,#1629,
#1630,#1631,#1632,#1633),(#1634,#1635,#1636,#1637,#1638,#1639,#1640,#1641,
#1642,#1643,#1644,#1645,#1646,#1647,#1648,#1649,#1650,#1651,#1652)),
 .UNSPECIFIED.,.F.,.T.,.F.,(4,4),(1,1,1,1,1,1,1,1,1,1,1,1,1,1,1,1,1,1,1,
1,1,1,1),(0.,0.38145760464776),(-1.17809724509617,-0.785398163397448,-0.392699081698725,
0.,0.392699081698724,0.785398163397448,1.17809724509617,1.5707963267949,
1.96349540849362,2.35619449019234,2.74889357189107,3.14159265358979,3.53429173528852,
3.92699081698724,4.31968989868597,4.71238898038469,5.10508806208341,5.49778714378214,
5.89048622548086,6.28318530717959,6.67588438887831,7.06858347057703,7.46128255227576),
 .UNSPECIFIED.);
#13=B_SPLINE_SURFACE_WITH_KNOTS('',3,1,((#1732,#1733),(#1734,#1735),(#1736,
#1737),(#1738,#1739)),.SURF_OF_LINEAR_EXTRUSION.,.F.,.F.,.F.,(4,4),(2,2),
(0.,0.352308834971444),(0.,1.),.PIECEWISE_BEZIER_KNOTS.);
#14=B_SPLINE_SURFACE_WITH_KNOTS('',3,1,((#1768,#1769),(#1770,#1771),(#1772,
#1773),(#1774,#1775)),.SURF_OF_LINEAR_EXTRUSION.,.F.,.F.,.F.,(4,4),(2,2),
(0.,0.352308834971444),(0.,1.),.PIECEWISE_BEZIER_KNOTS.);
#15=B_SPLINE_SURFACE_WITH_KNOTS('',3,1,((#1804,#1805),(#1806,#1807),(#1808,
#1809),(#1810,#1811)),.SURF_OF_LINEAR_EXTRUSION.,.F.,.F.,.F.,(4,4),(2,2),
(0.,0.352308834971444),(0.,1.),.PIECEWISE_BEZIER_KNOTS.);
#16=B_SPLINE_SURFACE_WITH_KNOTS('',3,1,((#1840,#1841),(#1842,#1843),(#1844,
#1845),(#1846,#1847)),.SURF_OF_LINEAR_EXTRUSION.,.F.,.F.,.F.,(4,4),(2,2),
(0.,0.352308834971444),(0.,1.),.PIECEWISE_BEZIER_KNOTS.);
#17=B_SPLINE_SURFACE_WITH_KNOTS('',3,1,((#1876,#1877),(#1878,#1879),(#1880,
#1881),(#1882,#1883)),.SURF_OF_LINEAR_EXTRUSION.,.F.,.F.,.F.,(4,4),(2,2),
(0.,0.352308834971444),(0.,1.),.PIECEWISE_BEZIER_KNOTS.);
#18=B_SPLINE_SURFACE_WITH_KNOTS('',3,1,((#1912,#1913),(#1914,#1915),(#1916,
#1917),(#1918,#1919)),.SURF_OF_LINEAR_EXTRUSION.,.F.,.F.,.F.,(4,4),(2,2),
(0.,0.352308834971444),(0.,1.),.PIECEWISE_BEZIER_KNOTS.);
#19=PLANE('',#1003);
#20=PLANE('',#1012);
#21=PLANE('',#1013);
#22=PLANE('',#1014);
#23=PLANE('',#1015);
#24=PLANE('',#1016);
#25=PLANE('',#1017);
#26=PLANE('',#1018);
#27=PLANE('',#1019);
#28=PLANE('',#1020);
#29=PLANE('',#1021);
#30=PLANE('',#1022);
#31=PLANE('',#1023);
#32=PLANE('',#1024);
#33=PLANE('',#1025);
#34=PLANE('',#1026);
#35=PLANE('',#1027);
#36=PLANE('',#1028);
#37=PLANE('',#1029);
#38=PLANE('',#1030);
#39=PLANE('',#1031);
#40=PLANE('',#1032);
#41=PLANE('',#1033);
#42=PLANE('',#1034);
#43=PLANE('',#1035);
#44=PLANE('',#1036);
#45=PLANE('',#1037);
#46=PLANE('',#1038);
#47=PLANE('',#1039);
#48=PLANE('',#1040);
#49=PLANE('',#1041);
#50=LINE('',#1506,#134);
#51=LINE('',#1508,#135);
#52=LINE('',#1512,#136);
#53=LINE('',#1514,#137);
#54=LINE('',#1518,#138);
#55=LINE('',#1520,#139);
#56=LINE('',#1524,#140);
#57=LINE('',#1526,#141);
#58=LINE('',#1530,#142);
#59=LINE('',#1535,#143);
#60=LINE('',#1542,#144);
#61=LINE('',#1544,#145);
#62=LINE('',#1546,#146);
#63=LINE('',#1547,#147);
#64=LINE('',#1549,#148);
#65=LINE('',#1551,#149);
#66=LINE('',#1552,#150);
#67=LINE('',#1554,#151);
#68=LINE('',#1556,#152);
#69=LINE('',#1557,#153);
#70=LINE('',#1559,#154);
#71=LINE('',#1561,#155);
#72=LINE('',#1562,#156);
#73=LINE('',#1564,#157);
#74=LINE('',#1566,#158);
#75=LINE('',#1567,#159);
#76=LINE('',#1569,#160);
#77=LINE('',#1571,#161);
#78=LINE('',#1704,#162);
#79=LINE('',#1705,#163);
#80=LINE('',#1707,#164);
#81=LINE('',#1709,#165);
#82=LINE('',#1711,#166);
#83=LINE('',#1713,#167);
#84=LINE('',#1720,#168);
#85=LINE('',#1722,#169);
#86=LINE('',#1729,#170);
#87=LINE('',#1731,#171);
#88=LINE('',#1740,#172);
#89=LINE('',#1743,#173);
#90=LINE('',#1745,#174);
#91=LINE('',#1747,#175);
#92=LINE('',#1749,#176);
#93=LINE('',#1756,#177);
#94=LINE('',#1758,#178);
#95=LINE('',#1765,#179);
#96=LINE('',#1767,#180);
#97=LINE('',#1776,#181);
#98=LINE('',#1779,#182);
#99=LINE('',#1781,#183);
#100=LINE('',#1783,#184);
#101=LINE('',#1785,#185);
#102=LINE('',#1792,#186);
#103=LINE('',#1794,#187);
#104=LINE('',#1801,#188);
#105=LINE('',#1803,#189);
#106=LINE('',#1812,#190);
#107=LINE('',#1815,#191);
#108=LINE('',#1817,#192);
#109=LINE('',#1819,#193);
#110=LINE('',#1821,#194);
#111=LINE('',#1828,#195);
#112=LINE('',#1830,#196);
#113=LINE('',#1837,#197);
#114=LINE('',#1839,#198);
#115=LINE('',#1848,#199);
#116=LINE('',#1851,#200);
#117=LINE('',#1853,#201);
#118=LINE('',#1855,#202);
#119=LINE('',#1857,#203);
#120=LINE('',#1864,#204);
#121=LINE('',#1866,#205);
#122=LINE('',#1873,#206);
#123=LINE('',#1875,#207);
#124=LINE('',#1884,#208);
#125=LINE('',#1887,#209);
#126=LINE('',#1889,#210);
#127=LINE('',#1891,#211);
#128=LINE('',#1893,#212);
#129=LINE('',#1900,#213);
#130=LINE('',#1902,#214);
#131=LINE('',#1909,#215);
#132=LINE('',#1911,#216);
#133=LINE('',#1920,#217);
#134=VECTOR('',#1066,1.);
#135=VECTOR('',#1067,1.);
#136=VECTOR('',#1072,1.);
#137=VECTOR('',#1073,1.);
#138=VECTOR('',#1078,1.);
#139=VECTOR('',#1079,1.);
#140=VECTOR('',#1084,1.);
#141=VECTOR('',#1085,1.);
#142=VECTOR('',#1090,1.);
#143=VECTOR('',#1093,1.);
#144=VECTOR('',#1100,1.);
#145=VECTOR('',#1101,1.);
#146=VECTOR('',#1102,1.);
#147=VECTOR('',#1103,1.);
#148=VECTOR('',#1104,1.);
#149=VECTOR('',#1105,1.);
#150=VECTOR('',#1106,1.);
#151=VECTOR('',#1107,1.);
#152=VECTOR('',#1108,1.);
#153=VECTOR('',#1109,1.);
#154=VECTOR('',#1110,1.);
#155=VECTOR('',#1111,1.);
#156=VECTOR('',#1112,1.);
#157=VECTOR('',#1113,1.);
#158=VECTOR('',#1114,1.);
#159=VECTOR('',#1115,1.);
#160=VECTOR('',#1116,1.);
#161=VECTOR('',#1117,1.);
#162=VECTOR('',#1132,1.);
#163=VECTOR('',#1133,1.);
#164=VECTOR('',#1136,1.);
#165=VECTOR('',#1137,1.);
#166=VECTOR('',#1138,1.);
#167=VECTOR('',#1141,1.);
#168=VECTOR('',#1142,1.);
#169=VECTOR('',#1145,1.);
#170=VECTOR('',#1146,1.);
#171=VECTOR('',#1149,1.);
#172=VECTOR('',#1150,1.);
#173=VECTOR('',#1155,1.);
#174=VECTOR('',#1156,1.);
#175=VECTOR('',#1157,1.);
#176=VECTOR('',#1160,1.);
#177=VECTOR('',#1161,1.);
#178=VECTOR('',#1164,1.);
#179=VECTOR('',#1165,1.);
#180=VECTOR('',#1168,1.);
#181=VECTOR('',#1169,1.);
#182=VECTOR('',#1174,1.);
#183=VECTOR('',#1175,1.);
#184=VECTOR('',#1176,1.);
#185=VECTOR('',#1179,1.);
#186=VECTOR('',#1180,1.);
#187=VECTOR('',#1183,1.);
#188=VECTOR('',#1184,1.);
#189=VECTOR('',#1187,1.);
#190=VECTOR('',#1188,1.);
#191=VECTOR('',#1193,1.);
#192=VECTOR('',#1194,1.);
#193=VECTOR('',#1195,1.);
#194=VECTOR('',#1198,1.);
#195=VECTOR('',#1199,1.);
#196=VECTOR('',#1202,1.);
#197=VECTOR('',#1203,1.);
#198=VECTOR('',#1206,1.);
#199=VECTOR('',#1207,1.);
#200=VECTOR('',#1212,1.);
#201=VECTOR('',#1213,1.);
#202=VECTOR('',#1214,1.);
#203=VECTOR('',#1217,1.);
#204=VECTOR('',#1218,1.);
#205=VECTOR('',#1221,1.);
#206=VECTOR('',#1222,1.);
#207=VECTOR('',#1225,1.);
#208=VECTOR('',#1226,1.);
#209=VECTOR('',#1231,1.);
#210=VECTOR('',#1232,1.);
#211=VECTOR('',#1233,1.);
#212=VECTOR('',#1236,1.);
#213=VECTOR('',#1237,1.);
#214=VECTOR('',#1240,1.);
#215=VECTOR('',#1241,1.);
#216=VECTOR('',#1244,1.);
#217=VECTOR('',#1245,1.);
#218=CYLINDRICAL_SURFACE('',#992,0.0443486471045059);
#219=CYLINDRICAL_SURFACE('',#994,0.0443486471045059);
#220=CYLINDRICAL_SURFACE('',#996,0.0443486471045059);
#221=CYLINDRICAL_SURFACE('',#998,0.0443486471045059);
#222=CYLINDRICAL_SURFACE('',#1000,0.0443486471045059);
#223=CYLINDRICAL_SURFACE('',#1006,0.04585);
#224=CYLINDRICAL_SURFACE('',#1009,0.016000000000022);
#225=CYLINDRICAL_SURFACE('',#1011,0.0443486471045059);
#226=B_SPLINE_CURVE_WITH_KNOTS('',3,(#1268,#1269,#1270,#1271),
 .UNSPECIFIED.,.F.,.F.,(4,4),(0.00303478423421042,0.00605289057222587),
 .UNSPECIFIED.);
#227=B_SPLINE_CURVE_WITH_KNOTS('',3,(#1273,#1274,#1275,#1276,#1277,#1278,
#1279,#1280,#1281,#1282),.UNSPECIFIED.,.F.,.F.,(4,1,1,1,1,1,1,4),(0.000535723270316442,
0.00934366190172454,0.0181516005331326,0.0357674777959488,0.053383355058765,
0.0709992323215812,0.106230986847214,0.141462741372846),.UNSPECIFIED.);
#228=B_SPLINE_CURVE_WITH_KNOTS('',3,(#1286,#1287,#1288,#1289,#1290,#1291,
#1292,#1293,#1294,#1295),.UNSPECIFIED.,.F.,.F.,(4,1,1,1,1,1,1,4),(0.00053572327031638,
0.00934366190172447,0.0181516005331326,0.0357674777959488,0.0533833550587649,
0.0709992323215811,0.106230986847214,0.141462741372846),.UNSPECIFIED.);
#229=B_SPLINE_CURVE_WITH_KNOTS('',3,(#1297,#1298,#1299,#1300),
 .UNSPECIFIED.,.F.,.F.,(4,4),(3.50157972839845E-15,0.00303536717449952),
 .UNSPECIFIED.);
#230=B_SPLINE_CURVE_WITH_KNOTS('',3,(#1317,#1318,#1319,#1320,#1321,#1322,
#1323,#1324,#1325,#1326),.UNSPECIFIED.,.F.,.F.,(4,1,1,1,1,1,1,4),(0.00053572327031638,
0.00934366190172448,0.0181516005331326,0.0357674777959488,0.053383355058765,
0.0709992323215811,0.106230986847214,0.141462741372846),.UNSPECIFIED.);
#231=B_SPLINE_CURVE_WITH_KNOTS('',3,(#1329,#1330,#1331,#1332),
 .UNSPECIFIED.,.F.,.F.,(4,4),(3.06102365991553E-15,0.00303478423421042),
 .UNSPECIFIED.);
#232=B_SPLINE_CURVE_WITH_KNOTS('',3,(#1335,#1336,#1337,#1338),
 .UNSPECIFIED.,.F.,.F.,(4,4),(0.00303478423421041,0.00605289057222561),
 .UNSPECIFIED.);
#233=B_SPLINE_CURVE_WITH_KNOTS('',3,(#1340,#1341,#1342,#1343,#1344,#1345,
#1346,#1347,#1348,#1349),.UNSPECIFIED.,.F.,.F.,(4,1,1,1,1,1,1,4),(0.000535723270314694,
0.0093436619017229,0.0181516005331311,0.0357674777959475,0.0533833550587639,
0.0709992323215803,0.106230986847213,0.141462741372846),.UNSPECIFIED.);
#234=B_SPLINE_CURVE_WITH_KNOTS('',3,(#1368,#1369,#1370,#1371,#1372,#1373,
#1374,#1375,#1376,#1377),.UNSPECIFIED.,.F.,.F.,(4,1,1,1,1,1,1,4),(0.000535723270314697,
0.0093436619017229,0.0181516005331311,0.0357674777959475,0.0533833550587639,
0.0709992323215803,0.106230986847213,0.141462741372846),.UNSPECIFIED.);
#235=B_SPLINE_CURVE_WITH_KNOTS('',3,(#1380,#1381,#1382,#1383),
 .UNSPECIFIED.,.F.,.F.,(4,4),(3.26112603607846E-15,0.00303478423421041),
 .UNSPECIFIED.);
#236=B_SPLINE_CURVE_WITH_KNOTS('',3,(#1386,#1387,#1388,#1389),
 .UNSPECIFIED.,.F.,.F.,(4,4),(0.00303478423421041,0.00605289057222544),
 .UNSPECIFIED.);
#237=B_SPLINE_CURVE_WITH_KNOTS('',3,(#1391,#1392,#1393,#1394,#1395,#1396,
#1397,#1398,#1399,#1400),.UNSPECIFIED.,.F.,.F.,(4,1,1,1,1,1,1,4),(0.000535723270313581,
0.00934366190172185,0.0181516005331301,0.0357674777959467,0.0533833550587632,
0.0709992323215798,0.106230986847213,0.141462741372846),.UNSPECIFIED.);
#238=B_SPLINE_CURVE_WITH_KNOTS('',3,(#1419,#1420,#1421,#1422,#1423,#1424,
#1425,#1426,#1427,#1428),.UNSPECIFIED.,.F.,.F.,(4,1,1,1,1,1,1,4),(0.000535723270343607,
0.00934366190175,0.0181516005331564,0.0357674777959692,0.053383355058782,
0.0709992323215947,0.10623098684722,0.141462741372846),.UNSPECIFIED.);
#239=B_SPLINE_CURVE_WITH_KNOTS('',3,(#1431,#1432,#1433,#1434),
 .UNSPECIFIED.,.F.,.F.,(4,4),(6.59194920871187E-17,0.00303478423421041),
 .UNSPECIFIED.);
#240=B_SPLINE_CURVE_WITH_KNOTS('',3,(#1437,#1438,#1439,#1440),
 .UNSPECIFIED.,.F.,.F.,(4,4),(0.00303478423421041,0.00605289057222563),
 .UNSPECIFIED.);
#241=B_SPLINE_CURVE_WITH_KNOTS('',3,(#1442,#1443,#1444,#1445,#1446,#1447,
#1448,#1449,#1450,#1451),.UNSPECIFIED.,.F.,.F.,(4,1,1,1,1,1,1,4),(0.000535723270314727,
0.00934366190172293,0.0181516005331311,0.0357674777959475,0.0533833550587639,
0.0709992323215803,0.106230986847213,0.141462741372846),.UNSPECIFIED.);
#242=B_SPLINE_CURVE_WITH_KNOTS('',3,(#1470,#1471,#1472,#1473,#1474,#1475,
#1476,#1477,#1478,#1479),.UNSPECIFIED.,.F.,.F.,(4,1,1,1,1,1,1,4),(0.000535723270316381,
0.00934366190172448,0.0181516005331326,0.0357674777959488,0.053383355058765,
0.0709992323215811,0.106230986847214,0.141462741372846),.UNSPECIFIED.);
#243=B_SPLINE_CURVE_WITH_KNOTS('',3,(#1482,#1483,#1484,#1485),
 .UNSPECIFIED.,.F.,.F.,(4,4),(3.06869591983177E-15,0.00303478423421041),
 .UNSPECIFIED.);
#244=B_SPLINE_CURVE_WITH_KNOTS('',3,(#1488,#1489,#1490,#1491),
 .UNSPECIFIED.,.F.,.F.,(4,4),(0.00303478423421041,0.00605289057222579),
 .UNSPECIFIED.);
#245=B_SPLINE_CURVE_WITH_KNOTS('',3,(#1493,#1494,#1495,#1496,#1497,#1498,
#1499,#1500,#1501,#1502),.UNSPECIFIED.,.F.,.F.,(4,1,1,1,1,1,1,4),(0.000535723270315899,
0.00934366190172403,0.0181516005331322,0.0357674777959484,0.0533833550587647,
0.0709992323215809,0.106230986847213,0.141462741372846),.UNSPECIFIED.);
#246=B_SPLINE_CURVE_WITH_KNOTS('',3,(#1673,#1674,#1675,#1676,#1677,#1678,
#1679,#1680,#1681,#1682),.UNSPECIFIED.,.F.,.F.,(4,1,1,1,1,1,1,4),(0.000535723270314063,
0.00934366190172231,0.0181516005331305,0.035767477795947,0.0533833550587635,
0.07099923232158,0.106230986847213,0.141462741372846),.UNSPECIFIED.);
#247=B_SPLINE_CURVE_WITH_KNOTS('',3,(#1684,#1685,#1686,#1687),
 .UNSPECIFIED.,.F.,.F.,(4,4),(3.34278873241163E-15,0.00303478423421041),
 .UNSPECIFIED.);
#248=B_SPLINE_CURVE_WITH_KNOTS('',3,(#1688,#1689,#1690,#1691),
 .UNSPECIFIED.,.F.,.F.,(4,4),(1.56525145420814E-25,0.00303536717449952),
 .UNSPECIFIED.);
#249=B_SPLINE_CURVE_WITH_KNOTS('',3,(#1693,#1694,#1695,#1696,#1697,#1698,
#1699,#1700,#1701,#1702),.UNSPECIFIED.,.F.,.F.,(4,1,1,1,1,1,1,4),(0.000535723270343035,
0.00934366190174946,0.0181516005331559,0.0357674777959688,0.0533833550587816,
0.0709992323215945,0.10623098684722,0.141462741372846),.UNSPECIFIED.);
#250=B_SPLINE_CURVE_WITH_KNOTS('',3,(#1715,#1716,#1717,#1718),
 .UNSPECIFIED.,.F.,.F.,(4,4),(0.,0.352308834971444),
 .PIECEWISE_BEZIER_KNOTS.);
#251=B_SPLINE_CURVE_WITH_KNOTS('',3,(#1724,#1725,#1726,#1727),
 .UNSPECIFIED.,.F.,.F.,(4,4),(0.,0.352308834971444),
 .PIECEWISE_BEZIER_KNOTS.);
#252=B_SPLINE_CURVE_WITH_KNOTS('',3,(#1751,#1752,#1753,#1754),
 .UNSPECIFIED.,.F.,.F.,(4,4),(0.,0.352308834971444),
 .PIECEWISE_BEZIER_KNOTS.);
#253=B_SPLINE_CURVE_WITH_KNOTS('',3,(#1760,#1761,#1762,#1763),
 .UNSPECIFIED.,.F.,.F.,(4,4),(0.,0.352308834971444),
 .PIECEWISE_BEZIER_KNOTS.);
#254=B_SPLINE_CURVE_WITH_KNOTS('',3,(#1787,#1788,#1789,#1790),
 .UNSPECIFIED.,.F.,.F.,(4,4),(0.,0.352308834971444),
 .PIECEWISE_BEZIER_KNOTS.);
#255=B_SPLINE_CURVE_WITH_KNOTS('',3,(#1796,#1797,#1798,#1799),
 .UNSPECIFIED.,.F.,.F.,(4,4),(0.,0.352308834971444),
 .PIECEWISE_BEZIER_KNOTS.);
#256=B_SPLINE_CURVE_WITH_KNOTS('',3,(#1823,#1824,#1825,#1826),
 .UNSPECIFIED.,.F.,.F.,(4,4),(0.,0.352308834971444),
 .PIECEWISE_BEZIER_KNOTS.);
#257=B_SPLINE_CURVE_WITH_KNOTS('',3,(#1832,#1833,#1834,#1835),
 .UNSPECIFIED.,.F.,.F.,(4,4),(0.,0.352308834971444),
 .PIECEWISE_BEZIER_KNOTS.);
#258=B_SPLINE_CURVE_WITH_KNOTS('',3,(#1859,#1860,#1861,#1862),
 .UNSPECIFIED.,.F.,.F.,(4,4),(0.,0.352308834971444),
 .PIECEWISE_BEZIER_KNOTS.);
#259=B_SPLINE_CURVE_WITH_KNOTS('',3,(#1868,#1869,#1870,#1871),
 .UNSPECIFIED.,.F.,.F.,(4,4),(0.,0.352308834971444),
 .PIECEWISE_BEZIER_KNOTS.);
#260=B_SPLINE_CURVE_WITH_KNOTS('',3,(#1895,#1896,#1897,#1898),
 .UNSPECIFIED.,.F.,.F.,(4,4),(0.,0.352308834971444),
 .PIECEWISE_BEZIER_KNOTS.);
#261=B_SPLINE_CURVE_WITH_KNOTS('',3,(#1904,#1905,#1906,#1907),
 .UNSPECIFIED.,.F.,.F.,(4,4),(0.,0.352308834971444),
 .PIECEWISE_BEZIER_KNOTS.);
#262=ORIENTED_EDGE('',*,*,#544,.F.);
#263=ORIENTED_EDGE('',*,*,#545,.T.);
#264=ORIENTED_EDGE('',*,*,#546,.T.);
#265=ORIENTED_EDGE('',*,*,#547,.T.);
#266=ORIENTED_EDGE('',*,*,#548,.F.);
#267=ORIENTED_EDGE('',*,*,#549,.T.);
#268=ORIENTED_EDGE('',*,*,#550,.F.);
#269=ORIENTED_EDGE('',*,*,#551,.T.);
#270=ORIENTED_EDGE('',*,*,#552,.F.);
#271=ORIENTED_EDGE('',*,*,#553,.T.);
#272=ORIENTED_EDGE('',*,*,#554,.T.);
#273=ORIENTED_EDGE('',*,*,#555,.T.);
#274=ORIENTED_EDGE('',*,*,#556,.F.);
#275=ORIENTED_EDGE('',*,*,#557,.T.);
#276=ORIENTED_EDGE('',*,*,#558,.F.);
#277=ORIENTED_EDGE('',*,*,#559,.T.);
#278=ORIENTED_EDGE('',*,*,#560,.T.);
#279=ORIENTED_EDGE('',*,*,#561,.T.);
#280=ORIENTED_EDGE('',*,*,#562,.F.);
#281=ORIENTED_EDGE('',*,*,#563,.T.);
#282=ORIENTED_EDGE('',*,*,#564,.F.);
#283=ORIENTED_EDGE('',*,*,#565,.T.);
#284=ORIENTED_EDGE('',*,*,#566,.T.);
#285=ORIENTED_EDGE('',*,*,#567,.T.);
#286=ORIENTED_EDGE('',*,*,#568,.F.);
#287=ORIENTED_EDGE('',*,*,#569,.T.);
#288=ORIENTED_EDGE('',*,*,#570,.F.);
#289=ORIENTED_EDGE('',*,*,#571,.T.);
#290=ORIENTED_EDGE('',*,*,#572,.T.);
#291=ORIENTED_EDGE('',*,*,#573,.T.);
#292=ORIENTED_EDGE('',*,*,#574,.F.);
#293=ORIENTED_EDGE('',*,*,#555,.F.);
#294=ORIENTED_EDGE('',*,*,#575,.T.);
#295=ORIENTED_EDGE('',*,*,#576,.T.);
#296=ORIENTED_EDGE('',*,*,#577,.F.);
#297=ORIENTED_EDGE('',*,*,#561,.F.);
#298=ORIENTED_EDGE('',*,*,#578,.T.);
#299=ORIENTED_EDGE('',*,*,#579,.T.);
#300=ORIENTED_EDGE('',*,*,#580,.F.);
#301=ORIENTED_EDGE('',*,*,#567,.F.);
#302=ORIENTED_EDGE('',*,*,#581,.T.);
#303=ORIENTED_EDGE('',*,*,#582,.T.);
#304=ORIENTED_EDGE('',*,*,#583,.F.);
#305=ORIENTED_EDGE('',*,*,#573,.F.);
#306=ORIENTED_EDGE('',*,*,#584,.T.);
#307=ORIENTED_EDGE('',*,*,#585,.T.);
#308=ORIENTED_EDGE('',*,*,#586,.F.);
#309=ORIENTED_EDGE('',*,*,#587,.F.);
#310=ORIENTED_EDGE('',*,*,#588,.T.);
#311=ORIENTED_EDGE('',*,*,#589,.T.);
#312=ORIENTED_EDGE('',*,*,#590,.F.);
#313=ORIENTED_EDGE('',*,*,#591,.F.);
#314=ORIENTED_EDGE('',*,*,#592,.T.);
#315=ORIENTED_EDGE('',*,*,#593,.T.);
#316=ORIENTED_EDGE('',*,*,#576,.F.);
#317=ORIENTED_EDGE('',*,*,#594,.F.);
#318=ORIENTED_EDGE('',*,*,#595,.T.);
#319=ORIENTED_EDGE('',*,*,#596,.T.);
#320=ORIENTED_EDGE('',*,*,#579,.F.);
#321=ORIENTED_EDGE('',*,*,#597,.F.);
#322=ORIENTED_EDGE('',*,*,#598,.T.);
#323=ORIENTED_EDGE('',*,*,#599,.T.);
#324=ORIENTED_EDGE('',*,*,#582,.F.);
#325=ORIENTED_EDGE('',*,*,#600,.F.);
#326=ORIENTED_EDGE('',*,*,#601,.T.);
#327=ORIENTED_EDGE('',*,*,#602,.T.);
#328=ORIENTED_EDGE('',*,*,#585,.F.);
#329=ORIENTED_EDGE('',*,*,#603,.F.);
#330=ORIENTED_EDGE('',*,*,#604,.T.);
#331=ORIENTED_EDGE('',*,*,#605,.T.);
#332=ORIENTED_EDGE('',*,*,#589,.F.);
#333=ORIENTED_EDGE('',*,*,#606,.F.);
#334=ORIENTED_EDGE('',*,*,#607,.T.);
#335=ORIENTED_EDGE('',*,*,#608,.T.);
#336=ORIENTED_EDGE('',*,*,#609,.T.);
#337=ORIENTED_EDGE('',*,*,#610,.T.);
#338=ORIENTED_EDGE('',*,*,#609,.F.);
#339=ORIENTED_EDGE('',*,*,#611,.T.);
#340=ORIENTED_EDGE('',*,*,#610,.F.);
#341=ORIENTED_EDGE('',*,*,#611,.F.);
#342=ORIENTED_EDGE('',*,*,#612,.T.);
#343=ORIENTED_EDGE('',*,*,#570,.T.);
#344=ORIENTED_EDGE('',*,*,#564,.T.);
#345=ORIENTED_EDGE('',*,*,#558,.T.);
#346=ORIENTED_EDGE('',*,*,#552,.T.);
#347=ORIENTED_EDGE('',*,*,#544,.T.);
#348=ORIENTED_EDGE('',*,*,#613,.F.);
#349=ORIENTED_EDGE('',*,*,#614,.T.);
#350=ORIENTED_EDGE('',*,*,#612,.F.);
#351=ORIENTED_EDGE('',*,*,#615,.T.);
#352=ORIENTED_EDGE('',*,*,#616,.T.);
#353=ORIENTED_EDGE('',*,*,#587,.T.);
#354=ORIENTED_EDGE('',*,*,#547,.F.);
#355=ORIENTED_EDGE('',*,*,#617,.T.);
#356=ORIENTED_EDGE('',*,*,#590,.T.);
#357=ORIENTED_EDGE('',*,*,#618,.F.);
#358=ORIENTED_EDGE('',*,*,#615,.F.);
#359=ORIENTED_EDGE('',*,*,#549,.F.);
#360=ORIENTED_EDGE('',*,*,#619,.F.);
#361=ORIENTED_EDGE('',*,*,#620,.F.);
#362=ORIENTED_EDGE('',*,*,#621,.T.);
#363=ORIENTED_EDGE('',*,*,#616,.F.);
#364=ORIENTED_EDGE('',*,*,#621,.F.);
#365=ORIENTED_EDGE('',*,*,#622,.F.);
#366=ORIENTED_EDGE('',*,*,#623,.F.);
#367=ORIENTED_EDGE('',*,*,#624,.F.);
#368=ORIENTED_EDGE('',*,*,#606,.T.);
#369=ORIENTED_EDGE('',*,*,#588,.F.);
#370=ORIENTED_EDGE('',*,*,#619,.T.);
#371=ORIENTED_EDGE('',*,*,#548,.T.);
#372=ORIENTED_EDGE('',*,*,#618,.T.);
#373=ORIENTED_EDGE('',*,*,#608,.F.);
#374=ORIENTED_EDGE('',*,*,#625,.T.);
#375=ORIENTED_EDGE('',*,*,#626,.T.);
#376=ORIENTED_EDGE('',*,*,#627,.T.);
#377=ORIENTED_EDGE('',*,*,#627,.F.);
#378=ORIENTED_EDGE('',*,*,#628,.F.);
#379=ORIENTED_EDGE('',*,*,#622,.T.);
#380=ORIENTED_EDGE('',*,*,#620,.T.);
#381=ORIENTED_EDGE('',*,*,#626,.F.);
#382=ORIENTED_EDGE('',*,*,#629,.F.);
#383=ORIENTED_EDGE('',*,*,#623,.T.);
#384=ORIENTED_EDGE('',*,*,#628,.T.);
#385=ORIENTED_EDGE('',*,*,#625,.F.);
#386=ORIENTED_EDGE('',*,*,#607,.F.);
#387=ORIENTED_EDGE('',*,*,#624,.T.);
#388=ORIENTED_EDGE('',*,*,#629,.T.);
#389=ORIENTED_EDGE('',*,*,#614,.F.);
#390=ORIENTED_EDGE('',*,*,#630,.F.);
#391=ORIENTED_EDGE('',*,*,#631,.F.);
#392=ORIENTED_EDGE('',*,*,#632,.T.);
#393=ORIENTED_EDGE('',*,*,#571,.F.);
#394=ORIENTED_EDGE('',*,*,#572,.F.);
#395=ORIENTED_EDGE('',*,*,#632,.F.);
#396=ORIENTED_EDGE('',*,*,#633,.F.);
#397=ORIENTED_EDGE('',*,*,#634,.F.);
#398=ORIENTED_EDGE('',*,*,#635,.F.);
#399=ORIENTED_EDGE('',*,*,#603,.T.);
#400=ORIENTED_EDGE('',*,*,#584,.F.);
#401=ORIENTED_EDGE('',*,*,#630,.T.);
#402=ORIENTED_EDGE('',*,*,#613,.T.);
#403=ORIENTED_EDGE('',*,*,#586,.T.);
#404=ORIENTED_EDGE('',*,*,#605,.F.);
#405=ORIENTED_EDGE('',*,*,#636,.T.);
#406=ORIENTED_EDGE('',*,*,#637,.T.);
#407=ORIENTED_EDGE('',*,*,#638,.T.);
#408=ORIENTED_EDGE('',*,*,#638,.F.);
#409=ORIENTED_EDGE('',*,*,#639,.F.);
#410=ORIENTED_EDGE('',*,*,#633,.T.);
#411=ORIENTED_EDGE('',*,*,#631,.T.);
#412=ORIENTED_EDGE('',*,*,#637,.F.);
#413=ORIENTED_EDGE('',*,*,#640,.F.);
#414=ORIENTED_EDGE('',*,*,#634,.T.);
#415=ORIENTED_EDGE('',*,*,#639,.T.);
#416=ORIENTED_EDGE('',*,*,#636,.F.);
#417=ORIENTED_EDGE('',*,*,#604,.F.);
#418=ORIENTED_EDGE('',*,*,#635,.T.);
#419=ORIENTED_EDGE('',*,*,#640,.T.);
#420=ORIENTED_EDGE('',*,*,#569,.F.);
#421=ORIENTED_EDGE('',*,*,#641,.F.);
#422=ORIENTED_EDGE('',*,*,#642,.F.);
#423=ORIENTED_EDGE('',*,*,#643,.T.);
#424=ORIENTED_EDGE('',*,*,#565,.F.);
#425=ORIENTED_EDGE('',*,*,#566,.F.);
#426=ORIENTED_EDGE('',*,*,#643,.F.);
#427=ORIENTED_EDGE('',*,*,#644,.F.);
#428=ORIENTED_EDGE('',*,*,#645,.F.);
#429=ORIENTED_EDGE('',*,*,#646,.F.);
#430=ORIENTED_EDGE('',*,*,#600,.T.);
#431=ORIENTED_EDGE('',*,*,#581,.F.);
#432=ORIENTED_EDGE('',*,*,#641,.T.);
#433=ORIENTED_EDGE('',*,*,#568,.T.);
#434=ORIENTED_EDGE('',*,*,#583,.T.);
#435=ORIENTED_EDGE('',*,*,#602,.F.);
#436=ORIENTED_EDGE('',*,*,#647,.T.);
#437=ORIENTED_EDGE('',*,*,#648,.T.);
#438=ORIENTED_EDGE('',*,*,#649,.T.);
#439=ORIENTED_EDGE('',*,*,#649,.F.);
#440=ORIENTED_EDGE('',*,*,#650,.F.);
#441=ORIENTED_EDGE('',*,*,#644,.T.);
#442=ORIENTED_EDGE('',*,*,#642,.T.);
#443=ORIENTED_EDGE('',*,*,#648,.F.);
#444=ORIENTED_EDGE('',*,*,#651,.F.);
#445=ORIENTED_EDGE('',*,*,#645,.T.);
#446=ORIENTED_EDGE('',*,*,#650,.T.);
#447=ORIENTED_EDGE('',*,*,#647,.F.);
#448=ORIENTED_EDGE('',*,*,#601,.F.);
#449=ORIENTED_EDGE('',*,*,#646,.T.);
#450=ORIENTED_EDGE('',*,*,#651,.T.);
#451=ORIENTED_EDGE('',*,*,#563,.F.);
#452=ORIENTED_EDGE('',*,*,#652,.F.);
#453=ORIENTED_EDGE('',*,*,#653,.F.);
#454=ORIENTED_EDGE('',*,*,#654,.T.);
#455=ORIENTED_EDGE('',*,*,#559,.F.);
#456=ORIENTED_EDGE('',*,*,#560,.F.);
#457=ORIENTED_EDGE('',*,*,#654,.F.);
#458=ORIENTED_EDGE('',*,*,#655,.F.);
#459=ORIENTED_EDGE('',*,*,#656,.F.);
#460=ORIENTED_EDGE('',*,*,#657,.F.);
#461=ORIENTED_EDGE('',*,*,#597,.T.);
#462=ORIENTED_EDGE('',*,*,#578,.F.);
#463=ORIENTED_EDGE('',*,*,#652,.T.);
#464=ORIENTED_EDGE('',*,*,#562,.T.);
#465=ORIENTED_EDGE('',*,*,#580,.T.);
#466=ORIENTED_EDGE('',*,*,#599,.F.);
#467=ORIENTED_EDGE('',*,*,#658,.T.);
#468=ORIENTED_EDGE('',*,*,#659,.T.);
#469=ORIENTED_EDGE('',*,*,#660,.T.);
#470=ORIENTED_EDGE('',*,*,#660,.F.);
#471=ORIENTED_EDGE('',*,*,#661,.F.);
#472=ORIENTED_EDGE('',*,*,#655,.T.);
#473=ORIENTED_EDGE('',*,*,#653,.T.);
#474=ORIENTED_EDGE('',*,*,#659,.F.);
#475=ORIENTED_EDGE('',*,*,#662,.F.);
#476=ORIENTED_EDGE('',*,*,#656,.T.);
#477=ORIENTED_EDGE('',*,*,#661,.T.);
#478=ORIENTED_EDGE('',*,*,#658,.F.);
#479=ORIENTED_EDGE('',*,*,#598,.F.);
#480=ORIENTED_EDGE('',*,*,#657,.T.);
#481=ORIENTED_EDGE('',*,*,#662,.T.);
#482=ORIENTED_EDGE('',*,*,#557,.F.);
#483=ORIENTED_EDGE('',*,*,#663,.F.);
#484=ORIENTED_EDGE('',*,*,#664,.F.);
#485=ORIENTED_EDGE('',*,*,#665,.T.);
#486=ORIENTED_EDGE('',*,*,#553,.F.);
#487=ORIENTED_EDGE('',*,*,#554,.F.);
#488=ORIENTED_EDGE('',*,*,#665,.F.);
#489=ORIENTED_EDGE('',*,*,#666,.F.);
#490=ORIENTED_EDGE('',*,*,#667,.F.);
#491=ORIENTED_EDGE('',*,*,#668,.F.);
#492=ORIENTED_EDGE('',*,*,#594,.T.);
#493=ORIENTED_EDGE('',*,*,#575,.F.);
#494=ORIENTED_EDGE('',*,*,#663,.T.);
#495=ORIENTED_EDGE('',*,*,#556,.T.);
#496=ORIENTED_EDGE('',*,*,#577,.T.);
#497=ORIENTED_EDGE('',*,*,#596,.F.);
#498=ORIENTED_EDGE('',*,*,#669,.T.);
#499=ORIENTED_EDGE('',*,*,#670,.T.);
#500=ORIENTED_EDGE('',*,*,#671,.T.);
#501=ORIENTED_EDGE('',*,*,#671,.F.);
#502=ORIENTED_EDGE('',*,*,#672,.F.);
#503=ORIENTED_EDGE('',*,*,#666,.T.);
#504=ORIENTED_EDGE('',*,*,#664,.T.);
#505=ORIENTED_EDGE('',*,*,#670,.F.);
#506=ORIENTED_EDGE('',*,*,#673,.F.);
#507=ORIENTED_EDGE('',*,*,#667,.T.);
#508=ORIENTED_EDGE('',*,*,#672,.T.);
#509=ORIENTED_EDGE('',*,*,#669,.F.);
#510=ORIENTED_EDGE('',*,*,#595,.F.);
#511=ORIENTED_EDGE('',*,*,#668,.T.);
#512=ORIENTED_EDGE('',*,*,#673,.T.);
#513=ORIENTED_EDGE('',*,*,#551,.F.);
#514=ORIENTED_EDGE('',*,*,#674,.F.);
#515=ORIENTED_EDGE('',*,*,#675,.F.);
#516=ORIENTED_EDGE('',*,*,#676,.T.);
#517=ORIENTED_EDGE('',*,*,#545,.F.);
#518=ORIENTED_EDGE('',*,*,#546,.F.);
#519=ORIENTED_EDGE('',*,*,#676,.F.);
#520=ORIENTED_EDGE('',*,*,#677,.F.);
#521=ORIENTED_EDGE('',*,*,#678,.F.);
#522=ORIENTED_EDGE('',*,*,#679,.F.);
#523=ORIENTED_EDGE('',*,*,#591,.T.);
#524=ORIENTED_EDGE('',*,*,#617,.F.);
#525=ORIENTED_EDGE('',*,*,#674,.T.);
#526=ORIENTED_EDGE('',*,*,#550,.T.);
#527=ORIENTED_EDGE('',*,*,#574,.T.);
#528=ORIENTED_EDGE('',*,*,#593,.F.);
#529=ORIENTED_EDGE('',*,*,#680,.T.);
#530=ORIENTED_EDGE('',*,*,#681,.T.);
#531=ORIENTED_EDGE('',*,*,#682,.T.);
#532=ORIENTED_EDGE('',*,*,#682,.F.);
#533=ORIENTED_EDGE('',*,*,#683,.F.);
#534=ORIENTED_EDGE('',*,*,#677,.T.);
#535=ORIENTED_EDGE('',*,*,#675,.T.);
#536=ORIENTED_EDGE('',*,*,#681,.F.);
#537=ORIENTED_EDGE('',*,*,#684,.F.);
#538=ORIENTED_EDGE('',*,*,#678,.T.);
#539=ORIENTED_EDGE('',*,*,#683,.T.);
#540=ORIENTED_EDGE('',*,*,#680,.F.);
#541=ORIENTED_EDGE('',*,*,#592,.F.);
#542=ORIENTED_EDGE('',*,*,#679,.T.);
#543=ORIENTED_EDGE('',*,*,#684,.T.);
#544=EDGE_CURVE('',#685,#686,#778,.T.);
#545=EDGE_CURVE('',#685,#687,#226,.T.);
#546=EDGE_CURVE('',#687,#688,#227,.T.);
#547=EDGE_CURVE('',#688,#689,#779,.T.);
#548=EDGE_CURVE('',#690,#689,#228,.T.);
#549=EDGE_CURVE('',#690,#686,#229,.T.);
#550=EDGE_CURVE('',#691,#692,#230,.T.);
#551=EDGE_CURVE('',#691,#685,#231,.T.);
#552=EDGE_CURVE('',#693,#685,#780,.T.);
#553=EDGE_CURVE('',#693,#694,#232,.T.);
#554=EDGE_CURVE('',#694,#695,#233,.T.);
#555=EDGE_CURVE('',#695,#692,#781,.T.);
#556=EDGE_CURVE('',#696,#697,#234,.T.);
#557=EDGE_CURVE('',#696,#693,#235,.T.);
#558=EDGE_CURVE('',#698,#693,#782,.T.);
#559=EDGE_CURVE('',#698,#699,#236,.T.);
#560=EDGE_CURVE('',#699,#700,#237,.T.);
#561=EDGE_CURVE('',#700,#697,#783,.T.);
#562=EDGE_CURVE('',#701,#702,#238,.T.);
#563=EDGE_CURVE('',#701,#698,#239,.T.);
#564=EDGE_CURVE('',#703,#698,#784,.T.);
#565=EDGE_CURVE('',#703,#704,#240,.T.);
#566=EDGE_CURVE('',#704,#705,#241,.T.);
#567=EDGE_CURVE('',#705,#702,#785,.T.);
#568=EDGE_CURVE('',#706,#707,#242,.T.);
#569=EDGE_CURVE('',#706,#703,#243,.T.);
#570=EDGE_CURVE('',#708,#703,#786,.T.);
#571=EDGE_CURVE('',#708,#709,#244,.T.);
#572=EDGE_CURVE('',#709,#710,#245,.T.);
#573=EDGE_CURVE('',#710,#707,#787,.T.);
#574=EDGE_CURVE('',#692,#711,#50,.T.);
#575=EDGE_CURVE('',#695,#712,#51,.T.);
#576=EDGE_CURVE('',#712,#711,#788,.T.);
#577=EDGE_CURVE('',#697,#713,#52,.T.);
#578=EDGE_CURVE('',#700,#714,#53,.T.);
#579=EDGE_CURVE('',#714,#713,#789,.T.);
#580=EDGE_CURVE('',#702,#715,#54,.T.);
#581=EDGE_CURVE('',#705,#716,#55,.T.);
#582=EDGE_CURVE('',#716,#715,#790,.T.);
#583=EDGE_CURVE('',#707,#717,#56,.T.);
#584=EDGE_CURVE('',#710,#718,#57,.T.);
#585=EDGE_CURVE('',#718,#717,#791,.T.);
#586=EDGE_CURVE('',#719,#720,#58,.T.);
#587=EDGE_CURVE('',#721,#719,#792,.T.);
#588=EDGE_CURVE('',#721,#722,#59,.T.);
#589=EDGE_CURVE('',#722,#720,#793,.T.);
#590=EDGE_CURVE('',#723,#724,#794,.T.);
#591=EDGE_CURVE('',#725,#723,#60,.T.);
#592=EDGE_CURVE('',#725,#726,#61,.T.);
#593=EDGE_CURVE('',#726,#711,#62,.T.);
#594=EDGE_CURVE('',#727,#712,#63,.T.);
#595=EDGE_CURVE('',#727,#728,#64,.T.);
#596=EDGE_CURVE('',#728,#713,#65,.T.);
#597=EDGE_CURVE('',#729,#714,#66,.T.);
#598=EDGE_CURVE('',#729,#730,#67,.T.);
#599=EDGE_CURVE('',#730,#715,#68,.T.);
#600=EDGE_CURVE('',#731,#716,#69,.T.);
#601=EDGE_CURVE('',#731,#732,#70,.T.);
#602=EDGE_CURVE('',#732,#717,#71,.T.);
#603=EDGE_CURVE('',#733,#718,#72,.T.);
#604=EDGE_CURVE('',#733,#734,#73,.T.);
#605=EDGE_CURVE('',#734,#720,#74,.T.);
#606=EDGE_CURVE('',#735,#722,#75,.T.);
#607=EDGE_CURVE('',#735,#736,#76,.T.);
#608=EDGE_CURVE('',#736,#724,#77,.T.);
#609=EDGE_CURVE('',#737,#737,#795,.T.);
#610=EDGE_CURVE('',#738,#738,#796,.T.);
#611=EDGE_CURVE('',#739,#739,#797,.T.);
#612=EDGE_CURVE('',#686,#708,#798,.T.);
#613=EDGE_CURVE('',#740,#719,#246,.T.);
#614=EDGE_CURVE('',#740,#708,#247,.T.);
#615=EDGE_CURVE('',#686,#741,#248,.T.);
#616=EDGE_CURVE('',#741,#721,#249,.T.);
#617=EDGE_CURVE('',#688,#723,#78,.T.);
#618=EDGE_CURVE('',#689,#724,#79,.T.);
#619=EDGE_CURVE('',#742,#690,#80,.T.);
#620=EDGE_CURVE('',#743,#742,#81,.T.);
#621=EDGE_CURVE('',#743,#741,#82,.T.);
#622=EDGE_CURVE('',#744,#743,#83,.T.);
#623=EDGE_CURVE('',#745,#744,#250,.T.);
#624=EDGE_CURVE('',#735,#745,#84,.T.);
#625=EDGE_CURVE('',#736,#746,#85,.T.);
#626=EDGE_CURVE('',#746,#747,#251,.T.);
#627=EDGE_CURVE('',#747,#742,#86,.T.);
#628=EDGE_CURVE('',#744,#747,#87,.T.);
#629=EDGE_CURVE('',#745,#746,#88,.T.);
#630=EDGE_CURVE('',#748,#740,#89,.T.);
#631=EDGE_CURVE('',#749,#748,#90,.T.);
#632=EDGE_CURVE('',#749,#709,#91,.T.);
#633=EDGE_CURVE('',#750,#749,#92,.T.);
#634=EDGE_CURVE('',#751,#750,#252,.T.);
#635=EDGE_CURVE('',#733,#751,#93,.T.);
#636=EDGE_CURVE('',#734,#752,#94,.T.);
#637=EDGE_CURVE('',#752,#753,#253,.T.);
#638=EDGE_CURVE('',#753,#748,#95,.T.);
#639=EDGE_CURVE('',#750,#753,#96,.T.);
#640=EDGE_CURVE('',#751,#752,#97,.T.);
#641=EDGE_CURVE('',#754,#706,#98,.T.);
#642=EDGE_CURVE('',#755,#754,#99,.T.);
#643=EDGE_CURVE('',#755,#704,#100,.T.);
#644=EDGE_CURVE('',#756,#755,#101,.T.);
#645=EDGE_CURVE('',#757,#756,#254,.T.);
#646=EDGE_CURVE('',#731,#757,#102,.T.);
#647=EDGE_CURVE('',#732,#758,#103,.T.);
#648=EDGE_CURVE('',#758,#759,#255,.T.);
#649=EDGE_CURVE('',#759,#754,#104,.T.);
#650=EDGE_CURVE('',#756,#759,#105,.T.);
#651=EDGE_CURVE('',#757,#758,#106,.T.);
#652=EDGE_CURVE('',#760,#701,#107,.T.);
#653=EDGE_CURVE('',#761,#760,#108,.T.);
#654=EDGE_CURVE('',#761,#699,#109,.T.);
#655=EDGE_CURVE('',#762,#761,#110,.T.);
#656=EDGE_CURVE('',#763,#762,#256,.T.);
#657=EDGE_CURVE('',#729,#763,#111,.T.);
#658=EDGE_CURVE('',#730,#764,#112,.T.);
#659=EDGE_CURVE('',#764,#765,#257,.T.);
#660=EDGE_CURVE('',#765,#760,#113,.T.);
#661=EDGE_CURVE('',#762,#765,#114,.T.);
#662=EDGE_CURVE('',#763,#764,#115,.T.);
#663=EDGE_CURVE('',#766,#696,#116,.T.);
#664=EDGE_CURVE('',#767,#766,#117,.T.);
#665=EDGE_CURVE('',#767,#694,#118,.T.);
#666=EDGE_CURVE('',#768,#767,#119,.T.);
#667=EDGE_CURVE('',#769,#768,#258,.T.);
#668=EDGE_CURVE('',#727,#769,#120,.T.);
#669=EDGE_CURVE('',#728,#770,#121,.T.);
#670=EDGE_CURVE('',#770,#771,#259,.T.);
#671=EDGE_CURVE('',#771,#766,#122,.T.);
#672=EDGE_CURVE('',#768,#771,#123,.T.);
#673=EDGE_CURVE('',#769,#770,#124,.T.);
#674=EDGE_CURVE('',#772,#691,#125,.T.);
#675=EDGE_CURVE('',#773,#772,#126,.T.);
#676=EDGE_CURVE('',#773,#687,#127,.T.);
#677=EDGE_CURVE('',#774,#773,#128,.T.);
#678=EDGE_CURVE('',#775,#774,#260,.T.);
#679=EDGE_CURVE('',#725,#775,#129,.T.);
#680=EDGE_CURVE('',#726,#776,#130,.T.);
#681=EDGE_CURVE('',#776,#777,#261,.T.);
#682=EDGE_CURVE('',#777,#772,#131,.T.);
#683=EDGE_CURVE('',#774,#777,#132,.T.);
#684=EDGE_CURVE('',#775,#776,#133,.T.);
#685=VERTEX_POINT('',#1266);
#686=VERTEX_POINT('',#1267);
#687=VERTEX_POINT('',#1272);
#688=VERTEX_POINT('',#1283);
#689=VERTEX_POINT('',#1285);
#690=VERTEX_POINT('',#1296);
#691=VERTEX_POINT('',#1327);
#692=VERTEX_POINT('',#1328);
#693=VERTEX_POINT('',#1334);
#694=VERTEX_POINT('',#1339);
#695=VERTEX_POINT('',#1350);
#696=VERTEX_POINT('',#1378);
#697=VERTEX_POINT('',#1379);
#698=VERTEX_POINT('',#1385);
#699=VERTEX_POINT('',#1390);
#700=VERTEX_POINT('',#1401);
#701=VERTEX_POINT('',#1429);
#702=VERTEX_POINT('',#1430);
#703=VERTEX_POINT('',#1436);
#704=VERTEX_POINT('',#1441);
#705=VERTEX_POINT('',#1452);
#706=VERTEX_POINT('',#1480);
#707=VERTEX_POINT('',#1481);
#708=VERTEX_POINT('',#1487);
#709=VERTEX_POINT('',#1492);
#710=VERTEX_POINT('',#1503);
#711=VERTEX_POINT('',#1507);
#712=VERTEX_POINT('',#1509);
#713=VERTEX_POINT('',#1513);
#714=VERTEX_POINT('',#1515);
#715=VERTEX_POINT('',#1519);
#716=VERTEX_POINT('',#1521);
#717=VERTEX_POINT('',#1525);
#718=VERTEX_POINT('',#1527);
#719=VERTEX_POINT('',#1531);
#720=VERTEX_POINT('',#1532);
#721=VERTEX_POINT('',#1534);
#722=VERTEX_POINT('',#1536);
#723=VERTEX_POINT('',#1540);
#724=VERTEX_POINT('',#1541);
#725=VERTEX_POINT('',#1543);
#726=VERTEX_POINT('',#1545);
#727=VERTEX_POINT('',#1548);
#728=VERTEX_POINT('',#1550);
#729=VERTEX_POINT('',#1553);
#730=VERTEX_POINT('',#1555);
#731=VERTEX_POINT('',#1558);
#732=VERTEX_POINT('',#1560);
#733=VERTEX_POINT('',#1563);
#734=VERTEX_POINT('',#1565);
#735=VERTEX_POINT('',#1568);
#736=VERTEX_POINT('',#1570);
#737=VERTEX_POINT('',#1573);
#738=VERTEX_POINT('',#1576);
#739=VERTEX_POINT('',#1654);
#740=VERTEX_POINT('',#1683);
#741=VERTEX_POINT('',#1692);
#742=VERTEX_POINT('',#1708);
#743=VERTEX_POINT('',#1710);
#744=VERTEX_POINT('',#1714);
#745=VERTEX_POINT('',#1719);
#746=VERTEX_POINT('',#1723);
#747=VERTEX_POINT('',#1728);
#748=VERTEX_POINT('',#1744);
#749=VERTEX_POINT('',#1746);
#750=VERTEX_POINT('',#1750);
#751=VERTEX_POINT('',#1755);
#752=VERTEX_POINT('',#1759);
#753=VERTEX_POINT('',#1764);
#754=VERTEX_POINT('',#1780);
#755=VERTEX_POINT('',#1782);
#756=VERTEX_POINT('',#1786);
#757=VERTEX_POINT('',#1791);
#758=VERTEX_POINT('',#1795);
#759=VERTEX_POINT('',#1800);
#760=VERTEX_POINT('',#1816);
#761=VERTEX_POINT('',#1818);
#762=VERTEX_POINT('',#1822);
#763=VERTEX_POINT('',#1827);
#764=VERTEX_POINT('',#1831);
#765=VERTEX_POINT('',#1836);
#766=VERTEX_POINT('',#1852);
#767=VERTEX_POINT('',#1854);
#768=VERTEX_POINT('',#1858);
#769=VERTEX_POINT('',#1863);
#770=VERTEX_POINT('',#1867);
#771=VERTEX_POINT('',#1872);
#772=VERTEX_POINT('',#1888);
#773=VERTEX_POINT('',#1890);
#774=VERTEX_POINT('',#1894);
#775=VERTEX_POINT('',#1899);
#776=VERTEX_POINT('',#1903);
#777=VERTEX_POINT('',#1908);
#778=CIRCLE('',#982,0.0160000000000439);
#779=CIRCLE('',#983,0.0443486471045059);
#780=CIRCLE('',#984,0.0160000000000439);
#781=CIRCLE('',#985,0.0443486471045059);
#782=CIRCLE('',#986,0.0160000000000439);
#783=CIRCLE('',#987,0.0443486471045059);
#784=CIRCLE('',#988,0.0160000000000439);
#785=CIRCLE('',#989,0.0443486471045059);
#786=CIRCLE('',#990,0.0160000000000439);
#787=CIRCLE('',#991,0.0443486471045059);
#788=CIRCLE('',#993,0.0443486471045059);
#789=CIRCLE('',#995,0.0443486471045059);
#790=CIRCLE('',#997,0.0443486471045059);
#791=CIRCLE('',#999,0.0443486471045059);
#792=CIRCLE('',#1001,0.0443486471045059);
#793=CIRCLE('',#1002,0.0443486471045059);
#794=CIRCLE('',#1004,0.0443486471045059);
#795=CIRCLE('',#1005,0.04585);
#796=CIRCLE('',#1007,0.04585);
#797=CIRCLE('',#1008,0.016);
#798=CIRCLE('',#1010,0.0160000000000439);
#799=EDGE_LOOP('',(#262,#263,#264,#265,#266,#267));
#800=EDGE_LOOP('',(#268,#269,#270,#271,#272,#273));
#801=EDGE_LOOP('',(#274,#275,#276,#277,#278,#279));
#802=EDGE_LOOP('',(#280,#281,#282,#283,#284,#285));
#803=EDGE_LOOP('',(#286,#287,#288,#289,#290,#291));
#804=EDGE_LOOP('',(#292,#293,#294,#295));
#805=EDGE_LOOP('',(#296,#297,#298,#299));
#806=EDGE_LOOP('',(#300,#301,#302,#303));
#807=EDGE_LOOP('',(#304,#305,#306,#307));
#808=EDGE_LOOP('',(#308,#309,#310,#311));
#809=EDGE_LOOP('',(#312,#313,#314,#315,#316,#317,#318,#319,#320,#321,#322,
#323,#324,#325,#326,#327,#328,#329,#330,#331,#332,#333,#334,#335));
#810=EDGE_LOOP('',(#336));
#811=EDGE_LOOP('',(#337));
#812=EDGE_LOOP('',(#338));
#813=EDGE_LOOP('',(#339));
#814=EDGE_LOOP('',(#340));
#815=EDGE_LOOP('',(#341));
#816=EDGE_LOOP('',(#342,#343,#344,#345,#346,#347));
#817=EDGE_LOOP('',(#348,#349,#350,#351,#352,#353));
#818=EDGE_LOOP('',(#354,#355,#356,#357));
#819=EDGE_LOOP('',(#358,#359,#360,#361,#362));
#820=EDGE_LOOP('',(#363,#364,#365,#366,#367,#368,#369));
#821=EDGE_LOOP('',(#370,#371,#372,#373,#374,#375,#376));
#822=EDGE_LOOP('',(#377,#378,#379,#380));
#823=EDGE_LOOP('',(#381,#382,#383,#384));
#824=EDGE_LOOP('',(#385,#386,#387,#388));
#825=EDGE_LOOP('',(#389,#390,#391,#392,#393));
#826=EDGE_LOOP('',(#394,#395,#396,#397,#398,#399,#400));
#827=EDGE_LOOP('',(#401,#402,#403,#404,#405,#406,#407));
#828=EDGE_LOOP('',(#408,#409,#410,#411));
#829=EDGE_LOOP('',(#412,#413,#414,#415));
#830=EDGE_LOOP('',(#416,#417,#418,#419));
#831=EDGE_LOOP('',(#420,#421,#422,#423,#424));
#832=EDGE_LOOP('',(#425,#426,#427,#428,#429,#430,#431));
#833=EDGE_LOOP('',(#432,#433,#434,#435,#436,#437,#438));
#834=EDGE_LOOP('',(#439,#440,#441,#442));
#835=EDGE_LOOP('',(#443,#444,#445,#446));
#836=EDGE_LOOP('',(#447,#448,#449,#450));
#837=EDGE_LOOP('',(#451,#452,#453,#454,#455));
#838=EDGE_LOOP('',(#456,#457,#458,#459,#460,#461,#462));
#839=EDGE_LOOP('',(#463,#464,#465,#466,#467,#468,#469));
#840=EDGE_LOOP('',(#470,#471,#472,#473));
#841=EDGE_LOOP('',(#474,#475,#476,#477));
#842=EDGE_LOOP('',(#478,#479,#480,#481));
#843=EDGE_LOOP('',(#482,#483,#484,#485,#486));
#844=EDGE_LOOP('',(#487,#488,#489,#490,#491,#492,#493));
#845=EDGE_LOOP('',(#494,#495,#496,#497,#498,#499,#500));
#846=EDGE_LOOP('',(#501,#502,#503,#504));
#847=EDGE_LOOP('',(#505,#506,#507,#508));
#848=EDGE_LOOP('',(#509,#510,#511,#512));
#849=EDGE_LOOP('',(#513,#514,#515,#516,#517));
#850=EDGE_LOOP('',(#518,#519,#520,#521,#522,#523,#524));
#851=EDGE_LOOP('',(#525,#526,#527,#528,#529,#530,#531));
#852=EDGE_LOOP('',(#532,#533,#534,#535));
#853=EDGE_LOOP('',(#536,#537,#538,#539));
#854=EDGE_LOOP('',(#540,#541,#542,#543));
#855=FACE_BOUND('',#799,.T.);
#856=FACE_BOUND('',#800,.T.);
#857=FACE_BOUND('',#801,.T.);
#858=FACE_BOUND('',#802,.T.);
#859=FACE_BOUND('',#803,.T.);
#860=FACE_BOUND('',#804,.T.);
#861=FACE_BOUND('',#805,.T.);
#862=FACE_BOUND('',#806,.T.);
#863=FACE_BOUND('',#807,.T.);
#864=FACE_BOUND('',#808,.T.);
#865=FACE_BOUND('',#809,.T.);
#866=FACE_BOUND('',#810,.T.);
#867=FACE_BOUND('',#811,.T.);
#868=FACE_BOUND('',#812,.T.);
#869=FACE_BOUND('',#813,.T.);
#870=FACE_BOUND('',#814,.T.);
#871=FACE_BOUND('',#815,.T.);
#872=FACE_BOUND('',#816,.T.);
#873=FACE_BOUND('',#817,.T.);
#874=FACE_BOUND('',#818,.T.);
#875=FACE_BOUND('',#819,.T.);
#876=FACE_BOUND('',#820,.T.);
#877=FACE_BOUND('',#821,.T.);
#878=FACE_BOUND('',#822,.T.);
#879=FACE_BOUND('',#823,.T.);
#880=FACE_BOUND('',#824,.T.);
#881=FACE_BOUND('',#825,.T.);
#882=FACE_BOUND('',#826,.T.);
#883=FACE_BOUND('',#827,.T.);
#884=FACE_BOUND('',#828,.T.);
#885=FACE_BOUND('',#829,.T.);
#886=FACE_BOUND('',#830,.T.);
#887=FACE_BOUND('',#831,.T.);
#888=FACE_BOUND('',#832,.T.);
#889=FACE_BOUND('',#833,.T.);
#890=FACE_BOUND('',#834,.T.);
#891=FACE_BOUND('',#835,.T.);
#892=FACE_BOUND('',#836,.T.);
#893=FACE_BOUND('',#837,.T.);
#894=FACE_BOUND('',#838,.T.);
#895=FACE_BOUND('',#839,.T.);
#896=FACE_BOUND('',#840,.T.);
#897=FACE_BOUND('',#841,.T.);
#898=FACE_BOUND('',#842,.T.);
#899=FACE_BOUND('',#843,.T.);
#900=FACE_BOUND('',#844,.T.);
#901=FACE_BOUND('',#845,.T.);
#902=FACE_BOUND('',#846,.T.);
#903=FACE_BOUND('',#847,.T.);
#904=FACE_BOUND('',#848,.T.);
#905=FACE_BOUND('',#849,.T.);
#906=FACE_BOUND('',#850,.T.);
#907=FACE_BOUND('',#851,.T.);
#908=FACE_BOUND('',#852,.T.);
#909=FACE_BOUND('',#853,.T.);
#910=FACE_BOUND('',#854,.T.);
#911=(
BOUNDED_SURFACE()
B_SPLINE_SURFACE(3,3,((#1249,#1250,#1251,#1252),(#1253,#1254,#1255,#1256),
(#1257,#1258,#1259,#1260),(#1261,#1262,#1263,#1264)),
 .SURF_OF_REVOLUTION.,.F.,.F.,.F.)
B_SPLINE_SURFACE_WITH_KNOTS((4,4),(4,4),(0.,0.377276316500071),(0.,1.),
 .PIECEWISE_BEZIER_KNOTS.)
GEOMETRIC_REPRESENTATION_ITEM()
RATIONAL_B_SPLINE_SURFACE(((1.,0.908577824801084,0.908577824801084,1.),
(1.,0.908577824801084,0.908577824801084,1.),(1.,0.908577824801084,0.908577824801084,
1.),(1.,0.908577824801084,0.908577824801084,1.)))
REPRESENTATION_ITEM('')
SURFACE()
);
#912=(
BOUNDED_SURFACE()
B_SPLINE_SURFACE(3,3,((#1301,#1302,#1303,#1304),(#1305,#1306,#1307,#1308),
(#1309,#1310,#1311,#1312),(#1313,#1314,#1315,#1316)),
 .SURF_OF_REVOLUTION.,.F.,.F.,.F.)
B_SPLINE_SURFACE_WITH_KNOTS((4,4),(4,4),(0.,0.37727631649972),(0.,1.),
 .PIECEWISE_BEZIER_KNOTS.)
GEOMETRIC_REPRESENTATION_ITEM()
RATIONAL_B_SPLINE_SURFACE(((1.,0.908577824801083,0.908577824801083,1.),
(1.,0.908577824801083,0.908577824801083,1.),(1.,0.908577824801083,0.908577824801083,
1.),(1.,0.908577824801083,0.908577824801083,1.)))
REPRESENTATION_ITEM('')
SURFACE()
);
#913=(
BOUNDED_SURFACE()
B_SPLINE_SURFACE(3,3,((#1352,#1353,#1354,#1355),(#1356,#1357,#1358,#1359),
(#1360,#1361,#1362,#1363),(#1364,#1365,#1366,#1367)),
 .SURF_OF_REVOLUTION.,.F.,.F.,.F.)
B_SPLINE_SURFACE_WITH_KNOTS((4,4),(4,4),(0.,0.37727631649972),(0.,1.),
 .PIECEWISE_BEZIER_KNOTS.)
GEOMETRIC_REPRESENTATION_ITEM()
RATIONAL_B_SPLINE_SURFACE(((1.,0.908577824801083,0.908577824801083,1.),
(1.,0.908577824801083,0.908577824801083,1.),(1.,0.908577824801083,0.908577824801083,
1.),(1.,0.908577824801083,0.908577824801083,1.)))
REPRESENTATION_ITEM('')
SURFACE()
);
#914=(
BOUNDED_SURFACE()
B_SPLINE_SURFACE(3,3,((#1403,#1404,#1405,#1406),(#1407,#1408,#1409,#1410),
(#1411,#1412,#1413,#1414),(#1415,#1416,#1417,#1418)),
 .SURF_OF_REVOLUTION.,.F.,.F.,.F.)
B_SPLINE_SURFACE_WITH_KNOTS((4,4),(4,4),(0.,0.37727631649972),(0.,1.),
 .PIECEWISE_BEZIER_KNOTS.)
GEOMETRIC_REPRESENTATION_ITEM()
RATIONAL_B_SPLINE_SURFACE(((1.,0.908577824801083,0.908577824801083,1.),
(1.,0.908577824801083,0.908577824801083,1.),(1.,0.908577824801083,0.908577824801083,
1.),(1.,0.908577824801083,0.908577824801083,1.)))
REPRESENTATION_ITEM('')
SURFACE()
);
#915=(
BOUNDED_SURFACE()
B_SPLINE_SURFACE(3,3,((#1454,#1455,#1456,#1457),(#1458,#1459,#1460,#1461),
(#1462,#1463,#1464,#1465),(#1466,#1467,#1468,#1469)),
 .SURF_OF_REVOLUTION.,.F.,.F.,.F.)
B_SPLINE_SURFACE_WITH_KNOTS((4,4),(4,4),(0.,0.37727631649972),(0.,1.),
 .PIECEWISE_BEZIER_KNOTS.)
GEOMETRIC_REPRESENTATION_ITEM()
RATIONAL_B_SPLINE_SURFACE(((1.,0.908577824801083,0.908577824801083,1.),
(1.,0.908577824801083,0.908577824801083,1.),(1.,0.908577824801083,0.908577824801083,
1.),(1.,0.908577824801083,0.908577824801083,1.)))
REPRESENTATION_ITEM('')
SURFACE()
);
#916=(
BOUNDED_SURFACE()
B_SPLINE_SURFACE(3,3,((#1657,#1658,#1659,#1660),(#1661,#1662,#1663,#1664),
(#1665,#1666,#1667,#1668),(#1669,#1670,#1671,#1672)),
 .SURF_OF_REVOLUTION.,.F.,.F.,.F.)
B_SPLINE_SURFACE_WITH_KNOTS((4,4),(4,4),(0.,0.377276316499816),(0.,1.),
 .PIECEWISE_BEZIER_KNOTS.)
GEOMETRIC_REPRESENTATION_ITEM()
RATIONAL_B_SPLINE_SURFACE(((1.,0.909633557587297,0.909633557587297,1.),
(1.,0.909633557587297,0.909633557587297,1.),(1.,0.909633557587297,0.909633557587297,
1.),(1.,0.909633557587297,0.909633557587297,1.)))
REPRESENTATION_ITEM('')
SURFACE()
);
#917=ADVANCED_FACE('',(#855),#911,.F.);
#918=ADVANCED_FACE('',(#856),#912,.F.);
#919=ADVANCED_FACE('',(#857),#913,.F.);
#920=ADVANCED_FACE('',(#858),#914,.F.);
#921=ADVANCED_FACE('',(#859),#915,.F.);
#922=ADVANCED_FACE('',(#860),#218,.F.);
#923=ADVANCED_FACE('',(#861),#219,.F.);
#924=ADVANCED_FACE('',(#862),#220,.F.);
#925=ADVANCED_FACE('',(#863),#221,.F.);
#926=ADVANCED_FACE('',(#864),#222,.F.);
#927=ADVANCED_FACE('',(#865,#866),#19,.F.);
#928=ADVANCED_FACE('',(#867,#868),#223,.T.);
#929=ADVANCED_FACE('',(#869,#870),#12,.T.);
#930=ADVANCED_FACE('',(#871,#872),#224,.F.);
#931=ADVANCED_FACE('',(#873),#916,.F.);
#932=ADVANCED_FACE('',(#874),#225,.F.);
#933=ADVANCED_FACE('',(#875),#20,.T.);
#934=ADVANCED_FACE('',(#876),#21,.T.);
#935=ADVANCED_FACE('',(#877),#22,.F.);
#936=ADVANCED_FACE('',(#878),#23,.T.);
#937=ADVANCED_FACE('',(#879),#13,.T.);
#938=ADVANCED_FACE('',(#880),#24,.T.);
#939=ADVANCED_FACE('',(#881),#25,.T.);
#940=ADVANCED_FACE('',(#882),#26,.T.);
#941=ADVANCED_FACE('',(#883),#27,.F.);
#942=ADVANCED_FACE('',(#884),#28,.T.);
#943=ADVANCED_FACE('',(#885),#14,.T.);
#944=ADVANCED_FACE('',(#886),#29,.T.);
#945=ADVANCED_FACE('',(#887),#30,.T.);
#946=ADVANCED_FACE('',(#888),#31,.T.);
#947=ADVANCED_FACE('',(#889),#32,.F.);
#948=ADVANCED_FACE('',(#890),#33,.T.);
#949=ADVANCED_FACE('',(#891),#15,.T.);
#950=ADVANCED_FACE('',(#892),#34,.T.);
#951=ADVANCED_FACE('',(#893),#35,.T.);
#952=ADVANCED_FACE('',(#894),#36,.T.);
#953=ADVANCED_FACE('',(#895),#37,.F.);
#954=ADVANCED_FACE('',(#896),#38,.T.);
#955=ADVANCED_FACE('',(#897),#16,.T.);
#956=ADVANCED_FACE('',(#898),#39,.T.);
#957=ADVANCED_FACE('',(#899),#40,.T.);
#958=ADVANCED_FACE('',(#900),#41,.T.);
#959=ADVANCED_FACE('',(#901),#42,.F.);
#960=ADVANCED_FACE('',(#902),#43,.T.);
#961=ADVANCED_FACE('',(#903),#17,.T.);
#962=ADVANCED_FACE('',(#904),#44,.T.);
#963=ADVANCED_FACE('',(#905),#45,.T.);
#964=ADVANCED_FACE('',(#906),#46,.T.);
#965=ADVANCED_FACE('',(#907),#47,.F.);
#966=ADVANCED_FACE('',(#908),#48,.T.);
#967=ADVANCED_FACE('',(#909),#18,.T.);
#968=ADVANCED_FACE('',(#910),#49,.T.);
#969=CLOSED_SHELL('',(#917,#918,#919,#920,#921,#922,#923,#924,#925,#926,
#927,#928,#929,#930,#931,#932,#933,#934,#935,#936,#937,#938,#939,#940,#941,
#942,#943,#944,#945,#946,#947,#948,#949,#950,#951,#952,#953,#954,#955,#956,
#957,#958,#959,#960,#961,#962,#963,#964,#965,#966,#967,#968));
#970=STYLED_ITEM('',(#971),#978);
#971=PRESENTATION_STYLE_ASSIGNMENT((#972));
#972=SURFACE_STYLE_USAGE(.BOTH.,#973);
#973=SURFACE_SIDE_STYLE('',(#974));
#974=SURFACE_STYLE_FILL_AREA(#975);
#975=FILL_AREA_STYLE('',(#976));
#976=FILL_AREA_STYLE_COLOUR('',#977);
#977=COLOUR_RGB('',0.701960784313725,0.701960784313725,0.701960784313725);
#978=MANIFOLD_SOLID_BREP('Nose Cone',#969);
#979=SHAPE_DEFINITION_REPRESENTATION(#1928,#980);
#980=SHAPE_REPRESENTATION('Nose Cone',(#981),#1923);
#981=AXIS2_PLACEMENT_3D('',#1248,#1042,#1043);
#982=AXIS2_PLACEMENT_3D('',#1265,#1044,#1045);
#983=AXIS2_PLACEMENT_3D('',#1284,#1046,#1047);
#984=AXIS2_PLACEMENT_3D('',#1333,#1048,#1049);
#985=AXIS2_PLACEMENT_3D('',#1351,#1050,#1051);
#986=AXIS2_PLACEMENT_3D('',#1384,#1052,#1053);
#987=AXIS2_PLACEMENT_3D('',#1402,#1054,#1055);
#988=AXIS2_PLACEMENT_3D('',#1435,#1056,#1057);
#989=AXIS2_PLACEMENT_3D('',#1453,#1058,#1059);
#990=AXIS2_PLACEMENT_3D('',#1486,#1060,#1061);
#991=AXIS2_PLACEMENT_3D('',#1504,#1062,#1063);
#992=AXIS2_PLACEMENT_3D('',#1505,#1064,#1065);
#993=AXIS2_PLACEMENT_3D('',#1510,#1068,#1069);
#994=AXIS2_PLACEMENT_3D('',#1511,#1070,#1071);
#995=AXIS2_PLACEMENT_3D('',#1516,#1074,#1075);
#996=AXIS2_PLACEMENT_3D('',#1517,#1076,#1077);
#997=AXIS2_PLACEMENT_3D('',#1522,#1080,#1081);
#998=AXIS2_PLACEMENT_3D('',#1523,#1082,#1083);
#999=AXIS2_PLACEMENT_3D('',#1528,#1086,#1087);
#1000=AXIS2_PLACEMENT_3D('',#1529,#1088,#1089);
#1001=AXIS2_PLACEMENT_3D('',#1533,#1091,#1092);
#1002=AXIS2_PLACEMENT_3D('',#1537,#1094,#1095);
#1003=AXIS2_PLACEMENT_3D('',#1538,#1096,#1097);
#1004=AXIS2_PLACEMENT_3D('',#1539,#1098,#1099);
#1005=AXIS2_PLACEMENT_3D('',#1572,#1118,#1119);
#1006=AXIS2_PLACEMENT_3D('',#1574,#1120,#1121);
#1007=AXIS2_PLACEMENT_3D('',#1575,#1122,#1123);
#1008=AXIS2_PLACEMENT_3D('',#1653,#1124,#1125);
#1009=AXIS2_PLACEMENT_3D('',#1655,#1126,#1127);
#1010=AXIS2_PLACEMENT_3D('',#1656,#1128,#1129);
#1011=AXIS2_PLACEMENT_3D('',#1703,#1130,#1131);
#1012=AXIS2_PLACEMENT_3D('',#1706,#1134,#1135);
#1013=AXIS2_PLACEMENT_3D('',#1712,#1139,#1140);
#1014=AXIS2_PLACEMENT_3D('',#1721,#1143,#1144);
#1015=AXIS2_PLACEMENT_3D('',#1730,#1147,#1148);
#1016=AXIS2_PLACEMENT_3D('',#1741,#1151,#1152);
#1017=AXIS2_PLACEMENT_3D('',#1742,#1153,#1154);
#1018=AXIS2_PLACEMENT_3D('',#1748,#1158,#1159);
#1019=AXIS2_PLACEMENT_3D('',#1757,#1162,#1163);
#1020=AXIS2_PLACEMENT_3D('',#1766,#1166,#1167);
#1021=AXIS2_PLACEMENT_3D('',#1777,#1170,#1171);
#1022=AXIS2_PLACEMENT_3D('',#1778,#1172,#1173);
#1023=AXIS2_PLACEMENT_3D('',#1784,#1177,#1178);
#1024=AXIS2_PLACEMENT_3D('',#1793,#1181,#1182);
#1025=AXIS2_PLACEMENT_3D('',#1802,#1185,#1186);
#1026=AXIS2_PLACEMENT_3D('',#1813,#1189,#1190);
#1027=AXIS2_PLACEMENT_3D('',#1814,#1191,#1192);
#1028=AXIS2_PLACEMENT_3D('',#1820,#1196,#1197);
#1029=AXIS2_PLACEMENT_3D('',#1829,#1200,#1201);
#1030=AXIS2_PLACEMENT_3D('',#1838,#1204,#1205);
#1031=AXIS2_PLACEMENT_3D('',#1849,#1208,#1209);
#1032=AXIS2_PLACEMENT_3D('',#1850,#1210,#1211);
#1033=AXIS2_PLACEMENT_3D('',#1856,#1215,#1216);
#1034=AXIS2_PLACEMENT_3D('',#1865,#1219,#1220);
#1035=AXIS2_PLACEMENT_3D('',#1874,#1223,#1224);
#1036=AXIS2_PLACEMENT_3D('',#1885,#1227,#1228);
#1037=AXIS2_PLACEMENT_3D('',#1886,#1229,#1230);
#1038=AXIS2_PLACEMENT_3D('',#1892,#1234,#1235);
#1039=AXIS2_PLACEMENT_3D('',#1901,#1238,#1239);
#1040=AXIS2_PLACEMENT_3D('',#1910,#1242,#1243);
#1041=AXIS2_PLACEMENT_3D('',#1921,#1246,#1247);
#1042=DIRECTION('',(0.,0.,1.));
#1043=DIRECTION('',(1.,0.,0.));
#1044=DIRECTION('',(0.,1.,0.));
#1045=DIRECTION('',(0.,0.,1.));
#1046=DIRECTION('',(0.,1.,0.));
#1047=DIRECTION('',(0.,0.,1.));
#1048=DIRECTION('',(0.,1.,0.));
#1049=DIRECTION('',(0.,0.,1.));
#1050=DIRECTION('',(0.,1.,0.));
#1051=DIRECTION('',(0.,0.,1.));
#1052=DIRECTION('',(0.,1.,0.));
#1053=DIRECTION('',(0.,0.,1.));
#1054=DIRECTION('',(0.,1.,0.));
#1055=DIRECTION('',(0.,0.,1.));
#1056=DIRECTION('',(0.,1.,0.));
#1057=DIRECTION('',(0.,0.,1.));
#1058=DIRECTION('',(0.,1.,0.));
#1059=DIRECTION('',(0.,0.,1.));
#1060=DIRECTION('',(0.,1.,0.));
#1061=DIRECTION('',(0.,0.,1.));
#1062=DIRECTION('',(0.,1.,0.));
#1063=DIRECTION('',(0.,0.,1.));
#1064=DIRECTION('',(0.,1.,0.));
#1065=DIRECTION('',(0.,0.,1.));
#1066=DIRECTION('',(0.,1.,0.));
#1067=DIRECTION('',(0.,1.,0.));
#1068=DIRECTION('',(0.,1.,0.));
#1069=DIRECTION('',(0.,0.,1.));
#1070=DIRECTION('',(0.,1.,0.));
#1071=DIRECTION('',(0.,0.,1.));
#1072=DIRECTION('',(0.,1.,0.));
#1073=DIRECTION('',(0.,1.,0.));
#1074=DIRECTION('',(0.,1.,0.));
#1075=DIRECTION('',(0.,0.,1.));
#1076=DIRECTION('',(0.,1.,0.));
#1077=DIRECTION('',(0.,0.,1.));
#1078=DIRECTION('',(0.,1.,0.));
#1079=DIRECTION('',(0.,1.,0.));
#1080=DIRECTION('',(0.,1.,0.));
#1081=DIRECTION('',(0.,0.,1.));
#1082=DIRECTION('',(0.,1.,0.));
#1083=DIRECTION('',(0.,0.,1.));
#1084=DIRECTION('',(0.,1.,0.));
#1085=DIRECTION('',(0.,1.,0.));
#1086=DIRECTION('',(0.,1.,0.));
#1087=DIRECTION('',(0.,0.,1.));
#1088=DIRECTION('',(0.,1.,0.));
#1089=DIRECTION('',(0.,0.,1.));
#1090=DIRECTION('',(0.,1.,0.));
#1091=DIRECTION('',(0.,1.,0.));
#1092=DIRECTION('',(0.,0.,1.));
#1093=DIRECTION('',(0.,1.,0.));
#1094=DIRECTION('',(0.,1.,0.));
#1095=DIRECTION('',(0.,0.,1.));
#1096=DIRECTION('',(0.,-1.,0.));
#1097=DIRECTION('',(0.,0.,-1.));
#1098=DIRECTION('',(0.,1.,0.));
#1099=DIRECTION('',(0.,0.,1.));
#1100=DIRECTION('',(-0.866025403784439,0.,0.5));
#1101=DIRECTION('',(-0.5,0.,-0.866025403784439));
#1102=DIRECTION('',(-0.866025403784439,0.,0.5));
#1103=DIRECTION('',(-0.866025403784439,0.,-0.5));
#1104=DIRECTION('',(0.5,0.,-0.866025403784439));
#1105=DIRECTION('',(-0.866025403784439,0.,-0.5));
#1106=DIRECTION('',(-1.22464679914735E-16,0.,-1.));
#1107=DIRECTION('',(1.,0.,-1.22464679914735E-16));
#1108=DIRECTION('',(-1.22464679914735E-16,0.,-1.));
#1109=DIRECTION('',(0.866025403784438,0.,-0.5));
#1110=DIRECTION('',(0.5,0.,0.866025403784438));
#1111=DIRECTION('',(0.866025403784438,0.,-0.5));
#1112=DIRECTION('',(0.866025403784439,0.,0.5));
#1113=DIRECTION('',(-0.5,0.,0.866025403784439));
#1114=DIRECTION('',(0.866025403784439,0.,0.5));
#1115=DIRECTION('',(0.,0.,1.));
#1116=DIRECTION('',(-1.,0.,0.));
#1117=DIRECTION('',(0.,0.,1.));
#1118=DIRECTION('',(0.,1.,0.));
#1119=DIRECTION('',(0.,0.,1.));
#1120=DIRECTION('',(0.,1.,0.));
#1121=DIRECTION('',(0.,0.,1.));
#1122=DIRECTION('',(0.,1.,0.));
#1123=DIRECTION('',(0.,0.,1.));
#1124=DIRECTION('',(0.,1.,0.));
#1125=DIRECTION('',(0.,0.,1.));
#1126=DIRECTION('',(0.,1.,0.));
#1127=DIRECTION('',(0.,0.,1.));
#1128=DIRECTION('',(0.,1.,0.));
#1129=DIRECTION('',(0.,0.,1.));
#1130=DIRECTION('',(0.,1.,0.));
#1131=DIRECTION('',(0.,0.,1.));
#1132=DIRECTION('',(0.,1.,0.));
#1133=DIRECTION('',(0.,1.,0.));
#1134=DIRECTION('',(0.,-2.04512081215101E-16,-1.));
#1135=DIRECTION('',(0.,1.,-2.04512081215101E-16));
#1136=DIRECTION('',(0.,-1.,2.04512081215101E-16));
#1137=DIRECTION('',(-1.,0.,0.));
#1138=DIRECTION('',(0.,-1.,2.04512081215101E-16));
#1139=DIRECTION('',(1.,0.,0.));
#1140=DIRECTION('',(0.,1.,0.));
#1141=DIRECTION('',(0.,0.,1.));
#1142=DIRECTION('',(0.,-1.,0.));
#1143=DIRECTION('',(1.,0.,0.));
#1144=DIRECTION('',(0.,1.,0.));
#1145=DIRECTION('',(0.,-1.,0.));
#1146=DIRECTION('',(0.,0.,1.));
#1147=DIRECTION('',(0.,-1.,0.));
#1148=DIRECTION('',(0.,0.,-1.));
#1149=DIRECTION('',(-1.,0.,0.));
#1150=DIRECTION('',(-1.,0.,0.));
#1151=DIRECTION('',(0.,0.,-1.));
#1152=DIRECTION('',(-1.,0.,0.));
#1153=DIRECTION('',(-0.866025403784439,-2.04512081215101E-16,-0.5));
#1154=DIRECTION('',(-1.77112657713104E-16,1.,-1.02256040607551E-16));
#1155=DIRECTION('',(1.77112657713104E-16,-1.,1.02256040607551E-16));
#1156=DIRECTION('',(-0.5,0.,0.866025403784439));
#1157=DIRECTION('',(1.77112657713104E-16,-1.,1.02256040607551E-16));
#1158=DIRECTION('',(0.5,0.,-0.866025403784439));
#1159=DIRECTION('',(0.,1.,0.));
#1160=DIRECTION('',(0.866025403784439,0.,0.5));
#1161=DIRECTION('',(0.,-1.,0.));
#1162=DIRECTION('',(0.5,0.,-0.866025403784439));
#1163=DIRECTION('',(0.,1.,0.));
#1164=DIRECTION('',(0.,-1.,0.));
#1165=DIRECTION('',(0.866025403784439,0.,0.5));
#1166=DIRECTION('',(0.,-1.,0.));
#1167=DIRECTION('',(-0.866025403784439,0.,-0.5));
#1168=DIRECTION('',(-0.5,0.,0.866025403784439));
#1169=DIRECTION('',(-0.5,0.,0.866025403784439));
#1170=DIRECTION('',(-0.866025403784439,0.,-0.5));
#1171=DIRECTION('',(-0.5,0.,0.866025403784439));
#1172=DIRECTION('',(-0.866025403784438,-2.04512081215101E-16,0.5));
#1173=DIRECTION('',(-1.77112657713104E-16,1.,1.02256040607551E-16));
#1174=DIRECTION('',(1.77112657713104E-16,-1.,-1.02256040607551E-16));
#1175=DIRECTION('',(0.5,0.,0.866025403784438));
#1176=DIRECTION('',(1.77112657713104E-16,-1.,-1.02256040607551E-16));
#1177=DIRECTION('',(-0.5,0.,-0.866025403784438));
#1178=DIRECTION('',(0.,1.,0.));
#1179=DIRECTION('',(0.866025403784438,0.,-0.5));
#1180=DIRECTION('',(0.,-1.,0.));
#1181=DIRECTION('',(-0.5,0.,-0.866025403784438));
#1182=DIRECTION('',(0.,1.,0.));
#1183=DIRECTION('',(0.,-1.,0.));
#1184=DIRECTION('',(0.866025403784438,0.,-0.5));
#1185=DIRECTION('',(0.,-1.,0.));
#1186=DIRECTION('',(-0.866025403784438,0.,0.5));
#1187=DIRECTION('',(0.5,0.,0.866025403784438));
#1188=DIRECTION('',(0.5,0.,0.866025403784438));
#1189=DIRECTION('',(-0.866025403784438,0.,0.5));
#1190=DIRECTION('',(0.5,0.,0.866025403784438));
#1191=DIRECTION('',(1.22464679914735E-16,-2.04512081215101E-16,1.));
#1192=DIRECTION('',(2.50455065647037E-32,1.,2.04512081215101E-16));
#1193=DIRECTION('',(-2.50455065647037E-32,-1.,-2.04512081215101E-16));
#1194=DIRECTION('',(1.,0.,-1.22464679914735E-16));
#1195=DIRECTION('',(-2.50455065647037E-32,-1.,-2.04512081215101E-16));
#1196=DIRECTION('',(-1.,0.,1.22464679914735E-16));
#1197=DIRECTION('',(0.,1.,0.));
#1198=DIRECTION('',(-1.22464679914735E-16,0.,-1.));
#1199=DIRECTION('',(0.,-1.,0.));
#1200=DIRECTION('',(-1.,0.,1.22464679914735E-16));
#1201=DIRECTION('',(0.,1.,0.));
#1202=DIRECTION('',(0.,-1.,0.));
#1203=DIRECTION('',(-1.22464679914735E-16,0.,-1.));
#1204=DIRECTION('',(0.,-1.,0.));
#1205=DIRECTION('',(1.22464679914735E-16,0.,1.));
#1206=DIRECTION('',(1.,0.,-1.22464679914735E-16));
#1207=DIRECTION('',(1.,0.,-1.22464679914735E-16));
#1208=DIRECTION('',(1.22464679914735E-16,0.,1.));
#1209=DIRECTION('',(1.,0.,-1.22464679914735E-16));
#1210=DIRECTION('',(0.866025403784439,-2.04512081215101E-16,0.5));
#1211=DIRECTION('',(1.77112657713104E-16,1.,1.02256040607551E-16));
#1212=DIRECTION('',(-1.77112657713104E-16,-1.,-1.02256040607551E-16));
#1213=DIRECTION('',(0.5,0.,-0.866025403784439));
#1214=DIRECTION('',(-1.77112657713104E-16,-1.,-1.02256040607551E-16));
#1215=DIRECTION('',(-0.5,0.,0.866025403784439));
#1216=DIRECTION('',(0.,1.,0.));
#1217=DIRECTION('',(-0.866025403784439,0.,-0.5));
#1218=DIRECTION('',(0.,-1.,0.));
#1219=DIRECTION('',(-0.5,0.,0.866025403784439));
#1220=DIRECTION('',(0.,1.,0.));
#1221=DIRECTION('',(0.,-1.,0.));
#1222=DIRECTION('',(-0.866025403784439,0.,-0.5));
#1223=DIRECTION('',(0.,-1.,0.));
#1224=DIRECTION('',(0.866025403784439,0.,0.5));
#1225=DIRECTION('',(0.5,0.,-0.866025403784439));
#1226=DIRECTION('',(0.5,0.,-0.866025403784439));
#1227=DIRECTION('',(0.866025403784439,0.,0.5));
#1228=DIRECTION('',(0.5,0.,-0.866025403784439));
#1229=DIRECTION('',(0.866025403784439,-2.04512081215101E-16,-0.5));
#1230=DIRECTION('',(1.77112657713104E-16,1.,-1.02256040607551E-16));
#1231=DIRECTION('',(-1.77112657713104E-16,-1.,1.02256040607551E-16));
#1232=DIRECTION('',(-0.5,0.,-0.866025403784439));
#1233=DIRECTION('',(-1.77112657713104E-16,-1.,1.02256040607551E-16));
#1234=DIRECTION('',(0.5,0.,0.866025403784439));
#1235=DIRECTION('',(0.,1.,0.));
#1236=DIRECTION('',(-0.866025403784439,0.,0.5));
#1237=DIRECTION('',(0.,-1.,0.));
#1238=DIRECTION('',(0.5,0.,0.866025403784439));
#1239=DIRECTION('',(0.,1.,0.));
#1240=DIRECTION('',(0.,-1.,0.));
#1241=DIRECTION('',(-0.866025403784439,0.,0.5));
#1242=DIRECTION('',(0.,-1.,0.));
#1243=DIRECTION('',(0.866025403784439,0.,-0.5));
#1244=DIRECTION('',(-0.5,0.,-0.866025403784439));
#1245=DIRECTION('',(-0.5,0.,-0.866025403784439));
#1246=DIRECTION('',(0.866025403784439,0.,-0.5));
#1247=DIRECTION('',(-0.5,0.,-0.866025403784439));
#1248=CARTESIAN_POINT('',(0.,0.,0.));
#1249=CARTESIAN_POINT('',(-0.0385456213608067,-0.0254,0.0219325687941318));
#1250=CARTESIAN_POINT('',(-0.0304117292625101,-0.0254,0.0362275621418551));
#1251=CARTESIAN_POINT('',(-0.0161681245007709,-0.0254,0.0444511111852759));
#1252=CARTESIAN_POINT('',(0.000278648934435351,-0.0254,0.0443477717001806));
#1253=CARTESIAN_POINT('',(-0.0385456213608067,-0.07810550141506,0.0219325687941318));
#1254=CARTESIAN_POINT('',(-0.0304117292625101,-0.07810550141506,0.0362275621418551));
#1255=CARTESIAN_POINT('',(-0.0161681245007709,-0.07810550141506,0.0444511111852759));
#1256=CARTESIAN_POINT('',(0.000278648934435351,-0.07810550141506,0.0443477717001806));
#1257=CARTESIAN_POINT('',(-0.0275726528449574,-0.137186948930234,0.0156889183261071));
#1258=CARTESIAN_POINT('',(-0.0217542751619162,-0.137186948930234,0.0259144867585964));
#1259=CARTESIAN_POINT('',(-0.0115654662780218,-0.137186948930234,0.0317969983104345));
#1260=CARTESIAN_POINT('',(0.000199324594170779,-0.137186948930234,0.031723076976516));
#1261=CARTESIAN_POINT('',(-0.013906398098713,-0.163014508557832,0.00791278029023386));
#1262=CARTESIAN_POINT('',(-0.0109718717474035,-0.163014508557832,0.0130700941768386));
#1263=CARTESIAN_POINT('',(-0.00583309771329551,-0.163014508557832,0.0160369667487354));
#1264=CARTESIAN_POINT('',(0.000100530303449209,-0.163014508557832,0.015999684173742));
#1265=CARTESIAN_POINT('',(0.,-0.163014508557832,0.));
#1266=CARTESIAN_POINT('',(-0.013856406460589,-0.163014508557832,0.00800000000002193));
#1267=CARTESIAN_POINT('',(0.,-0.163014508557832,0.0160000000000439));
#1268=CARTESIAN_POINT('',(-0.0138564064606124,-0.163014508557832,0.00800000000002519));
#1269=CARTESIAN_POINT('',(-0.0133488928834328,-0.163014508557833,0.00887903930123137));
#1270=CARTESIAN_POINT('',(-0.0128440689298215,-0.162852928877662,0.00975342003763233));
#1271=CARTESIAN_POINT('',(-0.012356406460551,-0.162552497860954,0.0105980762113533));
#1272=CARTESIAN_POINT('',(-0.012356406460539,-0.162552497860978,0.0105980762113464));
#1273=CARTESIAN_POINT('',(-0.012356406460539,-0.162552497860978,0.0105980762113464));
#1274=CARTESIAN_POINT('',(-0.0136936048282275,-0.160015854730403,0.0113701080488912));
#1275=CARTESIAN_POINT('',(-0.0160692302865443,-0.154797720364893,0.0127416760467442));
#1276=CARTESIAN_POINT('',(-0.0200977606608029,-0.144016963610546,0.015067549142761));
#1277=CARTESIAN_POINT('',(-0.0241895053007571,-0.130055472382305,0.0174299190120937));
#1278=CARTESIAN_POINT('',(-0.028100015540995,-0.112955332362851,0.0196876531519639));
#1279=CARTESIAN_POINT('',(-0.0322489766409998,-0.0899301753134059,0.022083056959909));
#1280=CARTESIAN_POINT('',(-0.0357511072982836,-0.0606931179513653,0.0241050130376289));
#1281=CARTESIAN_POINT('',(-0.0368190797775729,-0.0371975860160545,0.0247216072360338));
#1282=CARTESIAN_POINT('',(-0.0368190797775729,-0.0254,0.0247216072360338));
#1283=CARTESIAN_POINT('',(-0.0368190797775729,-0.0254,0.0247216072360338));
#1284=CARTESIAN_POINT('',(0.,-0.0254,0.));
#1285=CARTESIAN_POINT('',(-0.003,-0.0254,0.044247062049361));
#1286=CARTESIAN_POINT('',(-0.00299999999999999,-0.162552497860978,0.0159999999999861));
#1287=CARTESIAN_POINT('',(-0.00299999999999999,-0.160015854730403,0.0175440636750758));
#1288=CARTESIAN_POINT('',(-0.00299999999999998,-0.154797720364893,0.0202871996707817));
#1289=CARTESIAN_POINT('',(-0.00300000000000003,-0.144016963610546,0.0249389458628153));
#1290=CARTESIAN_POINT('',(-0.00299999999999997,-0.130055472382306,0.0296636856014809));
#1291=CARTESIAN_POINT('',(-0.00300000000000001,-0.112955332362851,0.0341791538812211));
#1292=CARTESIAN_POINT('',(-0.00300000000000003,-0.0899301753134059,0.0389699614971113));
#1293=CARTESIAN_POINT('',(-0.00299999999999994,-0.0606931179513653,0.0430138736525513));
#1294=CARTESIAN_POINT('',(-0.003,-0.0371975860160545,0.044247062049361));
#1295=CARTESIAN_POINT('',(-0.003,-0.0254,0.044247062049361));
#1296=CARTESIAN_POINT('',(-0.003,-0.162552497860978,0.0159999999999859));
#1297=CARTESIAN_POINT('',(-0.003,-0.162552497860954,0.016));
#1298=CARTESIAN_POINT('',(-0.00202264657679433,-0.162853553715279,0.016));
#1299=CARTESIAN_POINT('',(-0.00102371709824626,-0.16301450855783,0.0160000000000439));
#1300=CARTESIAN_POINT('',(-2.21547225010606E-14,-0.163014508557832,0.0160000000000439));
#1301=CARTESIAN_POINT('',(-0.0382669724263713,-0.0254,-0.0224152029060488));
#1302=CARTESIAN_POINT('',(-0.046579853763281,-0.0254,-0.00822354904342072));
#1303=CARTESIAN_POINT('',(-0.046579853763281,-0.0254,0.0082235490434208));
#1304=CARTESIAN_POINT('',(-0.0382669724263713,-0.0254,0.0224152029060488));
#1305=CARTESIAN_POINT('',(-0.0382669724263713,-0.078105501415011,-0.0224152029060488));
#1306=CARTESIAN_POINT('',(-0.046579853763281,-0.078105501415011,-0.00822354904342072));
#1307=CARTESIAN_POINT('',(-0.046579853763281,-0.078105501415011,0.0082235490434208));
#1308=CARTESIAN_POINT('',(-0.0382669724263713,-0.078105501415011,0.0224152029060488));
#1309=CARTESIAN_POINT('',(-0.0273733282507867,-0.137186948930234,-0.0160341586504089));
#1310=CARTESIAN_POINT('',(-0.0333197414399381,-0.137186948930234,-0.00588251155183807));
#1311=CARTESIAN_POINT('',(-0.033319741439938,-0.137186948930234,0.00588251155183813));
#1312=CARTESIAN_POINT('',(-0.0273733282507867,-0.137186948930234,0.0160341586504089));
#1313=CARTESIAN_POINT('',(-0.0138058677952638,-0.163014508557832,-0.00808690388350819));
#1314=CARTESIAN_POINT('',(-0.016804969460699,-0.163014508557832,-0.00296687257189687));
#1315=CARTESIAN_POINT('',(-0.016804969460699,-0.163014508557832,0.0029668725718969));
#1316=CARTESIAN_POINT('',(-0.0138058677952638,-0.163014508557832,0.00808690388350821));
#1317=CARTESIAN_POINT('',(-0.0153564064605389,-0.162552497860978,0.00540192378863971));
#1318=CARTESIAN_POINT('',(-0.0166936048282274,-0.160015854730403,0.00617395562618458));
#1319=CARTESIAN_POINT('',(-0.0190692302865442,-0.154797720364893,0.00754552362403753));
#1320=CARTESIAN_POINT('',(-0.0230977606608029,-0.144016963610546,0.00987139672005436));
#1321=CARTESIAN_POINT('',(-0.0271895053007571,-0.130055472382305,0.0122337665893871));
#1322=CARTESIAN_POINT('',(-0.031100015540995,-0.112955332362851,0.0144915007292573));
#1323=CARTESIAN_POINT('',(-0.0352489766409998,-0.0899301753134059,0.0168869045372023));
#1324=CARTESIAN_POINT('',(-0.0387511072982836,-0.0606931179513653,0.0189088606149223));
#1325=CARTESIAN_POINT('',(-0.039819079777573,-0.0371975860160545,0.0195254548133272));
#1326=CARTESIAN_POINT('',(-0.039819079777573,-0.0254,0.0195254548133272));
#1327=CARTESIAN_POINT('',(-0.0153564064605388,-0.162552497860978,0.00540192378863966));
#1328=CARTESIAN_POINT('',(-0.039819079777573,-0.0254,0.0195254548133272));
#1329=CARTESIAN_POINT('',(-0.015356406460551,-0.162552497860954,0.0054019237886467));
#1330=CARTESIAN_POINT('',(-0.0148663171104684,-0.162854423990195,0.00625078344323823));
#1331=CARTESIAN_POINT('',(-0.0143667245310101,-0.163014508557831,0.00711610317407594));
#1332=CARTESIAN_POINT('',(-0.0138564064606124,-0.163014508557832,0.00800000000002519));
#1333=CARTESIAN_POINT('',(0.,-0.163014508557832,0.));
#1334=CARTESIAN_POINT('',(-0.013856406460589,-0.163014508557832,-0.00800000000002192));
#1335=CARTESIAN_POINT('',(-0.0138564064606035,-0.163014508557832,-0.00800000000004058));
#1336=CARTESIAN_POINT('',(-0.0143639200377831,-0.163014508557833,-0.00712096069883447));
#1337=CARTESIAN_POINT('',(-0.0148687439912806,-0.162852928877662,-0.00624657996236762));
#1338=CARTESIAN_POINT('',(-0.015356406460551,-0.162552497860954,-0.0054019237886467));
#1339=CARTESIAN_POINT('',(-0.0153564064605381,-0.162552497860979,-0.00540192378863926));
#1340=CARTESIAN_POINT('',(-0.0153564064605382,-0.162552497860979,-0.00540192378863928));
#1341=CARTESIAN_POINT('',(-0.0166936048282267,-0.160015854730405,-0.0061739556261842));
#1342=CARTESIAN_POINT('',(-0.0190692302865437,-0.154797720364894,-0.0075455236240372));
#1343=CARTESIAN_POINT('',(-0.0230977606608025,-0.144016963610547,-0.00987139672005408));
#1344=CARTESIAN_POINT('',(-0.0271895053007568,-0.130055472382307,-0.012233766589387));
#1345=CARTESIAN_POINT('',(-0.0311000155409948,-0.112955332362852,-0.0144915007292572));
#1346=CARTESIAN_POINT('',(-0.0352489766409997,-0.0899301753134066,-0.0168869045372022));
#1347=CARTESIAN_POINT('',(-0.0387511072982835,-0.0606931179513659,-0.0189088606149224));
#1348=CARTESIAN_POINT('',(-0.039819079777573,-0.0371975860160546,-0.0195254548133271));
#1349=CARTESIAN_POINT('',(-0.039819079777573,-0.0254,-0.0195254548133271));
#1350=CARTESIAN_POINT('',(-0.039819079777573,-0.0254,-0.0195254548133271));
#1351=CARTESIAN_POINT('',(0.,-0.0254,0.));
#1352=CARTESIAN_POINT('',(0.000278648934435388,-0.0254,-0.0443477717001806));
#1353=CARTESIAN_POINT('',(-0.0161681245007709,-0.0254,-0.0444511111852759));
#1354=CARTESIAN_POINT('',(-0.0304117292625101,-0.0254,-0.0362275621418551));
#1355=CARTESIAN_POINT('',(-0.0385456213608067,-0.0254,-0.0219325687941318));
#1356=CARTESIAN_POINT('',(0.000278648934435388,-0.078105501415011,-0.0443477717001806));
#1357=CARTESIAN_POINT('',(-0.0161681245007709,-0.078105501415011,-0.0444511111852759));
#1358=CARTESIAN_POINT('',(-0.0304117292625101,-0.078105501415011,-0.0362275621418551));
#1359=CARTESIAN_POINT('',(-0.0385456213608067,-0.078105501415011,-0.0219325687941318));
#1360=CARTESIAN_POINT('',(0.000199324594170804,-0.137186948930234,-0.031723076976516));
#1361=CARTESIAN_POINT('',(-0.0115654662780218,-0.137186948930234,-0.0317969983104345));
#1362=CARTESIAN_POINT('',(-0.0217542751619162,-0.137186948930234,-0.0259144867585964));
#1363=CARTESIAN_POINT('',(-0.0275726528449575,-0.137186948930234,-0.015688918326107));
#1364=CARTESIAN_POINT('',(0.000100530303449222,-0.163014508557832,-0.015999684173742));
#1365=CARTESIAN_POINT('',(-0.00583309771329551,-0.163014508557832,-0.0160369667487354));
#1366=CARTESIAN_POINT('',(-0.0109718717474035,-0.163014508557832,-0.0130700941768386));
#1367=CARTESIAN_POINT('',(-0.0139063980987131,-0.163014508557832,-0.00791278029023384));
#1368=CARTESIAN_POINT('',(-0.0123564064605382,-0.162552497860979,-0.0105980762113459));
#1369=CARTESIAN_POINT('',(-0.0136936048282267,-0.160015854730405,-0.0113701080488908));
#1370=CARTESIAN_POINT('',(-0.0160692302865437,-0.154797720364894,-0.0127416760467439));
#1371=CARTESIAN_POINT('',(-0.0200977606608025,-0.144016963610547,-0.0150675491427607));
#1372=CARTESIAN_POINT('',(-0.0241895053007568,-0.130055472382307,-0.0174299190120936));
#1373=CARTESIAN_POINT('',(-0.0281000155409948,-0.112955332362852,-0.0196876531519637));
#1374=CARTESIAN_POINT('',(-0.0322489766409997,-0.0899301753134066,-0.0220830569599089));
#1375=CARTESIAN_POINT('',(-0.0357511072982835,-0.0606931179513659,-0.0241050130376289));
#1376=CARTESIAN_POINT('',(-0.0368190797775729,-0.0371975860160546,-0.0247216072360338));
#1377=CARTESIAN_POINT('',(-0.0368190797775729,-0.0254,-0.0247216072360338));
#1378=CARTESIAN_POINT('',(-0.0123564064605382,-0.162552497860979,-0.0105980762113459));
#1379=CARTESIAN_POINT('',(-0.0368190797775729,-0.0254,-0.0247216072360338));
#1380=CARTESIAN_POINT('',(-0.012356406460551,-0.162552497860954,-0.0105980762113533));
#1381=CARTESIAN_POINT('',(-0.0128464958106336,-0.162854423990195,-0.00974921655676185));
#1382=CARTESIAN_POINT('',(-0.0133460883902059,-0.163014508557831,-0.00888389682598977));
#1383=CARTESIAN_POINT('',(-0.0138564064606035,-0.163014508557832,-0.00800000000004058));
#1384=CARTESIAN_POINT('',(0.,-0.163014508557832,0.));
#1385=CARTESIAN_POINT('',(-3.90312782094781E-18,-0.163014508557832,-0.0160000000000439));
#1386=CARTESIAN_POINT('',(8.89795448661947E-15,-0.163014508557832,-0.0160000000000658));
#1387=CARTESIAN_POINT('',(-0.00101502715435026,-0.163014508557833,-0.0160000000000658));
#1388=CARTESIAN_POINT('',(-0.00202467506145915,-0.162852928877662,-0.016));
#1389=CARTESIAN_POINT('',(-0.003,-0.162552497860954,-0.016));
#1390=CARTESIAN_POINT('',(-0.003,-0.16255249786098,-0.0159999999999846));
#1391=CARTESIAN_POINT('',(-0.003,-0.16255249786098,-0.0159999999999846));
#1392=CARTESIAN_POINT('',(-0.003,-0.160015854730406,-0.0175440636750745));
#1393=CARTESIAN_POINT('',(-0.003,-0.154797720364895,-0.0202871996707806));
#1394=CARTESIAN_POINT('',(-0.003,-0.144016963610548,-0.0249389458628145));
#1395=CARTESIAN_POINT('',(-0.003,-0.130055472382307,-0.0296636856014803));
#1396=CARTESIAN_POINT('',(-0.00299999999999999,-0.112955332362852,-0.0341791538812207));
#1397=CARTESIAN_POINT('',(-0.00300000000000003,-0.0899301753134071,-0.0389699614971111));
#1398=CARTESIAN_POINT('',(-0.00299999999999998,-0.0606931179513661,-0.0430138736525512));
#1399=CARTESIAN_POINT('',(-0.003,-0.0371975860160547,-0.044247062049361));
#1400=CARTESIAN_POINT('',(-0.003,-0.0254,-0.044247062049361));
#1401=CARTESIAN_POINT('',(-0.003,-0.0254,-0.044247062049361));
#1402=CARTESIAN_POINT('',(0.,-0.0254,0.));
#1403=CARTESIAN_POINT('',(0.0385456213608067,-0.0254,-0.0219325687941318));
#1404=CARTESIAN_POINT('',(0.0304117292625101,-0.0254,-0.0362275621418551));
#1405=CARTESIAN_POINT('',(0.0161681245007709,-0.0254,-0.0444511111852759));
#1406=CARTESIAN_POINT('',(-0.000278648934435379,-0.0254,-0.0443477717001806));
#1407=CARTESIAN_POINT('',(0.0385456213608067,-0.078105501415011,-0.0219325687941318));
#1408=CARTESIAN_POINT('',(0.0304117292625101,-0.078105501415011,-0.0362275621418551));
#1409=CARTESIAN_POINT('',(0.0161681245007709,-0.078105501415011,-0.0444511111852759));
#1410=CARTESIAN_POINT('',(-0.000278648934435379,-0.078105501415011,-0.0443477717001806));
#1411=CARTESIAN_POINT('',(0.0275726528449575,-0.137186948930234,-0.0156889183261071));
#1412=CARTESIAN_POINT('',(0.0217542751619162,-0.137186948930234,-0.0259144867585964));
#1413=CARTESIAN_POINT('',(0.0115654662780218,-0.137186948930234,-0.0317969983104345));
#1414=CARTESIAN_POINT('',(-0.000199324594170797,-0.137186948930234,-0.031723076976516));
#1415=CARTESIAN_POINT('',(0.0139063980987131,-0.163014508557832,-0.00791278029023385));
#1416=CARTESIAN_POINT('',(0.0109718717474035,-0.163014508557832,-0.0130700941768386));
#1417=CARTESIAN_POINT('',(0.00583309771329551,-0.163014508557832,-0.0160369667487354));
#1418=CARTESIAN_POINT('',(-0.000100530303449218,-0.163014508557832,-0.015999684173742));
#1419=CARTESIAN_POINT('',(0.00299999999999999,-0.162552497860954,-0.0160000000000004));
#1420=CARTESIAN_POINT('',(0.00299999999999999,-0.16001585473038,-0.0175440636750888));
#1421=CARTESIAN_POINT('',(0.003,-0.15479772036487,-0.0202871996707926));
#1422=CARTESIAN_POINT('',(0.00300000000000001,-0.144016963610524,-0.0249389458628234));
#1423=CARTESIAN_POINT('',(0.003,-0.130055472382286,-0.0296636856014867));
#1424=CARTESIAN_POINT('',(0.00299999999999999,-0.112955332362834,-0.034179153881225));
#1425=CARTESIAN_POINT('',(0.00300000000000001,-0.0899301753133935,-0.0389699614971132));
#1426=CARTESIAN_POINT('',(0.00300000000000001,-0.0606931179513586,-0.0430138736525517));
#1427=CARTESIAN_POINT('',(0.003,-0.0371975860160522,-0.044247062049361));
#1428=CARTESIAN_POINT('',(0.003,-0.0254,-0.044247062049361));
#1429=CARTESIAN_POINT('',(0.003,-0.162552497860954,-0.0160000000000003));
#1430=CARTESIAN_POINT('',(0.003,-0.0254,-0.044247062049361));
#1431=CARTESIAN_POINT('',(0.003,-0.162552497860955,-0.016));
#1432=CARTESIAN_POINT('',(0.00201982129983377,-0.162854423990195,-0.016));
#1433=CARTESIAN_POINT('',(0.00102063614080521,-0.163014508557831,-0.0160000000000658));
#1434=CARTESIAN_POINT('',(8.89795448661948E-15,-0.163014508557832,-0.0160000000000658));
#1435=CARTESIAN_POINT('',(0.,-0.163014508557832,0.));
#1436=CARTESIAN_POINT('',(0.013856406460589,-0.163014508557832,-0.00800000000002193));
#1437=CARTESIAN_POINT('',(0.0138564064606124,-0.163014508557832,-0.00800000000002519));
#1438=CARTESIAN_POINT('',(0.0133488928834328,-0.163014508557833,-0.0088790393012313));
#1439=CARTESIAN_POINT('',(0.0128440689298215,-0.162852928877662,-0.0097534200376324));
#1440=CARTESIAN_POINT('',(0.012356406460551,-0.162552497860954,-0.0105980762113533));
#1441=CARTESIAN_POINT('',(0.0123564064605382,-0.162552497860979,-0.010598076211346));
#1442=CARTESIAN_POINT('',(0.0123564064605382,-0.162552497860979,-0.0105980762113459));
#1443=CARTESIAN_POINT('',(0.0136936048282267,-0.160015854730405,-0.0113701080488908));
#1444=CARTESIAN_POINT('',(0.0160692302865437,-0.154797720364894,-0.0127416760467439));
#1445=CARTESIAN_POINT('',(0.0200977606608025,-0.144016963610547,-0.0150675491427607));
#1446=CARTESIAN_POINT('',(0.0241895053007568,-0.130055472382307,-0.0174299190120936));
#1447=CARTESIAN_POINT('',(0.0281000155409948,-0.112955332362852,-0.0196876531519638));
#1448=CARTESIAN_POINT('',(0.0322489766409997,-0.0899301753134066,-0.0220830569599089));
#1449=CARTESIAN_POINT('',(0.0357511072982835,-0.0606931179513659,-0.024105013037629));
#1450=CARTESIAN_POINT('',(0.0368190797775729,-0.0371975860160546,-0.0247216072360338));
#1451=CARTESIAN_POINT('',(0.0368190797775729,-0.0254,-0.0247216072360338));
#1452=CARTESIAN_POINT('',(0.0368190797775729,-0.0254,-0.0247216072360338));
#1453=CARTESIAN_POINT('',(0.,-0.0254,0.));
#1454=CARTESIAN_POINT('',(0.0382669724263713,-0.0254,0.0224152029060488));
#1455=CARTESIAN_POINT('',(0.046579853763281,-0.0254,0.00822354904342074));
#1456=CARTESIAN_POINT('',(0.046579853763281,-0.0254,-0.00822354904342079));
#1457=CARTESIAN_POINT('',(0.0382669724263713,-0.0254,-0.0224152029060488));
#1458=CARTESIAN_POINT('',(0.0382669724263713,-0.078105501415011,0.0224152029060488));
#1459=CARTESIAN_POINT('',(0.046579853763281,-0.078105501415011,0.00822354904342074));
#1460=CARTESIAN_POINT('',(0.046579853763281,-0.078105501415011,-0.00822354904342079));
#1461=CARTESIAN_POINT('',(0.0382669724263713,-0.078105501415011,-0.0224152029060488));
#1462=CARTESIAN_POINT('',(0.0273733282507867,-0.137186948930234,0.0160341586504089));
#1463=CARTESIAN_POINT('',(0.033319741439938,-0.137186948930234,0.00588251155183808));
#1464=CARTESIAN_POINT('',(0.033319741439938,-0.137186948930234,-0.00588251155183812));
#1465=CARTESIAN_POINT('',(0.0273733282507867,-0.137186948930234,-0.0160341586504089));
#1466=CARTESIAN_POINT('',(0.0138058677952638,-0.163014508557832,0.0080869038835082));
#1467=CARTESIAN_POINT('',(0.016804969460699,-0.163014508557832,0.00296687257189688));
#1468=CARTESIAN_POINT('',(0.016804969460699,-0.163014508557832,-0.0029668725718969));
#1469=CARTESIAN_POINT('',(0.0138058677952638,-0.163014508557832,-0.00808690388350821));
#1470=CARTESIAN_POINT('',(0.0153564064605389,-0.162552497860978,-0.00540192378863973));
#1471=CARTESIAN_POINT('',(0.0166936048282274,-0.160015854730403,-0.0061739556261846));
#1472=CARTESIAN_POINT('',(0.0190692302865443,-0.154797720364893,-0.00754552362403755));
#1473=CARTESIAN_POINT('',(0.0230977606608029,-0.144016963610546,-0.00987139672005437));
#1474=CARTESIAN_POINT('',(0.0271895053007571,-0.130055472382305,-0.0122337665893871));
#1475=CARTESIAN_POINT('',(0.031100015540995,-0.112955332362851,-0.0144915007292572));
#1476=CARTESIAN_POINT('',(0.0352489766409998,-0.0899301753134059,-0.0168869045372024));
#1477=CARTESIAN_POINT('',(0.0387511072982835,-0.0606931179513653,-0.0189088606149223));
#1478=CARTESIAN_POINT('',(0.039819079777573,-0.0371975860160545,-0.0195254548133272));
#1479=CARTESIAN_POINT('',(0.039819079777573,-0.0254,-0.0195254548133272));
#1480=CARTESIAN_POINT('',(0.0153564064605388,-0.162552497860978,-0.00540192378863968));
#1481=CARTESIAN_POINT('',(0.039819079777573,-0.0254,-0.0195254548133272));
#1482=CARTESIAN_POINT('',(0.0153564064605511,-0.162552497860955,-0.00540192378864671));
#1483=CARTESIAN_POINT('',(0.0148663171104684,-0.162854423990195,-0.00625078344323824));
#1484=CARTESIAN_POINT('',(0.0143667245310101,-0.163014508557831,-0.00711610317407594));
#1485=CARTESIAN_POINT('',(0.0138564064606124,-0.163014508557832,-0.00800000000002519));
#1486=CARTESIAN_POINT('',(0.,-0.163014508557832,0.));
#1487=CARTESIAN_POINT('',(0.013856406460589,-0.163014508557832,0.00800000000002192));
#1488=CARTESIAN_POINT('',(0.0138564064606035,-0.163014508557832,0.00800000000004058));
#1489=CARTESIAN_POINT('',(0.0143639200377832,-0.163014508557833,0.00712096069883442));
#1490=CARTESIAN_POINT('',(0.0148687439912806,-0.162852928877662,0.00624657996236766));
#1491=CARTESIAN_POINT('',(0.0153564064605511,-0.162552497860955,0.00540192378864669));
#1492=CARTESIAN_POINT('',(0.0153564064605388,-0.162552497860978,0.00540192378863961));
#1493=CARTESIAN_POINT('',(0.0153564064605387,-0.162552497860978,0.00540192378863959));
#1494=CARTESIAN_POINT('',(0.0166936048282272,-0.160015854730404,0.00617395562618448));
#1495=CARTESIAN_POINT('',(0.0190692302865441,-0.154797720364893,0.00754552362403743));
#1496=CARTESIAN_POINT('',(0.0230977606608028,-0.144016963610546,0.0098713967200543));
#1497=CARTESIAN_POINT('',(0.027189505300757,-0.130055472382306,0.0122337665893871));
#1498=CARTESIAN_POINT('',(0.031100015540995,-0.112955332362851,0.0144915007292572));
#1499=CARTESIAN_POINT('',(0.0352489766409998,-0.0899301753134061,0.0168869045372023));
#1500=CARTESIAN_POINT('',(0.0387511072982836,-0.0606931179513655,0.0189088606149223));
#1501=CARTESIAN_POINT('',(0.039819079777573,-0.0371975860160545,0.0195254548133271));
#1502=CARTESIAN_POINT('',(0.039819079777573,-0.0254,0.0195254548133271));
#1503=CARTESIAN_POINT('',(0.039819079777573,-0.0254,0.0195254548133271));
#1504=CARTESIAN_POINT('',(0.,-0.0254,0.));
#1505=CARTESIAN_POINT('',(0.,-0.171298647104506,0.));
#1506=CARTESIAN_POINT('',(-0.039819079777573,-0.171298647104506,0.0195254548133272));
#1507=CARTESIAN_POINT('',(-0.039819079777573,0.,0.0195254548133272));
#1508=CARTESIAN_POINT('',(-0.039819079777573,-0.171298647104506,-0.0195254548133271));
#1509=CARTESIAN_POINT('',(-0.039819079777573,0.,-0.0195254548133271));
#1510=CARTESIAN_POINT('',(0.,0.,0.));
#1511=CARTESIAN_POINT('',(0.,-0.171298647104506,0.));
#1512=CARTESIAN_POINT('',(-0.0368190797775729,-0.171298647104506,-0.0247216072360338));
#1513=CARTESIAN_POINT('',(-0.0368190797775729,0.,-0.0247216072360338));
#1514=CARTESIAN_POINT('',(-0.003,-0.171298647104506,-0.044247062049361));
#1515=CARTESIAN_POINT('',(-0.003,0.,-0.044247062049361));
#1516=CARTESIAN_POINT('',(0.,0.,0.));
#1517=CARTESIAN_POINT('',(0.,-0.171298647104506,0.));
#1518=CARTESIAN_POINT('',(0.003,-0.171298647104506,-0.044247062049361));
#1519=CARTESIAN_POINT('',(0.003,0.,-0.044247062049361));
#1520=CARTESIAN_POINT('',(0.0368190797775729,-0.171298647104506,-0.0247216072360338));
#1521=CARTESIAN_POINT('',(0.0368190797775729,0.,-0.0247216072360338));
#1522=CARTESIAN_POINT('',(0.,0.,0.));
#1523=CARTESIAN_POINT('',(0.,-0.171298647104506,0.));
#1524=CARTESIAN_POINT('',(0.039819079777573,-0.171298647104506,-0.0195254548133272));
#1525=CARTESIAN_POINT('',(0.039819079777573,0.,-0.0195254548133272));
#1526=CARTESIAN_POINT('',(0.039819079777573,-0.171298647104506,0.0195254548133271));
#1527=CARTESIAN_POINT('',(0.039819079777573,0.,0.0195254548133271));
#1528=CARTESIAN_POINT('',(0.,0.,0.));
#1529=CARTESIAN_POINT('',(0.,-0.171298647104506,0.));
#1530=CARTESIAN_POINT('',(0.0368190797775729,-0.171298647104506,0.0247216072360338));
#1531=CARTESIAN_POINT('',(0.0368190797775729,-0.0254,0.0247216072360338));
#1532=CARTESIAN_POINT('',(0.0368190797775729,0.,0.0247216072360338));
#1533=CARTESIAN_POINT('',(0.,-0.0254,0.));
#1534=CARTESIAN_POINT('',(0.003,-0.0254,0.044247062049361));
#1535=CARTESIAN_POINT('',(0.003,-0.171298647104506,0.044247062049361));
#1536=CARTESIAN_POINT('',(0.003,0.,0.044247062049361));
#1537=CARTESIAN_POINT('',(0.,0.,0.));
#1538=CARTESIAN_POINT('',(0.,0.,0.045099323552253));
#1539=CARTESIAN_POINT('',(0.,0.,0.));
#1540=CARTESIAN_POINT('',(-0.0368190797775729,0.,0.0247216072360338));
#1541=CARTESIAN_POINT('',(-0.003,0.,0.044247062049361));
#1542=CARTESIAN_POINT('',(-0.0325769279970511,0.,0.0222723997636063));
#1543=CARTESIAN_POINT('',(-0.0282468009781289,0.,0.0197723997636063));
#1544=CARTESIAN_POINT('',(-0.0282468009781289,0.,0.0197723997636063));
#1545=CARTESIAN_POINT('',(-0.031246800978129,0.,0.0145762473408996));
#1546=CARTESIAN_POINT('',(-0.0355769279970511,0.,0.0170762473408996));
#1547=CARTESIAN_POINT('',(-0.0355769279970512,0.,-0.0170762473408996));
#1548=CARTESIAN_POINT('',(-0.031246800978129,0.,-0.0145762473408996));
#1549=CARTESIAN_POINT('',(-0.031246800978129,0.,-0.0145762473408996));
#1550=CARTESIAN_POINT('',(-0.028246800978129,0.,-0.0197723997636063));
#1551=CARTESIAN_POINT('',(-0.0325769279970511,0.,-0.0222723997636062));
#1552=CARTESIAN_POINT('',(-0.003,0.,-0.0393486471045059));
#1553=CARTESIAN_POINT('',(-0.003,0.,-0.0343486471045059));
#1554=CARTESIAN_POINT('',(-0.003,0.,-0.0343486471045059));
#1555=CARTESIAN_POINT('',(0.003,0.,-0.0343486471045059));
#1556=CARTESIAN_POINT('',(0.003,0.,-0.0393486471045059));
#1557=CARTESIAN_POINT('',(0.0325769279970511,0.,-0.0222723997636063));
#1558=CARTESIAN_POINT('',(0.0282468009781289,0.,-0.0197723997636063));
#1559=CARTESIAN_POINT('',(0.0282468009781289,0.,-0.0197723997636063));
#1560=CARTESIAN_POINT('',(0.0312468009781289,0.,-0.0145762473408997));
#1561=CARTESIAN_POINT('',(0.0355769279970511,0.,-0.0170762473408996));
#1562=CARTESIAN_POINT('',(0.0355769279970512,0.,0.0170762473408996));
#1563=CARTESIAN_POINT('',(0.031246800978129,0.,0.0145762473408996));
#1564=CARTESIAN_POINT('',(0.031246800978129,0.,0.0145762473408996));
#1565=CARTESIAN_POINT('',(0.028246800978129,0.,0.0197723997636063));
#1566=CARTESIAN_POINT('',(0.0325769279970511,0.,0.0222723997636062));
#1567=CARTESIAN_POINT('',(0.003,0.,0.0393486471045059));
#1568=CARTESIAN_POINT('',(0.003,0.,0.0343486471045059));
#1569=CARTESIAN_POINT('',(0.003,0.,0.0343486471045059));
#1570=CARTESIAN_POINT('',(-0.003,0.,0.0343486471045059));
#1571=CARTESIAN_POINT('',(-0.003,0.,0.0393486471045059));
#1572=CARTESIAN_POINT('',(0.,0.,0.));
#1573=CARTESIAN_POINT('',(0.,0.,0.04585));
#1574=CARTESIAN_POINT('',(0.,-0.171298647104506,0.));
#1575=CARTESIAN_POINT('',(0.,-0.0254,0.));
#1576=CARTESIAN_POINT('',(0.,-0.0254,0.04585));
#1577=CARTESIAN_POINT('',(-0.0180028299854774,-0.0254,0.0434626763120368));
#1578=CARTESIAN_POINT('',(-3.51281503885303E-17,-0.0254,0.0470436618439816));
#1579=CARTESIAN_POINT('',(0.0180028299854775,-0.0254,0.0434626763120368));
#1580=CARTESIAN_POINT('',(0.0332648923017263,-0.0254,0.0332648923017262));
#1581=CARTESIAN_POINT('',(0.0434626763120368,-0.0254,0.0180028299854775));
#1582=CARTESIAN_POINT('',(0.0470436618439816,-0.0254,4.47233396150271E-18));
#1583=CARTESIAN_POINT('',(0.0434626763120368,-0.0254,-0.0180028299854775));
#1584=CARTESIAN_POINT('',(0.0332648923017263,-0.0254,-0.0332648923017262));
#1585=CARTESIAN_POINT('',(0.0180028299854775,-0.0254,-0.0434626763120368));
#1586=CARTESIAN_POINT('',(6.40404553727534E-18,-0.0254,-0.0470436618439816));
#1587=CARTESIAN_POINT('',(-0.0180028299854775,-0.0254,-0.0434626763120368));
#1588=CARTESIAN_POINT('',(-0.0332648923017262,-0.0254,-0.0332648923017263));
#1589=CARTESIAN_POINT('',(-0.0434626763120368,-0.0254,-0.0180028299854775));
#1590=CARTESIAN_POINT('',(-0.0470436618439816,-0.0254,-6.04442711160669E-18));
#1591=CARTESIAN_POINT('',(-0.0434626763120368,-0.0254,0.0180028299854775));
#1592=CARTESIAN_POINT('',(-0.0332648923017263,-0.0254,0.0332648923017263));
#1593=CARTESIAN_POINT('',(-0.0180028299854774,-0.0254,0.0434626763120368));
#1594=CARTESIAN_POINT('',(-3.51281503885303E-17,-0.0254,0.0470436618439816));
#1595=CARTESIAN_POINT('',(0.0180028299854775,-0.0254,0.0434626763120368));
#1596=CARTESIAN_POINT('',(-0.0180028299854774,-0.0835341389483187,0.0434626763120369));
#1597=CARTESIAN_POINT('',(-3.68628738645072E-17,-0.0835341389483185,0.0470436618439816));
#1598=CARTESIAN_POINT('',(0.0180028299854775,-0.0835341389483186,0.0434626763120368));
#1599=CARTESIAN_POINT('',(0.0332648923017262,-0.0835341389483186,0.0332648923017263));
#1600=CARTESIAN_POINT('',(0.0434626763120368,-0.0835341389483186,0.0180028299854775));
#1601=CARTESIAN_POINT('',(0.0470436618439816,-0.0835341389483186,1.14112278654099E-17));
#1602=CARTESIAN_POINT('',(0.0434626763120368,-0.0835341389483186,-0.0180028299854775));
#1603=CARTESIAN_POINT('',(0.0332648923017263,-0.0835341389483186,-0.0332648923017262));
#1604=CARTESIAN_POINT('',(0.0180028299854775,-0.0835341389483186,-0.0434626763120368));
#1605=CARTESIAN_POINT('',(1.33762913634807E-17,-0.0835341389483186,-0.0470436618439816));
#1606=CARTESIAN_POINT('',(-0.0180028299854775,-0.0835341389483186,-0.0434626763120368));
#1607=CARTESIAN_POINT('',(-0.0332648923017262,-0.0835341389483186,-0.0332648923017262));
#1608=CARTESIAN_POINT('',(-0.0434626763120368,-0.0835341389483186,-0.0180028299854775));
#1609=CARTESIAN_POINT('',(-0.0470436618439816,-0.0835341389483186,-1.45012040569936E-17));
#1610=CARTESIAN_POINT('',(-0.0434626763120368,-0.0835341389483186,0.0180028299854775));
#1611=CARTESIAN_POINT('',(-0.0332648923017262,-0.0835341389483186,0.0332648923017262));
#1612=CARTESIAN_POINT('',(-0.0180028299854774,-0.0835341389483187,0.0434626763120369));
#1613=CARTESIAN_POINT('',(-3.68628738645072E-17,-0.0835341389483185,0.0470436618439816));
#1614=CARTESIAN_POINT('',(0.0180028299854775,-0.0835341389483186,0.0434626763120368));
#1615=CARTESIAN_POINT('',(-0.0127636498544765,-0.141668277896637,0.0308141765840586));
#1616=CARTESIAN_POINT('',(-2.49366499671666E-17,-0.141668277896637,0.0333530243930175));
#1617=CARTESIAN_POINT('',(0.0127636498544765,-0.141668277896637,0.0308141765840586));
#1618=CARTESIAN_POINT('',(0.023584149721383,-0.141668277896637,0.023584149721383));
#1619=CARTESIAN_POINT('',(0.0308141765840586,-0.141668277896637,0.0127636498544765));
#1620=CARTESIAN_POINT('',(0.0333530243930175,-0.141668277896637,4.94667241196511E-18));
#1621=CARTESIAN_POINT('',(0.0308141765840586,-0.141668277896637,-0.0127636498544765));
#1622=CARTESIAN_POINT('',(0.023584149721383,-0.141668277896637,-0.023584149721383));
#1623=CARTESIAN_POINT('',(0.0127636498544765,-0.141668277896637,-0.0308141765840586));
#1624=CARTESIAN_POINT('',(5.47291810022645E-18,-0.141668277896637,-0.0333530243930175));
#1625=CARTESIAN_POINT('',(-0.0127636498544765,-0.141668277896637,-0.0308141765840586));
#1626=CARTESIAN_POINT('',(-0.023584149721383,-0.141668277896637,-0.023584149721383));
#1627=CARTESIAN_POINT('',(-0.0308141765840586,-0.141668277896637,-0.0127636498544765));
#1628=CARTESIAN_POINT('',(-0.0333530243930175,-0.141668277896637,-1.95359678954732E-17));
#1629=CARTESIAN_POINT('',(-0.0308141765840586,-0.141668277896637,0.0127636498544765));
#1630=CARTESIAN_POINT('',(-0.023584149721383,-0.141668277896637,0.0235841497213831));
#1631=CARTESIAN_POINT('',(-0.0127636498544765,-0.141668277896637,0.0308141765840586));
#1632=CARTESIAN_POINT('',(-2.49366499671666E-17,-0.141668277896637,0.0333530243930175));
#1633=CARTESIAN_POINT('',(0.0127636498544765,-0.141668277896637,0.0308141765840586));
#1634=CARTESIAN_POINT('',(-0.00628233979865411,-0.165966044901592,0.0151669099453471));
#1635=CARTESIAN_POINT('',(-1.23599047663348E-17,-0.165966044901592,0.0164165450273808));
#1636=CARTESIAN_POINT('',(0.00628233979865415,-0.165966044901592,0.0151669099453471));
#1637=CARTESIAN_POINT('',(0.0116082503125153,-0.165966044901592,0.0116082503125153));
#1638=CARTESIAN_POINT('',(0.0151669099453471,-0.165966044901592,0.00628233979865414));
#1639=CARTESIAN_POINT('',(0.0164165450273808,-0.165966044901592,4.71627945031194E-18));
#1640=CARTESIAN_POINT('',(0.0151669099453471,-0.165966044901592,-0.00628233979865414));
#1641=CARTESIAN_POINT('',(0.0116082503125153,-0.165966044901592,-0.0116082503125153));
#1642=CARTESIAN_POINT('',(0.00628233979865415,-0.165966044901592,-0.0151669099453471));
#1643=CARTESIAN_POINT('',(2.09593008842156E-18,-0.165966044901592,-0.0164165450273808));
#1644=CARTESIAN_POINT('',(-0.00628233979865414,-0.165966044901592,-0.0151669099453471));
#1645=CARTESIAN_POINT('',(-0.0116082503125153,-0.165966044901592,-0.0116082503125153));
#1646=CARTESIAN_POINT('',(-0.0151669099453471,-0.165966044901592,-0.00628233979865415));
#1647=CARTESIAN_POINT('',(-0.0164165450273808,-0.165966044901592,-4.0183243017744E-18));
#1648=CARTESIAN_POINT('',(-0.0151669099453471,-0.165966044901592,0.00628233979865414));
#1649=CARTESIAN_POINT('',(-0.0116082503125153,-0.165966044901592,0.0116082503125153));
#1650=CARTESIAN_POINT('',(-0.00628233979865411,-0.165966044901592,0.0151669099453471));
#1651=CARTESIAN_POINT('',(-1.23599047663348E-17,-0.165966044901592,0.0164165450273808));
#1652=CARTESIAN_POINT('',(0.00628233979865415,-0.165966044901592,0.0151669099453471));
#1653=CARTESIAN_POINT('',(0.,-0.165966044901592,0.));
#1654=CARTESIAN_POINT('',(0.,-0.165966044901592,0.016));
#1655=CARTESIAN_POINT('',(0.,-0.171298647104506,0.));
#1656=CARTESIAN_POINT('',(0.,-0.163014508557832,0.));
#1657=CARTESIAN_POINT('',(0.,-0.0254,0.0443486471045059));
#1658=CARTESIAN_POINT('',(0.0163398202597719,-0.0254,0.0443486471045059));
#1659=CARTESIAN_POINT('',(0.0304647833797359,-0.0254,0.0361343216312057));
#1660=CARTESIAN_POINT('',(0.0385456213608067,-0.0254,0.0219325687941318));
#1661=CARTESIAN_POINT('',(0.,-0.0781055014150243,0.0443486471045059));
#1662=CARTESIAN_POINT('',(0.0163398202597719,-0.0781055014150243,0.0443486471045059));
#1663=CARTESIAN_POINT('',(0.0304647833797359,-0.0781055014150243,0.0361343216312057));
#1664=CARTESIAN_POINT('',(0.0385456213608067,-0.0781055014150243,0.0219325687941318));
#1665=CARTESIAN_POINT('',(0.,-0.137186948930234,0.0317237031752568));
#1666=CARTESIAN_POINT('',(0.0116882845746468,-0.137186948930234,0.0317237031752568));
#1667=CARTESIAN_POINT('',(0.0217922261069165,-0.137186948930234,0.0258477894752095));
#1668=CARTESIAN_POINT('',(0.0275726528449575,-0.137186948930234,0.015688918326107));
#1669=CARTESIAN_POINT('',(0.,-0.163014508557832,0.0160000000000439));
#1670=CARTESIAN_POINT('',(0.00589504170309864,-0.163014508557832,0.0160000000000439));
#1671=CARTESIAN_POINT('',(0.010991012486322,-0.163014508557832,0.0130364550859576));
#1672=CARTESIAN_POINT('',(0.0139063980987131,-0.163014508557832,0.00791278029023383));
#1673=CARTESIAN_POINT('',(0.0123564064605379,-0.16255249786098,0.0105980762113457));
#1674=CARTESIAN_POINT('',(0.0136936048282265,-0.160015854730405,0.0113701080488907));
#1675=CARTESIAN_POINT('',(0.0160692302865434,-0.154797720364895,0.0127416760467437));
#1676=CARTESIAN_POINT('',(0.0200977606608024,-0.144016963610548,0.0150675491427607));
#1677=CARTESIAN_POINT('',(0.0241895053007567,-0.130055472382307,0.0174299190120935));
#1678=CARTESIAN_POINT('',(0.0281000155409947,-0.112955332362852,0.0196876531519637));
#1679=CARTESIAN_POINT('',(0.0322489766409997,-0.0899301753134071,0.0220830569599088));
#1680=CARTESIAN_POINT('',(0.0357511072982835,-0.0606931179513659,0.0241050130376289));
#1681=CARTESIAN_POINT('',(0.036819079777573,-0.0371975860160547,0.0247216072360338));
#1682=CARTESIAN_POINT('',(0.036819079777573,-0.0254,0.0247216072360338));
#1683=CARTESIAN_POINT('',(0.0123564064605378,-0.16255249786098,0.0105980762113456));
#1684=CARTESIAN_POINT('',(0.012356406460551,-0.162552497860954,0.0105980762113533));
#1685=CARTESIAN_POINT('',(0.0128464958106336,-0.162854423990195,0.00974921655676187));
#1686=CARTESIAN_POINT('',(0.0133460883902059,-0.163014508557831,0.00888389682598974));
#1687=CARTESIAN_POINT('',(0.0138564064606035,-0.163014508557832,0.00800000000004058));
#1688=CARTESIAN_POINT('',(0.,-0.163014508557832,0.016000000000022));
#1689=CARTESIAN_POINT('',(0.00102371709822547,-0.163014508557832,0.016000000000022));
#1690=CARTESIAN_POINT('',(0.00202264657679304,-0.162853553715279,0.016));
#1691=CARTESIAN_POINT('',(0.003,-0.162552497860955,0.016));
#1692=CARTESIAN_POINT('',(0.003,-0.162552497860954,0.016));
#1693=CARTESIAN_POINT('',(0.00299999999999999,-0.162552497860954,0.0160000000000001));
#1694=CARTESIAN_POINT('',(0.00299999999999999,-0.16001585473038,0.0175440636750884));
#1695=CARTESIAN_POINT('',(0.00300000000000001,-0.15479772036487,0.0202871996707924));
#1696=CARTESIAN_POINT('',(0.003,-0.144016963610525,0.0249389458628232));
#1697=CARTESIAN_POINT('',(0.003,-0.130055472382286,0.0296636856014865));
#1698=CARTESIAN_POINT('',(0.003,-0.112955332362834,0.0341791538812249));
#1699=CARTESIAN_POINT('',(0.003,-0.0899301753133938,0.0389699614971131));
#1700=CARTESIAN_POINT('',(0.003,-0.0606931179513586,0.0430138736525517));
#1701=CARTESIAN_POINT('',(0.003,-0.0371975860160522,0.044247062049361));
#1702=CARTESIAN_POINT('',(0.003,-0.0254,0.044247062049361));
#1703=CARTESIAN_POINT('',(0.,-0.171298647104506,0.));
#1704=CARTESIAN_POINT('',(-0.0368190797775729,-0.171298647104506,0.0247216072360338));
#1705=CARTESIAN_POINT('',(-0.003,-0.171298647104506,0.044247062049361));
#1706=CARTESIAN_POINT('',(0.003,-0.154532254278916,0.016));
#1707=CARTESIAN_POINT('',(-0.003,-0.154532254278916,0.016));
#1708=CARTESIAN_POINT('',(-0.003,-0.14605,0.016));
#1709=CARTESIAN_POINT('',(0.003,-0.14605,0.016));
#1710=CARTESIAN_POINT('',(0.003,-0.14605,0.016));
#1711=CARTESIAN_POINT('',(0.003,-0.154532254278916,0.016));
#1712=CARTESIAN_POINT('',(0.003,-0.0889,0.));
#1713=CARTESIAN_POINT('',(0.003,-0.14605,0.0153881764701813));
#1714=CARTESIAN_POINT('',(0.003,-0.146050000000005,0.0147763529403626));
#1715=CARTESIAN_POINT('',(0.003,-0.0254,0.0343486471045059));
#1716=CARTESIAN_POINT('',(0.003,-0.0611945776330988,0.0343486471045059));
#1717=CARTESIAN_POINT('',(0.003,-0.116500385761716,0.0258218348572162));
#1718=CARTESIAN_POINT('',(0.003,-0.146050000000005,0.0147763529403626));
#1719=CARTESIAN_POINT('',(0.003,-0.0254,0.0343486471045059));
#1720=CARTESIAN_POINT('',(0.003,-0.0127,0.0343486471045059));
#1721=CARTESIAN_POINT('',(-0.003,-0.0889,0.));
#1722=CARTESIAN_POINT('',(-0.003,-0.0127,0.0343486471045059));
#1723=CARTESIAN_POINT('',(-0.003,-0.0254,0.0343486471045059));
#1724=CARTESIAN_POINT('',(-0.003,-0.0254,0.0343486471045059));
#1725=CARTESIAN_POINT('',(-0.003,-0.0611945776330988,0.0343486471045059));
#1726=CARTESIAN_POINT('',(-0.003,-0.116500385761716,0.0258218348572162));
#1727=CARTESIAN_POINT('',(-0.003,-0.146050000000005,0.0147763529403626));
#1728=CARTESIAN_POINT('',(-0.003,-0.146050000000005,0.0147763529403626));
#1729=CARTESIAN_POINT('',(-0.003,-0.14605,0.0153881764701813));
#1730=CARTESIAN_POINT('',(0.003,-0.14605,0.0153881764701813));
#1731=CARTESIAN_POINT('',(0.003,-0.146050000000005,0.0147763529403626));
#1732=CARTESIAN_POINT('',(0.003,-0.0254,0.0343486471045059));
#1733=CARTESIAN_POINT('',(-0.003,-0.0254,0.0343486471045059));
#1734=CARTESIAN_POINT('',(0.003,-0.0611945776330988,0.0343486471045059));
#1735=CARTESIAN_POINT('',(-0.003,-0.0611945776330988,0.0343486471045059));
#1736=CARTESIAN_POINT('',(0.003,-0.116500385761716,0.0258218348572162));
#1737=CARTESIAN_POINT('',(-0.003,-0.116500385761716,0.0258218348572162));
#1738=CARTESIAN_POINT('',(0.003,-0.146050000000005,0.0147763529403626));
#1739=CARTESIAN_POINT('',(-0.003,-0.146050000000005,0.0147763529403626));
#1740=CARTESIAN_POINT('',(0.003,-0.0254,0.0343486471045059));
#1741=CARTESIAN_POINT('',(0.003,-0.0127,0.0343486471045059));
#1742=CARTESIAN_POINT('',(0.015356406460551,-0.154532254278916,0.00540192378864669));
#1743=CARTESIAN_POINT('',(0.012356406460551,-0.154532254278916,0.0105980762113533));
#1744=CARTESIAN_POINT('',(0.012356406460551,-0.14605,0.0105980762113533));
#1745=CARTESIAN_POINT('',(0.015356406460551,-0.14605,0.00540192378864669));
#1746=CARTESIAN_POINT('',(0.015356406460551,-0.14605,0.00540192378864669));
#1747=CARTESIAN_POINT('',(0.015356406460551,-0.154532254278916,0.00540192378864669));
#1748=CARTESIAN_POINT('',(0.0015,-0.0889,-0.00259807621135332));
#1749=CARTESIAN_POINT('',(0.014826551741095,-0.14605,0.00509601202373733));
#1750=CARTESIAN_POINT('',(0.0142966970216389,-0.146050000000005,0.00479010025882798));
#1751=CARTESIAN_POINT('',(0.031246800978129,-0.0254,0.0145762473408996));
#1752=CARTESIAN_POINT('',(0.031246800978129,-0.0611945776330988,0.0145762473408996));
#1753=CARTESIAN_POINT('',(0.0238623649586758,-0.116500385761716,0.0103128412172548));
#1754=CARTESIAN_POINT('',(0.0142966970216389,-0.146050000000005,0.00479010025882798));
#1755=CARTESIAN_POINT('',(0.031246800978129,-0.0254,0.0145762473408996));
#1756=CARTESIAN_POINT('',(0.031246800978129,-0.0127,0.0145762473408996));
#1757=CARTESIAN_POINT('',(-0.0015,-0.0889,0.00259807621135332));
#1758=CARTESIAN_POINT('',(0.028246800978129,-0.0127,0.0197723997636063));
#1759=CARTESIAN_POINT('',(0.028246800978129,-0.0254,0.0197723997636063));
#1760=CARTESIAN_POINT('',(0.028246800978129,-0.0254,0.0197723997636063));
#1761=CARTESIAN_POINT('',(0.028246800978129,-0.0611945776330988,0.0197723997636063));
#1762=CARTESIAN_POINT('',(0.0208623649586758,-0.116500385761716,0.0155089936399614));
#1763=CARTESIAN_POINT('',(0.0112966970216389,-0.146050000000005,0.00998625268153461));
#1764=CARTESIAN_POINT('',(0.0112966970216389,-0.146050000000005,0.00998625268153461));
#1765=CARTESIAN_POINT('',(0.011826551741095,-0.14605,0.010292164446444));
#1766=CARTESIAN_POINT('',(0.014826551741095,-0.14605,0.00509601202373733));
#1767=CARTESIAN_POINT('',(0.0142966970216389,-0.146050000000005,0.00479010025882798));
#1768=CARTESIAN_POINT('',(0.031246800978129,-0.0254,0.0145762473408996));
#1769=CARTESIAN_POINT('',(0.028246800978129,-0.0254,0.0197723997636063));
#1770=CARTESIAN_POINT('',(0.0312468009781289,-0.0611945776330988,0.0145762473408996));
#1771=CARTESIAN_POINT('',(0.0282468009781289,-0.0611945776330988,0.0197723997636063));
#1772=CARTESIAN_POINT('',(0.0238623649586758,-0.116500385761716,0.0103128412172548));
#1773=CARTESIAN_POINT('',(0.0208623649586758,-0.116500385761716,0.0155089936399614));
#1774=CARTESIAN_POINT('',(0.0142966970216389,-0.146050000000005,0.00479010025882798));
#1775=CARTESIAN_POINT('',(0.0112966970216389,-0.146050000000005,0.00998625268153461));
#1776=CARTESIAN_POINT('',(0.031246800978129,-0.0254,0.0145762473408996));
#1777=CARTESIAN_POINT('',(0.031246800978129,-0.0127,0.0145762473408996));
#1778=CARTESIAN_POINT('',(0.012356406460551,-0.154532254278916,-0.0105980762113533));
#1779=CARTESIAN_POINT('',(0.015356406460551,-0.154532254278916,-0.00540192378864671));
#1780=CARTESIAN_POINT('',(0.015356406460551,-0.14605,-0.00540192378864671));
#1781=CARTESIAN_POINT('',(0.012356406460551,-0.14605,-0.0105980762113533));
#1782=CARTESIAN_POINT('',(0.012356406460551,-0.14605,-0.0105980762113533));
#1783=CARTESIAN_POINT('',(0.012356406460551,-0.154532254278916,-0.0105980762113533));
#1784=CARTESIAN_POINT('',(-0.0015,-0.0889,-0.00259807621135332));
#1785=CARTESIAN_POINT('',(0.011826551741095,-0.14605,-0.010292164446444));
#1786=CARTESIAN_POINT('',(0.0112966970216389,-0.146050000000005,-0.00998625268153463));
#1787=CARTESIAN_POINT('',(0.0282468009781289,-0.0254,-0.0197723997636063));
#1788=CARTESIAN_POINT('',(0.0282468009781289,-0.0611945776330988,-0.0197723997636063));
#1789=CARTESIAN_POINT('',(0.0208623649586758,-0.116500385761716,-0.0155089936399615));
#1790=CARTESIAN_POINT('',(0.0112966970216389,-0.146050000000005,-0.00998625268153463));
#1791=CARTESIAN_POINT('',(0.0282468009781289,-0.0254,-0.0197723997636063));
#1792=CARTESIAN_POINT('',(0.0282468009781289,-0.0127,-0.0197723997636063));
#1793=CARTESIAN_POINT('',(0.0015,-0.0889,0.00259807621135332));
#1794=CARTESIAN_POINT('',(0.0312468009781289,-0.0127,-0.0145762473408997));
#1795=CARTESIAN_POINT('',(0.0312468009781289,-0.0254,-0.0145762473408997));
#1796=CARTESIAN_POINT('',(0.0312468009781289,-0.0254,-0.0145762473408997));
#1797=CARTESIAN_POINT('',(0.0312468009781289,-0.0611945776330988,-0.0145762473408997));
#1798=CARTESIAN_POINT('',(0.0238623649586757,-0.116500385761716,-0.0103128412172548));
#1799=CARTESIAN_POINT('',(0.0142966970216389,-0.146050000000005,-0.004790100258828));
#1800=CARTESIAN_POINT('',(0.0142966970216389,-0.146050000000005,-0.004790100258828));
#1801=CARTESIAN_POINT('',(0.014826551741095,-0.14605,-0.00509601202373735));
#1802=CARTESIAN_POINT('',(0.011826551741095,-0.14605,-0.010292164446444));
#1803=CARTESIAN_POINT('',(0.0112966970216389,-0.146050000000005,-0.00998625268153463));
#1804=CARTESIAN_POINT('',(0.0282468009781289,-0.0254,-0.0197723997636063));
#1805=CARTESIAN_POINT('',(0.0312468009781289,-0.0254,-0.0145762473408997));
#1806=CARTESIAN_POINT('',(0.0282468009781289,-0.0611945776330988,-0.0197723997636063));
#1807=CARTESIAN_POINT('',(0.0312468009781289,-0.0611945776330988,-0.0145762473408997));
#1808=CARTESIAN_POINT('',(0.0208623649586758,-0.116500385761716,-0.0155089936399615));
#1809=CARTESIAN_POINT('',(0.0238623649586758,-0.116500385761716,-0.0103128412172548));
#1810=CARTESIAN_POINT('',(0.0112966970216389,-0.146050000000005,-0.00998625268153463));
#1811=CARTESIAN_POINT('',(0.0142966970216389,-0.146050000000005,-0.004790100258828));
#1812=CARTESIAN_POINT('',(0.0282468009781289,-0.0254,-0.0197723997636063));
#1813=CARTESIAN_POINT('',(0.0282468009781289,-0.0127,-0.0197723997636063));
#1814=CARTESIAN_POINT('',(-0.003,-0.154532254278916,-0.016));
#1815=CARTESIAN_POINT('',(0.003,-0.154532254278916,-0.016));
#1816=CARTESIAN_POINT('',(0.003,-0.14605,-0.016));
#1817=CARTESIAN_POINT('',(-0.003,-0.14605,-0.016));
#1818=CARTESIAN_POINT('',(-0.003,-0.14605,-0.016));
#1819=CARTESIAN_POINT('',(-0.003,-0.154532254278916,-0.016));
#1820=CARTESIAN_POINT('',(-0.003,-0.0889,3.67394039744206E-19));
#1821=CARTESIAN_POINT('',(-0.003,-0.14605,-0.0153881764701813));
#1822=CARTESIAN_POINT('',(-0.003,-0.146050000000005,-0.0147763529403626));
#1823=CARTESIAN_POINT('',(-0.003,-0.0254,-0.0343486471045059));
#1824=CARTESIAN_POINT('',(-0.003,-0.0611945776330988,-0.0343486471045059));
#1825=CARTESIAN_POINT('',(-0.003,-0.116500385761716,-0.0258218348572162));
#1826=CARTESIAN_POINT('',(-0.003,-0.146050000000005,-0.0147763529403626));
#1827=CARTESIAN_POINT('',(-0.003,-0.0254,-0.0343486471045059));
#1828=CARTESIAN_POINT('',(-0.003,-0.0127,-0.0343486471045059));
#1829=CARTESIAN_POINT('',(0.003,-0.0889,-3.67394039744206E-19));
#1830=CARTESIAN_POINT('',(0.003,-0.0127,-0.0343486471045059));
#1831=CARTESIAN_POINT('',(0.003,-0.0254,-0.0343486471045059));
#1832=CARTESIAN_POINT('',(0.003,-0.0254,-0.0343486471045059));
#1833=CARTESIAN_POINT('',(0.003,-0.0611945776330988,-0.0343486471045059));
#1834=CARTESIAN_POINT('',(0.003,-0.116500385761716,-0.0258218348572162));
#1835=CARTESIAN_POINT('',(0.003,-0.146050000000005,-0.0147763529403626));
#1836=CARTESIAN_POINT('',(0.003,-0.146050000000005,-0.0147763529403626));
#1837=CARTESIAN_POINT('',(0.003,-0.14605,-0.0153881764701813));
#1838=CARTESIAN_POINT('',(-0.003,-0.14605,-0.0153881764701813));
#1839=CARTESIAN_POINT('',(-0.003,-0.146050000000005,-0.0147763529403626));
#1840=CARTESIAN_POINT('',(-0.003,-0.0254,-0.0343486471045059));
#1841=CARTESIAN_POINT('',(0.003,-0.0254,-0.0343486471045059));
#1842=CARTESIAN_POINT('',(-0.003,-0.0611945776330988,-0.0343486471045059));
#1843=CARTESIAN_POINT('',(0.003,-0.0611945776330988,-0.0343486471045059));
#1844=CARTESIAN_POINT('',(-0.003,-0.116500385761716,-0.0258218348572162));
#1845=CARTESIAN_POINT('',(0.003,-0.116500385761716,-0.0258218348572162));
#1846=CARTESIAN_POINT('',(-0.003,-0.146050000000005,-0.0147763529403626));
#1847=CARTESIAN_POINT('',(0.003,-0.146050000000005,-0.0147763529403626));
#1848=CARTESIAN_POINT('',(-0.003,-0.0254,-0.0343486471045059));
#1849=CARTESIAN_POINT('',(-0.003,-0.0127,-0.0343486471045059));
#1850=CARTESIAN_POINT('',(-0.015356406460551,-0.154532254278916,-0.00540192378864669));
#1851=CARTESIAN_POINT('',(-0.012356406460551,-0.154532254278916,-0.0105980762113533));
#1852=CARTESIAN_POINT('',(-0.012356406460551,-0.14605,-0.0105980762113533));
#1853=CARTESIAN_POINT('',(-0.015356406460551,-0.14605,-0.00540192378864669));
#1854=CARTESIAN_POINT('',(-0.015356406460551,-0.14605,-0.00540192378864669));
#1855=CARTESIAN_POINT('',(-0.015356406460551,-0.154532254278916,-0.00540192378864669));
#1856=CARTESIAN_POINT('',(-0.0015,-0.0889,0.00259807621135332));
#1857=CARTESIAN_POINT('',(-0.014826551741095,-0.14605,-0.00509601202373734));
#1858=CARTESIAN_POINT('',(-0.0142966970216389,-0.146050000000005,-0.00479010025882798));
#1859=CARTESIAN_POINT('',(-0.031246800978129,-0.0254,-0.0145762473408996));
#1860=CARTESIAN_POINT('',(-0.031246800978129,-0.0611945776330988,-0.0145762473408996));
#1861=CARTESIAN_POINT('',(-0.0238623649586758,-0.116500385761716,-0.0103128412172548));
#1862=CARTESIAN_POINT('',(-0.0142966970216389,-0.146050000000005,-0.00479010025882798));
#1863=CARTESIAN_POINT('',(-0.031246800978129,-0.0254,-0.0145762473408996));
#1864=CARTESIAN_POINT('',(-0.031246800978129,-0.0127,-0.0145762473408996));
#1865=CARTESIAN_POINT('',(0.0015,-0.0889,-0.00259807621135332));
#1866=CARTESIAN_POINT('',(-0.028246800978129,-0.0127,-0.0197723997636063));
#1867=CARTESIAN_POINT('',(-0.028246800978129,-0.0254,-0.0197723997636063));
#1868=CARTESIAN_POINT('',(-0.028246800978129,-0.0254,-0.0197723997636063));
#1869=CARTESIAN_POINT('',(-0.028246800978129,-0.0611945776330988,-0.0197723997636063));
#1870=CARTESIAN_POINT('',(-0.0208623649586758,-0.116500385761716,-0.0155089936399615));
#1871=CARTESIAN_POINT('',(-0.0112966970216389,-0.146050000000005,-0.00998625268153462));
#1872=CARTESIAN_POINT('',(-0.0112966970216389,-0.146050000000005,-0.00998625268153462));
#1873=CARTESIAN_POINT('',(-0.011826551741095,-0.14605,-0.010292164446444));
#1874=CARTESIAN_POINT('',(-0.014826551741095,-0.14605,-0.00509601202373734));
#1875=CARTESIAN_POINT('',(-0.0142966970216389,-0.146050000000005,-0.00479010025882798));
#1876=CARTESIAN_POINT('',(-0.031246800978129,-0.0254,-0.0145762473408996));
#1877=CARTESIAN_POINT('',(-0.0282468009781289,-0.0254,-0.0197723997636063));
#1878=CARTESIAN_POINT('',(-0.0312468009781289,-0.0611945776330988,-0.0145762473408996));
#1879=CARTESIAN_POINT('',(-0.0282468009781289,-0.0611945776330988,-0.0197723997636063));
#1880=CARTESIAN_POINT('',(-0.0238623649586758,-0.116500385761716,-0.0103128412172548));
#1881=CARTESIAN_POINT('',(-0.0208623649586758,-0.116500385761716,-0.0155089936399614));
#1882=CARTESIAN_POINT('',(-0.0142966970216389,-0.146050000000005,-0.00479010025882798));
#1883=CARTESIAN_POINT('',(-0.0112966970216389,-0.146050000000005,-0.00998625268153462));
#1884=CARTESIAN_POINT('',(-0.031246800978129,-0.0254,-0.0145762473408996));
#1885=CARTESIAN_POINT('',(-0.031246800978129,-0.0127,-0.0145762473408996));
#1886=CARTESIAN_POINT('',(-0.012356406460551,-0.154532254278916,0.0105980762113533));
#1887=CARTESIAN_POINT('',(-0.015356406460551,-0.154532254278916,0.0054019237886467));
#1888=CARTESIAN_POINT('',(-0.015356406460551,-0.14605,0.0054019237886467));
#1889=CARTESIAN_POINT('',(-0.012356406460551,-0.14605,0.0105980762113533));
#1890=CARTESIAN_POINT('',(-0.012356406460551,-0.14605,0.0105980762113533));
#1891=CARTESIAN_POINT('',(-0.012356406460551,-0.154532254278916,0.0105980762113533));
#1892=CARTESIAN_POINT('',(0.0015,-0.0889,0.00259807621135332));
#1893=CARTESIAN_POINT('',(-0.011826551741095,-0.14605,0.010292164446444));
#1894=CARTESIAN_POINT('',(-0.0112966970216389,-0.146050000000005,0.00998625268153462));
#1895=CARTESIAN_POINT('',(-0.0282468009781289,-0.0254,0.0197723997636063));
#1896=CARTESIAN_POINT('',(-0.0282468009781289,-0.0611945776330988,0.0197723997636063));
#1897=CARTESIAN_POINT('',(-0.0208623649586758,-0.116500385761716,0.0155089936399615));
#1898=CARTESIAN_POINT('',(-0.0112966970216389,-0.146050000000005,0.00998625268153462));
#1899=CARTESIAN_POINT('',(-0.0282468009781289,-0.0254,0.0197723997636063));
#1900=CARTESIAN_POINT('',(-0.0282468009781289,-0.0127,0.0197723997636063));
#1901=CARTESIAN_POINT('',(-0.0015,-0.0889,-0.00259807621135332));
#1902=CARTESIAN_POINT('',(-0.031246800978129,-0.0127,0.0145762473408996));
#1903=CARTESIAN_POINT('',(-0.031246800978129,-0.0254,0.0145762473408996));
#1904=CARTESIAN_POINT('',(-0.031246800978129,-0.0254,0.0145762473408996));
#1905=CARTESIAN_POINT('',(-0.031246800978129,-0.0611945776330988,0.0145762473408996));
#1906=CARTESIAN_POINT('',(-0.0238623649586758,-0.116500385761716,0.0103128412172548));
#1907=CARTESIAN_POINT('',(-0.0142966970216389,-0.146050000000005,0.00479010025882799));
#1908=CARTESIAN_POINT('',(-0.0142966970216389,-0.146050000000005,0.00479010025882799));
#1909=CARTESIAN_POINT('',(-0.014826551741095,-0.14605,0.00509601202373734));
#1910=CARTESIAN_POINT('',(-0.011826551741095,-0.14605,0.010292164446444));
#1911=CARTESIAN_POINT('',(-0.0112966970216389,-0.146050000000005,0.00998625268153462));
#1912=CARTESIAN_POINT('',(-0.0282468009781289,-0.0254,0.0197723997636063));
#1913=CARTESIAN_POINT('',(-0.0312468009781289,-0.0254,0.0145762473408996));
#1914=CARTESIAN_POINT('',(-0.0282468009781289,-0.0611945776330988,0.0197723997636063));
#1915=CARTESIAN_POINT('',(-0.0312468009781289,-0.0611945776330988,0.0145762473408996));
#1916=CARTESIAN_POINT('',(-0.0208623649586758,-0.116500385761716,0.0155089936399615));
#1917=CARTESIAN_POINT('',(-0.0238623649586758,-0.116500385761716,0.0103128412172548));
#1918=CARTESIAN_POINT('',(-0.0112966970216389,-0.146050000000005,0.00998625268153462));
#1919=CARTESIAN_POINT('',(-0.0142966970216389,-0.146050000000005,0.00479010025882794));
#1920=CARTESIAN_POINT('',(-0.0282468009781289,-0.0254,0.0197723997636063));
#1921=CARTESIAN_POINT('',(-0.0282468009781289,-0.0127,0.0197723997636063));
#1922=MECHANICAL_DESIGN_GEOMETRIC_PRESENTATION_REPRESENTATION('',(#970),
#1923);
#1923=(
GEOMETRIC_REPRESENTATION_CONTEXT(3)
GLOBAL_UNCERTAINTY_ASSIGNED_CONTEXT((#1924))
GLOBAL_UNIT_ASSIGNED_CONTEXT((#1927,#1926,#1925))
REPRESENTATION_CONTEXT('Nose Cone','TOP_LEVEL_ASSEMBLY_PART')
);
#1924=UNCERTAINTY_MEASURE_WITH_UNIT(LENGTH_MEASURE(2.E-5),#1927,
'DISTANCE_ACCURACY_VALUE','Maximum Tolerance applied to model');
#1925=(
NAMED_UNIT(*)
SI_UNIT($,.STERADIAN.)
SOLID_ANGLE_UNIT()
);
#1926=(
NAMED_UNIT(*)
PLANE_ANGLE_UNIT()
SI_UNIT($,.RADIAN.)
);
#1927=(
LENGTH_UNIT()
NAMED_UNIT(*)
SI_UNIT($,.METRE.)
);
#1928=PRODUCT_DEFINITION_SHAPE('','',#1929);
#1929=PRODUCT_DEFINITION('','',#1931,#1930);
#1930=PRODUCT_DEFINITION_CONTEXT('',#1937,'design');
#1931=PRODUCT_DEFINITION_FORMATION_WITH_SPECIFIED_SOURCE('','',#1933,
 .NOT_KNOWN.);
#1932=PRODUCT_RELATED_PRODUCT_CATEGORY('','',(#1933));
#1933=PRODUCT('Nose Cone','Nose Cone','Nose Cone',(#1935));
#1934=PRODUCT_CATEGORY('','');
#1935=PRODUCT_CONTEXT('',#1937,'mechanical');
#1936=APPLICATION_PROTOCOL_DEFINITION('international standard',
'ap242_managed_model_based_3d_engineering',2020,#1937);
#1937=APPLICATION_CONTEXT('managed model based 3d engineering');
ENDSEC;
END-ISO-10303-21;
