ISO-10303-21;
HEADER;
/* Generated by software containing ST-Developer
 * from STEP Tools, Inc. (www.steptools.com) 
 */
/* OPTION: using custom renumber hook */

FILE_DESCRIPTION(
/* description */ ('STEP AP242 Edition 2',
'CAx-IF Rec.Pracs.---Representation and Presentation of Product Manufa
cturing Information (PMI)---4.0---2014-10-13',
'CAx-IF Rec.Pracs.---3D Tessellated Geometry---0.4---2014-09-14','2;1',
'CAx-IF Rec.Pracs.---User Defined Attributes---1.5---2016-08-15'),
/* implementation_level */ '2;1');

FILE_NAME(
/* name */ 'Wing - Solar Panels Wingtips',
/* time_stamp */ '2026-08-24T02:45:28Z',
/* author */ (''),
/* organization */ (''),
/* preprocessor_version */ 'ST-DEVELOPER v20',
/* originating_system */ 'ONSHAPE BY PTC INC, 1.219',
/* authorisation */ '  ');

FILE_SCHEMA (('AP242_MANAGED_MODEL_BASED_3D_ENGINEERING_MIM_LF { 1 0 10303 442 3 1 4 }'));
ENDSEC;

DATA;
#10=SHAPE_REPRESENTATION_RELATIONSHIP('','',#1329,#11);
#11=ADVANCED_BREP_SHAPE_REPRESENTATION('',(#1327),#2339);
#12=B_SPLINE_SURFACE_WITH_KNOTS('',3,1,((#1704,#1705),(#1706,#1707),(#1708,
#1709),(#1710,#1711)),.SURF_OF_LINEAR_EXTRUSION.,.F.,.F.,.F.,(4,4),(2,2),
(0.215203272684307,0.374074567650368),(0.,1.),.PIECEWISE_BEZIER_KNOTS.);
#13=B_SPLINE_SURFACE_WITH_KNOTS('',3,1,((#1757,#1758),(#1759,#1760),(#1761,
#1762),(#1763,#1764),(#1765,#1766)),.SURF_OF_LINEAR_EXTRUSION.,.F.,.F.,
 .F.,(4,1,4),(2,2),(0.0807763568372432,0.320409704884978,0.560043052932713),
(0.,1.),.UNSPECIFIED.);
#14=B_SPLINE_SURFACE_WITH_KNOTS('',3,1,((#1901,#1902),(#1903,#1904),(#1905,
#1906),(#1907,#1908)),.SURF_OF_LINEAR_EXTRUSION.,.F.,.F.,.F.,(4,4),(2,2),
(0.215203272684307,0.374074567650368),(0.,1.),.PIECEWISE_BEZIER_KNOTS.);
#15=B_SPLINE_SURFACE_WITH_KNOTS('',3,1,((#1954,#1955),(#1956,#1957),(#1958,
#1959),(#1960,#1961),(#1962,#1963)),.SURF_OF_LINEAR_EXTRUSION.,.F.,.F.,
 .F.,(4,1,4),(2,2),(0.0807763568372423,0.320409704884977,0.560043052932711),
(0.,1.),.UNSPECIFIED.);
#16=B_SPLINE_SURFACE_WITH_KNOTS('',3,1,((#2012,#2013),(#2014,#2015),(#2016,
#2017),(#2018,#2019)),.SURF_OF_LINEAR_EXTRUSION.,.F.,.F.,.F.,(4,4),(2,2),
(0.0807763568372431,0.200187700187734),(0.,1.),.PIECEWISE_BEZIER_KNOTS.);
#17=B_SPLINE_SURFACE_WITH_KNOTS('',3,1,((#2075,#2076),(#2077,#2078),(#2079,
#2080),(#2081,#2082),(#2083,#2084)),.SURF_OF_LINEAR_EXTRUSION.,.F.,.F.,
 .F.,(4,1,4),(2,2),(0.443548310972824,0.681511965234344,0.919475619495865),
(0.,1.),.UNSPECIFIED.);
#18=B_SPLINE_SURFACE_WITH_KNOTS('',3,1,((#2085,#2086),(#2087,#2088),(#2089,
#2090),(#2091,#2092)),.SURF_OF_LINEAR_EXTRUSION.,.F.,.F.,.F.,(4,4),(2,2),
(0.399120676388196,0.560043052932712),(0.,1.),.PIECEWISE_BEZIER_KNOTS.);
#19=B_SPLINE_SURFACE_WITH_KNOTS('',3,1,((#2161,#2162),(#2163,#2164),(#2165,
#2166),(#2167,#2168),(#2169,#2170)),.SURF_OF_LINEAR_EXTRUSION.,.F.,.F.,
 .F.,(4,1,4),(2,2),(0.443548310972824,0.681511965234344,0.919475619495865),
(0.,1.),.UNSPECIFIED.);
#20=B_SPLINE_SURFACE_WITH_KNOTS('',3,1,((#2171,#2172),(#2173,#2174),(#2175,
#2176),(#2177,#2178)),.SURF_OF_LINEAR_EXTRUSION.,.F.,.F.,.F.,(4,4),(2,2),
(0.0807763568372431,0.200187700187711),(0.,1.),.PIECEWISE_BEZIER_KNOTS.);
#21=B_SPLINE_SURFACE_WITH_KNOTS('',3,1,((#2233,#2234),(#2235,#2236),(#2237,
#2238),(#2239,#2240),(#2241,#2242)),.SURF_OF_LINEAR_EXTRUSION.,.F.,.F.,
 .F.,(4,1,4),(2,2),(0.443548310972825,0.681511965234345,0.919475619495865),
(0.,1.),.UNSPECIFIED.);
#22=B_SPLINE_SURFACE_WITH_KNOTS('',3,1,((#2243,#2244),(#2245,#2246),(#2247,
#2248),(#2249,#2250)),.SURF_OF_LINEAR_EXTRUSION.,.F.,.F.,.F.,(4,4),(2,2),
(0.399120676388196,0.560043052932712),(0.,1.),.PIECEWISE_BEZIER_KNOTS.);
#23=B_SPLINE_SURFACE_WITH_KNOTS('',3,1,((#2300,#2301),(#2302,#2303),(#2304,
#2305),(#2306,#2307),(#2308,#2309)),.SURF_OF_LINEAR_EXTRUSION.,.F.,.F.,
 .F.,(4,1,4),(2,2),(0.443548310972825,0.681511965234345,0.919475619495865),
(0.,1.),.UNSPECIFIED.);
#24=B_SPLINE_CURVE_WITH_KNOTS('',3,(#1626,#1627,#1628,#1629),
 .UNSPECIFIED.,.F.,.F.,(4,4),(1.66569589845592E-16,0.0259544317420381),
 .UNSPECIFIED.);
#25=B_SPLINE_CURVE_WITH_KNOTS('',3,(#1633,#1634,#1635,#1636,#1637,#1638,
#1639,#1640),.UNSPECIFIED.,.F.,.F.,(4,1,1,1,1,4),(0.,0.0136946760319798,
0.0273893520639596,0.0547787041279192,0.0821680561918788,0.109557408255838),
 .UNSPECIFIED.);
#26=B_SPLINE_CURVE_WITH_KNOTS('',3,(#1644,#1645,#1646,#1647),
 .UNSPECIFIED.,.F.,.F.,(4,4),(2.13489665275773E-11,0.0282766174508899),
 .UNSPECIFIED.);
#27=B_SPLINE_CURVE_WITH_KNOTS('',3,(#1657,#1658,#1659,#1660),
 .UNSPECIFIED.,.F.,.F.,(4,4),(9.77005132374914E-17,0.0446661455302917),
 .UNSPECIFIED.);
#28=B_SPLINE_CURVE_WITH_KNOTS('',3,(#1665,#1666,#1667,#1668),
 .UNSPECIFIED.,.F.,.F.,(4,4),(8.08857490025589E-16,0.0446661455302965),
 .UNSPECIFIED.);
#29=B_SPLINE_CURVE_WITH_KNOTS('',3,(#1678,#1679,#1680,#1681),
 .UNSPECIFIED.,.F.,.F.,(4,4),(9.185848120259E-17,0.0282766174295327),
 .UNSPECIFIED.);
#30=B_SPLINE_CURVE_WITH_KNOTS('',3,(#1685,#1686,#1687,#1688,#1689,#1690,
#1691,#1692),.UNSPECIFIED.,.F.,.F.,(4,1,1,1,1,4),(1.18419497581984E-16,
0.0273677324147185,0.0547354648294368,0.0821031972441551,0.0957870634515143,
0.109470929658873),.UNSPECIFIED.);
#31=B_SPLINE_CURVE_WITH_KNOTS('',3,(#1696,#1697,#1698,#1699),
 .UNSPECIFIED.,.F.,.F.,(4,4),(4.44255197287122E-15,0.0259544317420425),
 .UNSPECIFIED.);
#32=B_SPLINE_CURVE_WITH_KNOTS('',3,(#1722,#1723,#1724,#1725),
 .UNSPECIFIED.,.F.,.F.,(4,4),(1.66569589845592E-16,0.0259544317420381),
 .UNSPECIFIED.);
#33=B_SPLINE_CURVE_WITH_KNOTS('',3,(#1729,#1730,#1731,#1732,#1733,#1734,
#1735,#1736),.UNSPECIFIED.,.F.,.F.,(4,1,1,1,1,4),(0.,0.0136946760319798,
0.0273893520639596,0.0547787041279192,0.0821680561918788,0.109557408255838),
 .UNSPECIFIED.);
#34=B_SPLINE_CURVE_WITH_KNOTS('',3,(#1740,#1741,#1742,#1743),
 .UNSPECIFIED.,.F.,.F.,(4,4),(2.13489590722157E-11,0.0282766174508832),
 .UNSPECIFIED.);
#35=B_SPLINE_CURVE_WITH_KNOTS('',3,(#1753,#1754,#1755,#1756),
 .UNSPECIFIED.,.F.,.F.,(4,4),(9.77005132374914E-17,0.044666145530294),
 .UNSPECIFIED.);
#36=B_SPLINE_CURVE_WITH_KNOTS('',3,(#1767,#1768,#1769,#1770),
 .UNSPECIFIED.,.F.,.F.,(4,4),(8.05390095090336E-16,0.00635347141932816),
 .UNSPECIFIED.);
#37=B_SPLINE_CURVE_WITH_KNOTS('',3,(#1776,#1777,#1778,#1779),
 .UNSPECIFIED.,.F.,.F.,(4,4),(1.05519109601004E-16,0.00454497425195509),
 .UNSPECIFIED.);
#38=B_SPLINE_CURVE_WITH_KNOTS('',3,(#1782,#1783,#1784,#1785),
 .UNSPECIFIED.,.F.,.F.,(4,4),(0.,0.0128556089480289),.UNSPECIFIED.);
#39=B_SPLINE_CURVE_WITH_KNOTS('',3,(#1789,#1790,#1791,#1792),
 .UNSPECIFIED.,.F.,.F.,(4,4),(0.,0.0128556089480593),.UNSPECIFIED.);
#40=B_SPLINE_CURVE_WITH_KNOTS('',3,(#1794,#1795,#1796,#1797,#1798,#1799,
#1800,#1801),.UNSPECIFIED.,.F.,.F.,(4,1,1,1,1,4),(4.44219430543665E-15,
0.0137030012170362,0.0274060024340679,0.0548120048681313,0.0822180073021947,
0.109624009736258),.UNSPECIFIED.);
#41=B_SPLINE_CURVE_WITH_KNOTS('',3,(#1803,#1804,#1805,#1806),
 .UNSPECIFIED.,.F.,.F.,(4,4),(3.75799837979201E-12,0.0127461362960966),
 .UNSPECIFIED.);
#42=B_SPLINE_CURVE_WITH_KNOTS('',3,(#1810,#1811,#1812,#1813),
 .UNSPECIFIED.,.F.,.F.,(4,4),(3.18117070290661E-15,0.0127461362923353),
 .UNSPECIFIED.);
#43=B_SPLINE_CURVE_WITH_KNOTS('',3,(#1823,#1824,#1825,#1826),
 .UNSPECIFIED.,.F.,.F.,(4,4),(1.66569589845592E-16,0.0259544317420381),
 .UNSPECIFIED.);
#44=B_SPLINE_CURVE_WITH_KNOTS('',3,(#1830,#1831,#1832,#1833,#1834,#1835,
#1836,#1837),.UNSPECIFIED.,.F.,.F.,(4,1,1,1,1,4),(0.,0.0136946760319798,
0.0273893520639596,0.0547787041279191,0.0821680561918787,0.109557408255838),
 .UNSPECIFIED.);
#45=B_SPLINE_CURVE_WITH_KNOTS('',3,(#1841,#1842,#1843,#1844),
 .UNSPECIFIED.,.F.,.F.,(4,4),(2.13489665275773E-11,0.0282766174508831),
 .UNSPECIFIED.);
#46=B_SPLINE_CURVE_WITH_KNOTS('',3,(#1854,#1855,#1856,#1857),
 .UNSPECIFIED.,.F.,.F.,(4,4),(9.77005132374914E-17,0.0446661455302917),
 .UNSPECIFIED.);
#47=B_SPLINE_CURVE_WITH_KNOTS('',3,(#1862,#1863,#1864,#1865),
 .UNSPECIFIED.,.F.,.F.,(4,4),(7.9504858015724E-16,0.0446661455302964),
 .UNSPECIFIED.);
#48=B_SPLINE_CURVE_WITH_KNOTS('',3,(#1875,#1876,#1877,#1878),
 .UNSPECIFIED.,.F.,.F.,(4,4),(9.185848120259E-17,0.0282766174295328),
 .UNSPECIFIED.);
#49=B_SPLINE_CURVE_WITH_KNOTS('',3,(#1882,#1883,#1884,#1885,#1886,#1887,
#1888,#1889),.UNSPECIFIED.,.F.,.F.,(4,1,1,1,1,4),(3.48675103412108E-17,
0.0273677324147184,0.0547354648294368,0.0821031972441551,0.0957870634515143,
0.109470929658873),.UNSPECIFIED.);
#50=B_SPLINE_CURVE_WITH_KNOTS('',3,(#1893,#1894,#1895,#1896),
 .UNSPECIFIED.,.F.,.F.,(4,4),(4.44255197287122E-15,0.0259544317420425),
 .UNSPECIFIED.);
#51=B_SPLINE_CURVE_WITH_KNOTS('',3,(#1915,#1916,#1917,#1918),
 .UNSPECIFIED.,.F.,.F.,(4,4),(8.08857490025589E-16,0.0446661455302964),
 .UNSPECIFIED.);
#52=B_SPLINE_CURVE_WITH_KNOTS('',3,(#1928,#1929,#1930,#1931),
 .UNSPECIFIED.,.F.,.F.,(4,4),(7.07631108375459E-17,0.0282766174295327),
 .UNSPECIFIED.);
#53=B_SPLINE_CURVE_WITH_KNOTS('',3,(#1935,#1936,#1937,#1938,#1939,#1940,
#1941,#1942),.UNSPECIFIED.,.F.,.F.,(4,1,1,1,1,4),(6.93889390390723E-18,
0.0273677324147184,0.0547354648294367,0.0821031972441551,0.0957870634515142,
0.109470929658873),.UNSPECIFIED.);
#54=B_SPLINE_CURVE_WITH_KNOTS('',3,(#1946,#1947,#1948,#1949),
 .UNSPECIFIED.,.F.,.F.,(4,4),(4.49804263934171E-15,0.0259544317420426),
 .UNSPECIFIED.);
#55=B_SPLINE_CURVE_WITH_KNOTS('',3,(#1966,#1967,#1968,#1969),
 .UNSPECIFIED.,.F.,.F.,(4,4),(7.7753549539896E-16,0.0063534714193268),
 .UNSPECIFIED.);
#56=B_SPLINE_CURVE_WITH_KNOTS('',3,(#1972,#1973,#1974,#1975),
 .UNSPECIFIED.,.F.,.F.,(4,4),(3.75801793495958E-12,0.0127461362960964),
 .UNSPECIFIED.);
#57=B_SPLINE_CURVE_WITH_KNOTS('',3,(#1979,#1980,#1981,#1982),
 .UNSPECIFIED.,.F.,.F.,(4,4),(3.23033832001248E-15,0.0127461362923351),
 .UNSPECIFIED.);
#58=B_SPLINE_CURVE_WITH_KNOTS('',3,(#1984,#1985,#1986,#1987,#1988,#1989,
#1990,#1991),.UNSPECIFIED.,.F.,.F.,(4,1,1,1,1,4),(2.12005627646875E-11,
0.0273683220727879,0.0547366441243753,0.0821049661759626,0.0957891272017563,
0.10947328822755),.UNSPECIFIED.);
#59=B_SPLINE_CURVE_WITH_KNOTS('',3,(#1993,#1994,#1995,#1996),
 .UNSPECIFIED.,.F.,.F.,(4,4),(0.,0.0128556089480288),.UNSPECIFIED.);
#60=B_SPLINE_CURVE_WITH_KNOTS('',3,(#2000,#2001,#2002,#2003),
 .UNSPECIFIED.,.F.,.F.,(4,4),(0.,0.0128556089480597),.UNSPECIFIED.);
#61=B_SPLINE_CURVE_WITH_KNOTS('',3,(#2006,#2007,#2008,#2009),
 .UNSPECIFIED.,.F.,.F.,(4,4),(1.05519109601004E-16,0.0045449742519549),
 .UNSPECIFIED.);
#62=B_SPLINE_CURVE_WITH_KNOTS('',3,(#2021,#2022,#2023,#2024),
 .UNSPECIFIED.,.F.,.F.,(4,4),(0.,0.0128556089480288),.UNSPECIFIED.);
#63=B_SPLINE_CURVE_WITH_KNOTS('',3,(#2028,#2029,#2030,#2031),
 .UNSPECIFIED.,.F.,.F.,(4,4),(0.,0.0128556089480594),.UNSPECIFIED.);
#64=B_SPLINE_CURVE_WITH_KNOTS('',3,(#2039,#2040,#2041,#2042),
 .UNSPECIFIED.,.F.,.F.,(4,4),(7.91915991845785E-17,0.012854765671644),
 .UNSPECIFIED.);
#65=B_SPLINE_CURVE_WITH_KNOTS('',3,(#2044,#2045,#2046,#2047),
 .UNSPECIFIED.,.F.,.F.,(4,4),(3.15152805108321E-15,0.0127461362923351),
 .UNSPECIFIED.);
#66=B_SPLINE_CURVE_WITH_KNOTS('',3,(#2051,#2052,#2053,#2054),
 .UNSPECIFIED.,.F.,.F.,(4,4),(3.70119383604851E-12,0.0127451972233822),
 .UNSPECIFIED.);
#67=B_SPLINE_CURVE_WITH_KNOTS('',3,(#2062,#2063,#2064,#2065),
 .UNSPECIFIED.,.F.,.F.,(4,4),(3.75803778495129E-12,0.0127461362960965),
 .UNSPECIFIED.);
#68=B_SPLINE_CURVE_WITH_KNOTS('',3,(#2066,#2067,#2068,#2069),
 .UNSPECIFIED.,.F.,.F.,(4,4),(9.06937871075724E-12,0.0127451972287504),
 .UNSPECIFIED.);
#69=B_SPLINE_CURVE_WITH_KNOTS('',3,(#2071,#2072,#2073,#2074),
 .UNSPECIFIED.,.F.,.F.,(4,4),(5.46369052362981E-17,0.012854765671644),
 .UNSPECIFIED.);
#70=B_SPLINE_CURVE_WITH_KNOTS('',3,(#2123,#2124,#2125,#2126),
 .UNSPECIFIED.,.F.,.F.,(4,4),(7.44921851758003E-17,0.0128547656716441),
 .UNSPECIFIED.);
#71=B_SPLINE_CURVE_WITH_KNOTS('',3,(#2130,#2131,#2132,#2133),
 .UNSPECIFIED.,.F.,.F.,(4,4),(3.70118894691239E-12,0.0127451972233824),
 .UNSPECIFIED.);
#72=B_SPLINE_CURVE_WITH_KNOTS('',3,(#2141,#2142,#2143,#2144),
 .UNSPECIFIED.,.F.,.F.,(4,4),(9.06937871075724E-12,0.0127451972287506),
 .UNSPECIFIED.);
#73=B_SPLINE_CURVE_WITH_KNOTS('',3,(#2148,#2149,#2150,#2151,#2152,#2153,
#2154,#2155),.UNSPECIFIED.,.F.,.F.,(4,1,1,1,1,4),(6.93889390390723E-18,
0.0273677324147184,0.0547354648294367,0.0821031972441551,0.0957870634515142,
0.109470929658873),.UNSPECIFIED.);
#74=B_SPLINE_CURVE_WITH_KNOTS('',3,(#2157,#2158,#2159,#2160),
 .UNSPECIFIED.,.F.,.F.,(4,4),(3.95957995922893E-17,0.012854765671644),
 .UNSPECIFIED.);
#75=B_SPLINE_CURVE_WITH_KNOTS('',3,(#2179,#2180,#2181,#2182),
 .UNSPECIFIED.,.F.,.F.,(4,4),(0.,0.0128556089480288),.UNSPECIFIED.);
#76=B_SPLINE_CURVE_WITH_KNOTS('',3,(#2186,#2187,#2188,#2189),
 .UNSPECIFIED.,.F.,.F.,(4,4),(0.,0.0128556089480594),.UNSPECIFIED.);
#77=B_SPLINE_CURVE_WITH_KNOTS('',3,(#2197,#2198,#2199,#2200),
 .UNSPECIFIED.,.F.,.F.,(4,4),(9.59601612472669E-17,0.0128547656716442),
 .UNSPECIFIED.);
#78=B_SPLINE_CURVE_WITH_KNOTS('',3,(#2202,#2203,#2204,#2205),
 .UNSPECIFIED.,.F.,.F.,(4,4),(3.15152805108321E-15,0.0127461362923352),
 .UNSPECIFIED.);
#79=B_SPLINE_CURVE_WITH_KNOTS('',3,(#2209,#2210,#2211,#2212),
 .UNSPECIFIED.,.F.,.F.,(4,4),(3.70119383604851E-12,0.0127451972233823),
 .UNSPECIFIED.);
#80=B_SPLINE_CURVE_WITH_KNOTS('',3,(#2220,#2221,#2222,#2223),
 .UNSPECIFIED.,.F.,.F.,(4,4),(3.75799808486623E-12,0.0127461362960964),
 .UNSPECIFIED.);
#81=B_SPLINE_CURVE_WITH_KNOTS('',3,(#2224,#2225,#2226,#2227),
 .UNSPECIFIED.,.F.,.F.,(4,4),(9.06941782387189E-12,0.0127451972287505),
 .UNSPECIFIED.);
#82=B_SPLINE_CURVE_WITH_KNOTS('',3,(#2229,#2230,#2231,#2232),
 .UNSPECIFIED.,.F.,.F.,(4,4),(3.50826111497558E-17,0.0128547656716439),
 .UNSPECIFIED.);
#83=B_SPLINE_CURVE_WITH_KNOTS('',3,(#2264,#2265,#2266,#2267),
 .UNSPECIFIED.,.F.,.F.,(4,4),(6.24500451351651E-17,0.0128547656716441),
 .UNSPECIFIED.);
#84=B_SPLINE_CURVE_WITH_KNOTS('',3,(#2271,#2272,#2273,#2274,#2275,#2276,
#2277,#2278),.UNSPECIFIED.,.F.,.F.,(4,1,1,1,1,4),(0.,0.0136946760319798,
0.0273893520639596,0.0547787041279191,0.0821680561918787,0.109557408255838),
 .UNSPECIFIED.);
#85=B_SPLINE_CURVE_WITH_KNOTS('',3,(#2282,#2283,#2284,#2285),
 .UNSPECIFIED.,.F.,.F.,(4,4),(3.70119383604851E-12,0.0127451972233822),
 .UNSPECIFIED.);
#86=B_SPLINE_CURVE_WITH_KNOTS('',3,(#2291,#2292,#2293,#2294),
 .UNSPECIFIED.,.F.,.F.,(4,4),(9.06937871075724E-12,0.0127451972287504),
 .UNSPECIFIED.);
#87=B_SPLINE_CURVE_WITH_KNOTS('',3,(#2296,#2297,#2298,#2299),
 .UNSPECIFIED.,.F.,.F.,(4,4),(6.79205717725863E-17,0.0128547656716439),
 .UNSPECIFIED.);
#88=ORIENTED_EDGE('',*,*,#484,.F.);
#89=ORIENTED_EDGE('',*,*,#485,.T.);
#90=ORIENTED_EDGE('',*,*,#486,.T.);
#91=ORIENTED_EDGE('',*,*,#487,.T.);
#92=ORIENTED_EDGE('',*,*,#488,.F.);
#93=ORIENTED_EDGE('',*,*,#489,.T.);
#94=ORIENTED_EDGE('',*,*,#490,.T.);
#95=ORIENTED_EDGE('',*,*,#491,.T.);
#96=ORIENTED_EDGE('',*,*,#492,.F.);
#97=ORIENTED_EDGE('',*,*,#493,.F.);
#98=ORIENTED_EDGE('',*,*,#494,.T.);
#99=ORIENTED_EDGE('',*,*,#495,.T.);
#100=ORIENTED_EDGE('',*,*,#496,.T.);
#101=ORIENTED_EDGE('',*,*,#497,.F.);
#102=ORIENTED_EDGE('',*,*,#498,.T.);
#103=ORIENTED_EDGE('',*,*,#499,.T.);
#104=ORIENTED_EDGE('',*,*,#500,.T.);
#105=ORIENTED_EDGE('',*,*,#501,.F.);
#106=ORIENTED_EDGE('',*,*,#502,.F.);
#107=ORIENTED_EDGE('',*,*,#503,.T.);
#108=ORIENTED_EDGE('',*,*,#504,.F.);
#109=ORIENTED_EDGE('',*,*,#505,.T.);
#110=ORIENTED_EDGE('',*,*,#506,.T.);
#111=ORIENTED_EDGE('',*,*,#507,.T.);
#112=ORIENTED_EDGE('',*,*,#508,.T.);
#113=ORIENTED_EDGE('',*,*,#509,.T.);
#114=ORIENTED_EDGE('',*,*,#498,.F.);
#115=ORIENTED_EDGE('',*,*,#510,.T.);
#116=ORIENTED_EDGE('',*,*,#496,.F.);
#117=ORIENTED_EDGE('',*,*,#511,.F.);
#118=ORIENTED_EDGE('',*,*,#512,.F.);
#119=ORIENTED_EDGE('',*,*,#513,.T.);
#120=ORIENTED_EDGE('',*,*,#514,.T.);
#121=ORIENTED_EDGE('',*,*,#515,.T.);
#122=ORIENTED_EDGE('',*,*,#516,.F.);
#123=ORIENTED_EDGE('',*,*,#517,.T.);
#124=ORIENTED_EDGE('',*,*,#518,.T.);
#125=ORIENTED_EDGE('',*,*,#519,.T.);
#126=ORIENTED_EDGE('',*,*,#520,.F.);
#127=ORIENTED_EDGE('',*,*,#521,.F.);
#128=ORIENTED_EDGE('',*,*,#522,.T.);
#129=ORIENTED_EDGE('',*,*,#523,.T.);
#130=ORIENTED_EDGE('',*,*,#524,.T.);
#131=ORIENTED_EDGE('',*,*,#525,.F.);
#132=ORIENTED_EDGE('',*,*,#526,.T.);
#133=ORIENTED_EDGE('',*,*,#524,.F.);
#134=ORIENTED_EDGE('',*,*,#527,.F.);
#135=ORIENTED_EDGE('',*,*,#528,.F.);
#136=ORIENTED_EDGE('',*,*,#529,.T.);
#137=ORIENTED_EDGE('',*,*,#519,.F.);
#138=ORIENTED_EDGE('',*,*,#530,.F.);
#139=ORIENTED_EDGE('',*,*,#531,.F.);
#140=ORIENTED_EDGE('',*,*,#532,.F.);
#141=ORIENTED_EDGE('',*,*,#533,.F.);
#142=ORIENTED_EDGE('',*,*,#534,.F.);
#143=ORIENTED_EDGE('',*,*,#535,.F.);
#144=ORIENTED_EDGE('',*,*,#536,.F.);
#145=ORIENTED_EDGE('',*,*,#515,.F.);
#146=ORIENTED_EDGE('',*,*,#537,.F.);
#147=ORIENTED_EDGE('',*,*,#538,.F.);
#148=ORIENTED_EDGE('',*,*,#539,.T.);
#149=ORIENTED_EDGE('',*,*,#540,.T.);
#150=ORIENTED_EDGE('',*,*,#541,.T.);
#151=ORIENTED_EDGE('',*,*,#542,.F.);
#152=ORIENTED_EDGE('',*,*,#543,.T.);
#153=ORIENTED_EDGE('',*,*,#544,.T.);
#154=ORIENTED_EDGE('',*,*,#545,.T.);
#155=ORIENTED_EDGE('',*,*,#546,.F.);
#156=ORIENTED_EDGE('',*,*,#547,.F.);
#157=ORIENTED_EDGE('',*,*,#548,.T.);
#158=ORIENTED_EDGE('',*,*,#549,.T.);
#159=ORIENTED_EDGE('',*,*,#550,.T.);
#160=ORIENTED_EDGE('',*,*,#551,.F.);
#161=ORIENTED_EDGE('',*,*,#552,.T.);
#162=ORIENTED_EDGE('',*,*,#553,.T.);
#163=ORIENTED_EDGE('',*,*,#554,.T.);
#164=ORIENTED_EDGE('',*,*,#555,.F.);
#165=ORIENTED_EDGE('',*,*,#556,.F.);
#166=ORIENTED_EDGE('',*,*,#557,.T.);
#167=ORIENTED_EDGE('',*,*,#558,.F.);
#168=ORIENTED_EDGE('',*,*,#559,.T.);
#169=ORIENTED_EDGE('',*,*,#560,.T.);
#170=ORIENTED_EDGE('',*,*,#561,.T.);
#171=ORIENTED_EDGE('',*,*,#562,.T.);
#172=ORIENTED_EDGE('',*,*,#563,.T.);
#173=ORIENTED_EDGE('',*,*,#552,.F.);
#174=ORIENTED_EDGE('',*,*,#564,.T.);
#175=ORIENTED_EDGE('',*,*,#550,.F.);
#176=ORIENTED_EDGE('',*,*,#565,.F.);
#177=ORIENTED_EDGE('',*,*,#566,.F.);
#178=ORIENTED_EDGE('',*,*,#567,.T.);
#179=ORIENTED_EDGE('',*,*,#568,.T.);
#180=ORIENTED_EDGE('',*,*,#569,.T.);
#181=ORIENTED_EDGE('',*,*,#570,.F.);
#182=ORIENTED_EDGE('',*,*,#571,.F.);
#183=ORIENTED_EDGE('',*,*,#572,.T.);
#184=ORIENTED_EDGE('',*,*,#573,.F.);
#185=ORIENTED_EDGE('',*,*,#574,.T.);
#186=ORIENTED_EDGE('',*,*,#575,.T.);
#187=ORIENTED_EDGE('',*,*,#576,.T.);
#188=ORIENTED_EDGE('',*,*,#577,.T.);
#189=ORIENTED_EDGE('',*,*,#578,.T.);
#190=ORIENTED_EDGE('',*,*,#567,.F.);
#191=ORIENTED_EDGE('',*,*,#579,.T.);
#192=ORIENTED_EDGE('',*,*,#580,.T.);
#193=ORIENTED_EDGE('',*,*,#581,.F.);
#194=ORIENTED_EDGE('',*,*,#576,.F.);
#195=ORIENTED_EDGE('',*,*,#582,.F.);
#196=ORIENTED_EDGE('',*,*,#583,.F.);
#197=ORIENTED_EDGE('',*,*,#584,.F.);
#198=ORIENTED_EDGE('',*,*,#585,.F.);
#199=ORIENTED_EDGE('',*,*,#586,.F.);
#200=ORIENTED_EDGE('',*,*,#587,.F.);
#201=ORIENTED_EDGE('',*,*,#588,.F.);
#202=ORIENTED_EDGE('',*,*,#572,.F.);
#203=ORIENTED_EDGE('',*,*,#589,.T.);
#204=ORIENTED_EDGE('',*,*,#590,.T.);
#205=ORIENTED_EDGE('',*,*,#591,.F.);
#206=ORIENTED_EDGE('',*,*,#503,.F.);
#207=ORIENTED_EDGE('',*,*,#592,.T.);
#208=ORIENTED_EDGE('',*,*,#491,.F.);
#209=ORIENTED_EDGE('',*,*,#593,.F.);
#210=ORIENTED_EDGE('',*,*,#594,.F.);
#211=ORIENTED_EDGE('',*,*,#595,.F.);
#212=ORIENTED_EDGE('',*,*,#596,.T.);
#213=ORIENTED_EDGE('',*,*,#594,.T.);
#214=ORIENTED_EDGE('',*,*,#597,.F.);
#215=ORIENTED_EDGE('',*,*,#598,.T.);
#216=ORIENTED_EDGE('',*,*,#597,.T.);
#217=ORIENTED_EDGE('',*,*,#593,.T.);
#218=ORIENTED_EDGE('',*,*,#490,.F.);
#219=ORIENTED_EDGE('',*,*,#599,.T.);
#220=ORIENTED_EDGE('',*,*,#488,.T.);
#221=ORIENTED_EDGE('',*,*,#600,.T.);
#222=ORIENTED_EDGE('',*,*,#601,.F.);
#223=ORIENTED_EDGE('',*,*,#602,.T.);
#224=ORIENTED_EDGE('',*,*,#601,.T.);
#225=ORIENTED_EDGE('',*,*,#603,.T.);
#226=ORIENTED_EDGE('',*,*,#604,.F.);
#227=ORIENTED_EDGE('',*,*,#605,.T.);
#228=ORIENTED_EDGE('',*,*,#604,.T.);
#229=ORIENTED_EDGE('',*,*,#606,.T.);
#230=ORIENTED_EDGE('',*,*,#506,.F.);
#231=ORIENTED_EDGE('',*,*,#607,.T.);
#232=ORIENTED_EDGE('',*,*,#504,.T.);
#233=ORIENTED_EDGE('',*,*,#595,.T.);
#234=ORIENTED_EDGE('',*,*,#596,.F.);
#235=ORIENTED_EDGE('',*,*,#608,.T.);
#236=ORIENTED_EDGE('',*,*,#598,.F.);
#237=ORIENTED_EDGE('',*,*,#599,.F.);
#238=ORIENTED_EDGE('',*,*,#489,.F.);
#239=ORIENTED_EDGE('',*,*,#602,.F.);
#240=ORIENTED_EDGE('',*,*,#605,.F.);
#241=ORIENTED_EDGE('',*,*,#607,.F.);
#242=ORIENTED_EDGE('',*,*,#505,.F.);
#243=ORIENTED_EDGE('',*,*,#608,.F.);
#244=ORIENTED_EDGE('',*,*,#609,.F.);
#245=ORIENTED_EDGE('',*,*,#507,.F.);
#246=ORIENTED_EDGE('',*,*,#606,.F.);
#247=ORIENTED_EDGE('',*,*,#603,.F.);
#248=ORIENTED_EDGE('',*,*,#600,.F.);
#249=ORIENTED_EDGE('',*,*,#487,.F.);
#250=ORIENTED_EDGE('',*,*,#610,.F.);
#251=ORIENTED_EDGE('',*,*,#493,.T.);
#252=ORIENTED_EDGE('',*,*,#611,.T.);
#253=ORIENTED_EDGE('',*,*,#555,.T.);
#254=ORIENTED_EDGE('',*,*,#612,.T.);
#255=ORIENTED_EDGE('',*,*,#501,.T.);
#256=ORIENTED_EDGE('',*,*,#613,.F.);
#257=ORIENTED_EDGE('',*,*,#521,.T.);
#258=ORIENTED_EDGE('',*,*,#494,.F.);
#259=ORIENTED_EDGE('',*,*,#610,.T.);
#260=ORIENTED_EDGE('',*,*,#554,.F.);
#261=ORIENTED_EDGE('',*,*,#614,.F.);
#262=ORIENTED_EDGE('',*,*,#500,.F.);
#263=ORIENTED_EDGE('',*,*,#615,.F.);
#264=ORIENTED_EDGE('',*,*,#522,.F.);
#265=ORIENTED_EDGE('',*,*,#613,.T.);
#266=ORIENTED_EDGE('',*,*,#495,.F.);
#267=ORIENTED_EDGE('',*,*,#614,.T.);
#268=ORIENTED_EDGE('',*,*,#553,.F.);
#269=ORIENTED_EDGE('',*,*,#565,.T.);
#270=ORIENTED_EDGE('',*,*,#549,.F.);
#271=ORIENTED_EDGE('',*,*,#616,.T.);
#272=ORIENTED_EDGE('',*,*,#568,.F.);
#273=ORIENTED_EDGE('',*,*,#591,.T.);
#274=ORIENTED_EDGE('',*,*,#617,.T.);
#275=ORIENTED_EDGE('',*,*,#618,.F.);
#276=ORIENTED_EDGE('',*,*,#619,.F.);
#277=ORIENTED_EDGE('',*,*,#527,.T.);
#278=ORIENTED_EDGE('',*,*,#523,.F.);
#279=ORIENTED_EDGE('',*,*,#615,.T.);
#280=ORIENTED_EDGE('',*,*,#499,.F.);
#281=ORIENTED_EDGE('',*,*,#511,.T.);
#282=ORIENTED_EDGE('',*,*,#611,.F.);
#283=ORIENTED_EDGE('',*,*,#492,.T.);
#284=ORIENTED_EDGE('',*,*,#592,.F.);
#285=ORIENTED_EDGE('',*,*,#502,.T.);
#286=ORIENTED_EDGE('',*,*,#612,.F.);
#287=ORIENTED_EDGE('',*,*,#520,.T.);
#288=ORIENTED_EDGE('',*,*,#529,.F.);
#289=ORIENTED_EDGE('',*,*,#620,.T.);
#290=ORIENTED_EDGE('',*,*,#618,.T.);
#291=ORIENTED_EDGE('',*,*,#621,.F.);
#292=ORIENTED_EDGE('',*,*,#589,.F.);
#293=ORIENTED_EDGE('',*,*,#571,.T.);
#294=ORIENTED_EDGE('',*,*,#622,.F.);
#295=ORIENTED_EDGE('',*,*,#546,.T.);
#296=ORIENTED_EDGE('',*,*,#623,.F.);
#297=ORIENTED_EDGE('',*,*,#556,.T.);
#298=ORIENTED_EDGE('',*,*,#624,.T.);
#299=ORIENTED_EDGE('',*,*,#531,.T.);
#300=ORIENTED_EDGE('',*,*,#625,.F.);
#301=ORIENTED_EDGE('',*,*,#626,.T.);
#302=ORIENTED_EDGE('',*,*,#625,.T.);
#303=ORIENTED_EDGE('',*,*,#530,.T.);
#304=ORIENTED_EDGE('',*,*,#518,.F.);
#305=ORIENTED_EDGE('',*,*,#627,.T.);
#306=ORIENTED_EDGE('',*,*,#516,.T.);
#307=ORIENTED_EDGE('',*,*,#536,.T.);
#308=ORIENTED_EDGE('',*,*,#628,.F.);
#309=ORIENTED_EDGE('',*,*,#629,.T.);
#310=ORIENTED_EDGE('',*,*,#628,.T.);
#311=ORIENTED_EDGE('',*,*,#535,.T.);
#312=ORIENTED_EDGE('',*,*,#630,.F.);
#313=ORIENTED_EDGE('',*,*,#631,.T.);
#314=ORIENTED_EDGE('',*,*,#630,.T.);
#315=ORIENTED_EDGE('',*,*,#534,.T.);
#316=ORIENTED_EDGE('',*,*,#632,.F.);
#317=ORIENTED_EDGE('',*,*,#633,.T.);
#318=ORIENTED_EDGE('',*,*,#632,.T.);
#319=ORIENTED_EDGE('',*,*,#533,.T.);
#320=ORIENTED_EDGE('',*,*,#634,.F.);
#321=ORIENTED_EDGE('',*,*,#635,.T.);
#322=ORIENTED_EDGE('',*,*,#634,.T.);
#323=ORIENTED_EDGE('',*,*,#532,.T.);
#324=ORIENTED_EDGE('',*,*,#624,.F.);
#325=ORIENTED_EDGE('',*,*,#636,.T.);
#326=ORIENTED_EDGE('',*,*,#626,.F.);
#327=ORIENTED_EDGE('',*,*,#627,.F.);
#328=ORIENTED_EDGE('',*,*,#517,.F.);
#329=ORIENTED_EDGE('',*,*,#629,.F.);
#330=ORIENTED_EDGE('',*,*,#631,.F.);
#331=ORIENTED_EDGE('',*,*,#633,.F.);
#332=ORIENTED_EDGE('',*,*,#635,.F.);
#333=ORIENTED_EDGE('',*,*,#636,.F.);
#334=ORIENTED_EDGE('',*,*,#557,.F.);
#335=ORIENTED_EDGE('',*,*,#623,.T.);
#336=ORIENTED_EDGE('',*,*,#545,.F.);
#337=ORIENTED_EDGE('',*,*,#637,.F.);
#338=ORIENTED_EDGE('',*,*,#638,.F.);
#339=ORIENTED_EDGE('',*,*,#639,.F.);
#340=ORIENTED_EDGE('',*,*,#640,.T.);
#341=ORIENTED_EDGE('',*,*,#638,.T.);
#342=ORIENTED_EDGE('',*,*,#641,.F.);
#343=ORIENTED_EDGE('',*,*,#642,.T.);
#344=ORIENTED_EDGE('',*,*,#641,.T.);
#345=ORIENTED_EDGE('',*,*,#637,.T.);
#346=ORIENTED_EDGE('',*,*,#544,.F.);
#347=ORIENTED_EDGE('',*,*,#643,.T.);
#348=ORIENTED_EDGE('',*,*,#542,.T.);
#349=ORIENTED_EDGE('',*,*,#644,.T.);
#350=ORIENTED_EDGE('',*,*,#645,.F.);
#351=ORIENTED_EDGE('',*,*,#646,.T.);
#352=ORIENTED_EDGE('',*,*,#645,.T.);
#353=ORIENTED_EDGE('',*,*,#647,.T.);
#354=ORIENTED_EDGE('',*,*,#648,.F.);
#355=ORIENTED_EDGE('',*,*,#649,.T.);
#356=ORIENTED_EDGE('',*,*,#648,.T.);
#357=ORIENTED_EDGE('',*,*,#650,.T.);
#358=ORIENTED_EDGE('',*,*,#560,.F.);
#359=ORIENTED_EDGE('',*,*,#651,.T.);
#360=ORIENTED_EDGE('',*,*,#558,.T.);
#361=ORIENTED_EDGE('',*,*,#639,.T.);
#362=ORIENTED_EDGE('',*,*,#640,.F.);
#363=ORIENTED_EDGE('',*,*,#652,.T.);
#364=ORIENTED_EDGE('',*,*,#642,.F.);
#365=ORIENTED_EDGE('',*,*,#643,.F.);
#366=ORIENTED_EDGE('',*,*,#543,.F.);
#367=ORIENTED_EDGE('',*,*,#646,.F.);
#368=ORIENTED_EDGE('',*,*,#649,.F.);
#369=ORIENTED_EDGE('',*,*,#651,.F.);
#370=ORIENTED_EDGE('',*,*,#559,.F.);
#371=ORIENTED_EDGE('',*,*,#652,.F.);
#372=ORIENTED_EDGE('',*,*,#653,.F.);
#373=ORIENTED_EDGE('',*,*,#561,.F.);
#374=ORIENTED_EDGE('',*,*,#650,.F.);
#375=ORIENTED_EDGE('',*,*,#647,.F.);
#376=ORIENTED_EDGE('',*,*,#644,.F.);
#377=ORIENTED_EDGE('',*,*,#541,.F.);
#378=ORIENTED_EDGE('',*,*,#654,.F.);
#379=ORIENTED_EDGE('',*,*,#547,.T.);
#380=ORIENTED_EDGE('',*,*,#622,.T.);
#381=ORIENTED_EDGE('',*,*,#570,.T.);
#382=ORIENTED_EDGE('',*,*,#548,.F.);
#383=ORIENTED_EDGE('',*,*,#654,.T.);
#384=ORIENTED_EDGE('',*,*,#569,.F.);
#385=ORIENTED_EDGE('',*,*,#616,.F.);
#386=ORIENTED_EDGE('',*,*,#655,.T.);
#387=ORIENTED_EDGE('',*,*,#587,.T.);
#388=ORIENTED_EDGE('',*,*,#656,.F.);
#389=ORIENTED_EDGE('',*,*,#657,.T.);
#390=ORIENTED_EDGE('',*,*,#656,.T.);
#391=ORIENTED_EDGE('',*,*,#586,.T.);
#392=ORIENTED_EDGE('',*,*,#658,.F.);
#393=ORIENTED_EDGE('',*,*,#659,.T.);
#394=ORIENTED_EDGE('',*,*,#658,.T.);
#395=ORIENTED_EDGE('',*,*,#585,.T.);
#396=ORIENTED_EDGE('',*,*,#660,.F.);
#397=ORIENTED_EDGE('',*,*,#661,.T.);
#398=ORIENTED_EDGE('',*,*,#660,.T.);
#399=ORIENTED_EDGE('',*,*,#584,.T.);
#400=ORIENTED_EDGE('',*,*,#662,.F.);
#401=ORIENTED_EDGE('',*,*,#663,.T.);
#402=ORIENTED_EDGE('',*,*,#662,.T.);
#403=ORIENTED_EDGE('',*,*,#583,.T.);
#404=ORIENTED_EDGE('',*,*,#664,.F.);
#405=ORIENTED_EDGE('',*,*,#665,.T.);
#406=ORIENTED_EDGE('',*,*,#664,.T.);
#407=ORIENTED_EDGE('',*,*,#582,.T.);
#408=ORIENTED_EDGE('',*,*,#575,.F.);
#409=ORIENTED_EDGE('',*,*,#666,.T.);
#410=ORIENTED_EDGE('',*,*,#573,.T.);
#411=ORIENTED_EDGE('',*,*,#588,.T.);
#412=ORIENTED_EDGE('',*,*,#655,.F.);
#413=ORIENTED_EDGE('',*,*,#667,.T.);
#414=ORIENTED_EDGE('',*,*,#657,.F.);
#415=ORIENTED_EDGE('',*,*,#659,.F.);
#416=ORIENTED_EDGE('',*,*,#661,.F.);
#417=ORIENTED_EDGE('',*,*,#663,.F.);
#418=ORIENTED_EDGE('',*,*,#665,.F.);
#419=ORIENTED_EDGE('',*,*,#666,.F.);
#420=ORIENTED_EDGE('',*,*,#574,.F.);
#421=ORIENTED_EDGE('',*,*,#667,.F.);
#422=ORIENTED_EDGE('',*,*,#620,.F.);
#423=ORIENTED_EDGE('',*,*,#528,.T.);
#424=ORIENTED_EDGE('',*,*,#619,.T.);
#425=ORIENTED_EDGE('',*,*,#590,.F.);
#426=ORIENTED_EDGE('',*,*,#621,.T.);
#427=ORIENTED_EDGE('',*,*,#617,.F.);
#428=ORIENTED_EDGE('',*,*,#485,.F.);
#429=ORIENTED_EDGE('',*,*,#668,.T.);
#430=ORIENTED_EDGE('',*,*,#563,.F.);
#431=ORIENTED_EDGE('',*,*,#669,.F.);
#432=ORIENTED_EDGE('',*,*,#509,.F.);
#433=ORIENTED_EDGE('',*,*,#670,.F.);
#434=ORIENTED_EDGE('',*,*,#513,.F.);
#435=ORIENTED_EDGE('',*,*,#671,.T.);
#436=ORIENTED_EDGE('',*,*,#539,.F.);
#437=ORIENTED_EDGE('',*,*,#672,.T.);
#438=ORIENTED_EDGE('',*,*,#578,.F.);
#439=ORIENTED_EDGE('',*,*,#673,.F.);
#440=ORIENTED_EDGE('',*,*,#668,.F.);
#441=ORIENTED_EDGE('',*,*,#484,.T.);
#442=ORIENTED_EDGE('',*,*,#510,.F.);
#443=ORIENTED_EDGE('',*,*,#497,.T.);
#444=ORIENTED_EDGE('',*,*,#671,.F.);
#445=ORIENTED_EDGE('',*,*,#512,.T.);
#446=ORIENTED_EDGE('',*,*,#526,.F.);
#447=ORIENTED_EDGE('',*,*,#674,.T.);
#448=ORIENTED_EDGE('',*,*,#675,.T.);
#449=ORIENTED_EDGE('',*,*,#676,.F.);
#450=ORIENTED_EDGE('',*,*,#579,.F.);
#451=ORIENTED_EDGE('',*,*,#566,.T.);
#452=ORIENTED_EDGE('',*,*,#672,.F.);
#453=ORIENTED_EDGE('',*,*,#538,.T.);
#454=ORIENTED_EDGE('',*,*,#564,.F.);
#455=ORIENTED_EDGE('',*,*,#551,.T.);
#456=ORIENTED_EDGE('',*,*,#486,.F.);
#457=ORIENTED_EDGE('',*,*,#669,.T.);
#458=ORIENTED_EDGE('',*,*,#562,.F.);
#459=ORIENTED_EDGE('',*,*,#653,.T.);
#460=ORIENTED_EDGE('',*,*,#540,.F.);
#461=ORIENTED_EDGE('',*,*,#673,.T.);
#462=ORIENTED_EDGE('',*,*,#577,.F.);
#463=ORIENTED_EDGE('',*,*,#581,.T.);
#464=ORIENTED_EDGE('',*,*,#677,.T.);
#465=ORIENTED_EDGE('',*,*,#678,.F.);
#466=ORIENTED_EDGE('',*,*,#679,.F.);
#467=ORIENTED_EDGE('',*,*,#537,.T.);
#468=ORIENTED_EDGE('',*,*,#514,.F.);
#469=ORIENTED_EDGE('',*,*,#670,.T.);
#470=ORIENTED_EDGE('',*,*,#508,.F.);
#471=ORIENTED_EDGE('',*,*,#609,.T.);
#472=ORIENTED_EDGE('',*,*,#674,.F.);
#473=ORIENTED_EDGE('',*,*,#525,.T.);
#474=ORIENTED_EDGE('',*,*,#679,.T.);
#475=ORIENTED_EDGE('',*,*,#680,.F.);
#476=ORIENTED_EDGE('',*,*,#580,.F.);
#477=ORIENTED_EDGE('',*,*,#676,.T.);
#478=ORIENTED_EDGE('',*,*,#681,.T.);
#479=ORIENTED_EDGE('',*,*,#677,.F.);
#480=ORIENTED_EDGE('',*,*,#680,.T.);
#481=ORIENTED_EDGE('',*,*,#678,.T.);
#482=ORIENTED_EDGE('',*,*,#681,.F.);
#483=ORIENTED_EDGE('',*,*,#675,.F.);
#484=EDGE_CURVE('',#682,#683,#814,.T.);
#485=EDGE_CURVE('',#682,#684,#815,.T.);
#486=EDGE_CURVE('',#684,#685,#816,.T.);
#487=EDGE_CURVE('',#685,#686,#24,.T.);
#488=EDGE_CURVE('',#687,#686,#817,.T.);
#489=EDGE_CURVE('',#687,#688,#25,.T.);
#490=EDGE_CURVE('',#688,#689,#818,.T.);
#491=EDGE_CURVE('',#689,#690,#26,.T.);
#492=EDGE_CURVE('',#691,#690,#819,.T.);
#493=EDGE_CURVE('',#692,#691,#820,.T.);
#494=EDGE_CURVE('',#692,#693,#821,.T.);
#495=EDGE_CURVE('',#693,#694,#822,.T.);
#496=EDGE_CURVE('',#694,#683,#27,.T.);
#497=EDGE_CURVE('',#695,#696,#823,.T.);
#498=EDGE_CURVE('',#695,#697,#28,.T.);
#499=EDGE_CURVE('',#697,#698,#824,.T.);
#500=EDGE_CURVE('',#698,#699,#825,.T.);
#501=EDGE_CURVE('',#700,#699,#826,.T.);
#502=EDGE_CURVE('',#701,#700,#827,.T.);
#503=EDGE_CURVE('',#701,#702,#29,.T.);
#504=EDGE_CURVE('',#703,#702,#828,.T.);
#505=EDGE_CURVE('',#703,#704,#30,.T.);
#506=EDGE_CURVE('',#704,#705,#829,.T.);
#507=EDGE_CURVE('',#705,#706,#31,.T.);
#508=EDGE_CURVE('',#706,#707,#830,.T.);
#509=EDGE_CURVE('',#707,#696,#831,.T.);
#510=EDGE_CURVE('',#695,#683,#832,.F.);
#511=EDGE_CURVE('',#697,#694,#833,.F.);
#512=EDGE_CURVE('',#708,#709,#834,.T.);
#513=EDGE_CURVE('',#708,#710,#835,.T.);
#514=EDGE_CURVE('',#710,#711,#836,.T.);
#515=EDGE_CURVE('',#711,#712,#32,.T.);
#516=EDGE_CURVE('',#713,#712,#837,.T.);
#517=EDGE_CURVE('',#713,#714,#33,.T.);
#518=EDGE_CURVE('',#714,#715,#838,.T.);
#519=EDGE_CURVE('',#715,#716,#34,.T.);
#520=EDGE_CURVE('',#717,#716,#839,.T.);
#521=EDGE_CURVE('',#718,#717,#840,.T.);
#522=EDGE_CURVE('',#718,#719,#841,.T.);
#523=EDGE_CURVE('',#719,#720,#842,.T.);
#524=EDGE_CURVE('',#720,#709,#35,.T.);
#525=EDGE_CURVE('',#721,#722,#36,.T.);
#526=EDGE_CURVE('',#721,#709,#843,.F.);
#527=EDGE_CURVE('',#723,#720,#844,.F.);
#528=EDGE_CURVE('',#724,#723,#37,.T.);
#529=EDGE_CURVE('',#724,#716,#845,.F.);
#530=EDGE_CURVE('',#725,#715,#38,.T.);
#531=EDGE_CURVE('',#726,#725,#846,.F.);
#532=EDGE_CURVE('',#727,#726,#39,.T.);
#533=EDGE_CURVE('',#728,#727,#40,.T.);
#534=EDGE_CURVE('',#729,#728,#41,.T.);
#535=EDGE_CURVE('',#730,#729,#847,.T.);
#536=EDGE_CURVE('',#712,#730,#42,.T.);
#537=EDGE_CURVE('',#722,#711,#848,.F.);
#538=EDGE_CURVE('',#731,#732,#849,.T.);
#539=EDGE_CURVE('',#731,#733,#850,.T.);
#540=EDGE_CURVE('',#733,#734,#851,.T.);
#541=EDGE_CURVE('',#734,#735,#43,.T.);
#542=EDGE_CURVE('',#736,#735,#852,.T.);
#543=EDGE_CURVE('',#736,#737,#44,.T.);
#544=EDGE_CURVE('',#737,#738,#853,.T.);
#545=EDGE_CURVE('',#738,#739,#45,.T.);
#546=EDGE_CURVE('',#740,#739,#854,.T.);
#547=EDGE_CURVE('',#741,#740,#855,.T.);
#548=EDGE_CURVE('',#741,#742,#856,.T.);
#549=EDGE_CURVE('',#742,#743,#857,.T.);
#550=EDGE_CURVE('',#743,#732,#46,.T.);
#551=EDGE_CURVE('',#744,#745,#858,.T.);
#552=EDGE_CURVE('',#744,#746,#47,.T.);
#553=EDGE_CURVE('',#746,#747,#859,.T.);
#554=EDGE_CURVE('',#747,#748,#860,.T.);
#555=EDGE_CURVE('',#749,#748,#861,.T.);
#556=EDGE_CURVE('',#750,#749,#862,.T.);
#557=EDGE_CURVE('',#750,#751,#48,.T.);
#558=EDGE_CURVE('',#752,#751,#863,.T.);
#559=EDGE_CURVE('',#752,#753,#49,.T.);
#560=EDGE_CURVE('',#753,#754,#864,.T.);
#561=EDGE_CURVE('',#754,#755,#50,.T.);
#562=EDGE_CURVE('',#755,#756,#865,.T.);
#563=EDGE_CURVE('',#756,#745,#866,.T.);
#564=EDGE_CURVE('',#744,#732,#867,.F.);
#565=EDGE_CURVE('',#746,#743,#868,.F.);
#566=EDGE_CURVE('',#757,#758,#869,.T.);
#567=EDGE_CURVE('',#757,#759,#51,.T.);
#568=EDGE_CURVE('',#759,#760,#870,.T.);
#569=EDGE_CURVE('',#760,#761,#871,.T.);
#570=EDGE_CURVE('',#762,#761,#872,.T.);
#571=EDGE_CURVE('',#763,#762,#873,.T.);
#572=EDGE_CURVE('',#763,#764,#52,.T.);
#573=EDGE_CURVE('',#765,#764,#874,.T.);
#574=EDGE_CURVE('',#765,#766,#53,.T.);
#575=EDGE_CURVE('',#766,#767,#875,.T.);
#576=EDGE_CURVE('',#767,#768,#54,.T.);
#577=EDGE_CURVE('',#768,#769,#876,.T.);
#578=EDGE_CURVE('',#769,#758,#877,.T.);
#579=EDGE_CURVE('',#757,#770,#878,.F.);
#580=EDGE_CURVE('',#770,#771,#55,.T.);
#581=EDGE_CURVE('',#768,#771,#879,.F.);
#582=EDGE_CURVE('',#772,#767,#56,.T.);
#583=EDGE_CURVE('',#773,#772,#880,.T.);
#584=EDGE_CURVE('',#774,#773,#57,.T.);
#585=EDGE_CURVE('',#775,#774,#58,.T.);
#586=EDGE_CURVE('',#776,#775,#59,.T.);
#587=EDGE_CURVE('',#777,#776,#881,.F.);
#588=EDGE_CURVE('',#764,#777,#60,.T.);
#589=EDGE_CURVE('',#763,#778,#882,.F.);
#590=EDGE_CURVE('',#778,#779,#61,.T.);
#591=EDGE_CURVE('',#759,#779,#883,.F.);
#592=EDGE_CURVE('',#701,#690,#884,.F.);
#593=EDGE_CURVE('',#780,#689,#62,.T.);
#594=EDGE_CURVE('',#781,#780,#885,.F.);
#595=EDGE_CURVE('',#702,#781,#63,.T.);
#596=EDGE_CURVE('',#782,#781,#886,.T.);
#597=EDGE_CURVE('',#783,#780,#887,.T.);
#598=EDGE_CURVE('',#783,#782,#888,.F.);
#599=EDGE_CURVE('',#688,#783,#64,.T.);
#600=EDGE_CURVE('',#686,#784,#65,.T.);
#601=EDGE_CURVE('',#785,#784,#889,.T.);
#602=EDGE_CURVE('',#785,#687,#66,.T.);
#603=EDGE_CURVE('',#784,#786,#890,.T.);
#604=EDGE_CURVE('',#787,#786,#891,.T.);
#605=EDGE_CURVE('',#787,#785,#892,.T.);
#606=EDGE_CURVE('',#786,#705,#67,.T.);
#607=EDGE_CURVE('',#704,#787,#68,.T.);
#608=EDGE_CURVE('',#782,#703,#69,.T.);
#609=EDGE_CURVE('',#706,#685,#893,.F.);
#610=EDGE_CURVE('',#692,#748,#894,.T.);
#611=EDGE_CURVE('',#691,#749,#895,.T.);
#612=EDGE_CURVE('',#717,#700,#896,.T.);
#613=EDGE_CURVE('',#718,#699,#897,.T.);
#614=EDGE_CURVE('',#693,#747,#898,.T.);
#615=EDGE_CURVE('',#719,#698,#899,.T.);
#616=EDGE_CURVE('',#742,#760,#900,.T.);
#617=EDGE_CURVE('',#779,#788,#901,.T.);
#618=EDGE_CURVE('',#789,#788,#902,.T.);
#619=EDGE_CURVE('',#723,#789,#903,.T.);
#620=EDGE_CURVE('',#724,#789,#904,.T.);
#621=EDGE_CURVE('',#778,#788,#905,.T.);
#622=EDGE_CURVE('',#740,#762,#906,.T.);
#623=EDGE_CURVE('',#750,#739,#907,.F.);
#624=EDGE_CURVE('',#790,#726,#908,.T.);
#625=EDGE_CURVE('',#791,#725,#909,.T.);
#626=EDGE_CURVE('',#791,#790,#910,.F.);
#627=EDGE_CURVE('',#714,#791,#70,.T.);
#628=EDGE_CURVE('',#792,#730,#911,.T.);
#629=EDGE_CURVE('',#792,#713,#71,.T.);
#630=EDGE_CURVE('',#793,#729,#912,.T.);
#631=EDGE_CURVE('',#793,#792,#913,.T.);
#632=EDGE_CURVE('',#794,#728,#914,.T.);
#633=EDGE_CURVE('',#794,#793,#72,.T.);
#634=EDGE_CURVE('',#795,#727,#915,.T.);
#635=EDGE_CURVE('',#795,#794,#73,.T.);
#636=EDGE_CURVE('',#790,#795,#74,.T.);
#637=EDGE_CURVE('',#796,#738,#75,.T.);
#638=EDGE_CURVE('',#797,#796,#916,.F.);
#639=EDGE_CURVE('',#751,#797,#76,.T.);
#640=EDGE_CURVE('',#798,#797,#917,.T.);
#641=EDGE_CURVE('',#799,#796,#918,.T.);
#642=EDGE_CURVE('',#799,#798,#919,.F.);
#643=EDGE_CURVE('',#737,#799,#77,.T.);
#644=EDGE_CURVE('',#735,#800,#78,.T.);
#645=EDGE_CURVE('',#801,#800,#920,.T.);
#646=EDGE_CURVE('',#801,#736,#79,.T.);
#647=EDGE_CURVE('',#800,#802,#921,.T.);
#648=EDGE_CURVE('',#803,#802,#922,.T.);
#649=EDGE_CURVE('',#803,#801,#923,.T.);
#650=EDGE_CURVE('',#802,#754,#80,.T.);
#651=EDGE_CURVE('',#753,#803,#81,.T.);
#652=EDGE_CURVE('',#798,#752,#82,.T.);
#653=EDGE_CURVE('',#755,#734,#924,.F.);
#654=EDGE_CURVE('',#741,#761,#925,.T.);
#655=EDGE_CURVE('',#804,#777,#926,.T.);
#656=EDGE_CURVE('',#805,#776,#927,.T.);
#657=EDGE_CURVE('',#805,#804,#928,.F.);
#658=EDGE_CURVE('',#806,#775,#929,.T.);
#659=EDGE_CURVE('',#806,#805,#83,.T.);
#660=EDGE_CURVE('',#807,#774,#930,.T.);
#661=EDGE_CURVE('',#807,#806,#84,.T.);
#662=EDGE_CURVE('',#808,#773,#931,.T.);
#663=EDGE_CURVE('',#808,#807,#85,.T.);
#664=EDGE_CURVE('',#809,#772,#932,.T.);
#665=EDGE_CURVE('',#809,#808,#933,.T.);
#666=EDGE_CURVE('',#766,#809,#86,.T.);
#667=EDGE_CURVE('',#804,#765,#87,.T.);
#668=EDGE_CURVE('',#682,#745,#934,.T.);
#669=EDGE_CURVE('',#684,#756,#935,.T.);
#670=EDGE_CURVE('',#710,#707,#936,.T.);
#671=EDGE_CURVE('',#708,#696,#937,.T.);
#672=EDGE_CURVE('',#731,#758,#938,.T.);
#673=EDGE_CURVE('',#733,#769,#939,.T.);
#674=EDGE_CURVE('',#721,#810,#940,.T.);
#675=EDGE_CURVE('',#810,#811,#941,.T.);
#676=EDGE_CURVE('',#770,#811,#942,.T.);
#677=EDGE_CURVE('',#771,#812,#943,.T.);
#678=EDGE_CURVE('',#813,#812,#944,.T.);
#679=EDGE_CURVE('',#722,#813,#945,.T.);
#680=EDGE_CURVE('',#810,#813,#946,.T.);
#681=EDGE_CURVE('',#811,#812,#947,.T.);
#682=VERTEX_POINT('',#1620);
#683=VERTEX_POINT('',#1621);
#684=VERTEX_POINT('',#1623);
#685=VERTEX_POINT('',#1625);
#686=VERTEX_POINT('',#1630);
#687=VERTEX_POINT('',#1632);
#688=VERTEX_POINT('',#1641);
#689=VERTEX_POINT('',#1643);
#690=VERTEX_POINT('',#1648);
#691=VERTEX_POINT('',#1650);
#692=VERTEX_POINT('',#1652);
#693=VERTEX_POINT('',#1654);
#694=VERTEX_POINT('',#1656);
#695=VERTEX_POINT('',#1663);
#696=VERTEX_POINT('',#1664);
#697=VERTEX_POINT('',#1669);
#698=VERTEX_POINT('',#1671);
#699=VERTEX_POINT('',#1673);
#700=VERTEX_POINT('',#1675);
#701=VERTEX_POINT('',#1677);
#702=VERTEX_POINT('',#1682);
#703=VERTEX_POINT('',#1684);
#704=VERTEX_POINT('',#1693);
#705=VERTEX_POINT('',#1695);
#706=VERTEX_POINT('',#1700);
#707=VERTEX_POINT('',#1702);
#708=VERTEX_POINT('',#1716);
#709=VERTEX_POINT('',#1717);
#710=VERTEX_POINT('',#1719);
#711=VERTEX_POINT('',#1721);
#712=VERTEX_POINT('',#1726);
#713=VERTEX_POINT('',#1728);
#714=VERTEX_POINT('',#1737);
#715=VERTEX_POINT('',#1739);
#716=VERTEX_POINT('',#1744);
#717=VERTEX_POINT('',#1746);
#718=VERTEX_POINT('',#1748);
#719=VERTEX_POINT('',#1750);
#720=VERTEX_POINT('',#1752);
#721=VERTEX_POINT('',#1771);
#722=VERTEX_POINT('',#1772);
#723=VERTEX_POINT('',#1775);
#724=VERTEX_POINT('',#1780);
#725=VERTEX_POINT('',#1786);
#726=VERTEX_POINT('',#1788);
#727=VERTEX_POINT('',#1793);
#728=VERTEX_POINT('',#1802);
#729=VERTEX_POINT('',#1807);
#730=VERTEX_POINT('',#1809);
#731=VERTEX_POINT('',#1817);
#732=VERTEX_POINT('',#1818);
#733=VERTEX_POINT('',#1820);
#734=VERTEX_POINT('',#1822);
#735=VERTEX_POINT('',#1827);
#736=VERTEX_POINT('',#1829);
#737=VERTEX_POINT('',#1838);
#738=VERTEX_POINT('',#1840);
#739=VERTEX_POINT('',#1845);
#740=VERTEX_POINT('',#1847);
#741=VERTEX_POINT('',#1849);
#742=VERTEX_POINT('',#1851);
#743=VERTEX_POINT('',#1853);
#744=VERTEX_POINT('',#1860);
#745=VERTEX_POINT('',#1861);
#746=VERTEX_POINT('',#1866);
#747=VERTEX_POINT('',#1868);
#748=VERTEX_POINT('',#1870);
#749=VERTEX_POINT('',#1872);
#750=VERTEX_POINT('',#1874);
#751=VERTEX_POINT('',#1879);
#752=VERTEX_POINT('',#1881);
#753=VERTEX_POINT('',#1890);
#754=VERTEX_POINT('',#1892);
#755=VERTEX_POINT('',#1897);
#756=VERTEX_POINT('',#1899);
#757=VERTEX_POINT('',#1913);
#758=VERTEX_POINT('',#1914);
#759=VERTEX_POINT('',#1919);
#760=VERTEX_POINT('',#1921);
#761=VERTEX_POINT('',#1923);
#762=VERTEX_POINT('',#1925);
#763=VERTEX_POINT('',#1927);
#764=VERTEX_POINT('',#1932);
#765=VERTEX_POINT('',#1934);
#766=VERTEX_POINT('',#1943);
#767=VERTEX_POINT('',#1945);
#768=VERTEX_POINT('',#1950);
#769=VERTEX_POINT('',#1952);
#770=VERTEX_POINT('',#1965);
#771=VERTEX_POINT('',#1970);
#772=VERTEX_POINT('',#1976);
#773=VERTEX_POINT('',#1978);
#774=VERTEX_POINT('',#1983);
#775=VERTEX_POINT('',#1992);
#776=VERTEX_POINT('',#1997);
#777=VERTEX_POINT('',#1999);
#778=VERTEX_POINT('',#2005);
#779=VERTEX_POINT('',#2010);
#780=VERTEX_POINT('',#2025);
#781=VERTEX_POINT('',#2027);
#782=VERTEX_POINT('',#2034);
#783=VERTEX_POINT('',#2036);
#784=VERTEX_POINT('',#2048);
#785=VERTEX_POINT('',#2050);
#786=VERTEX_POINT('',#2057);
#787=VERTEX_POINT('',#2059);
#788=VERTEX_POINT('',#2107);
#789=VERTEX_POINT('',#2109);
#790=VERTEX_POINT('',#2118);
#791=VERTEX_POINT('',#2120);
#792=VERTEX_POINT('',#2129);
#793=VERTEX_POINT('',#2136);
#794=VERTEX_POINT('',#2140);
#795=VERTEX_POINT('',#2147);
#796=VERTEX_POINT('',#2183);
#797=VERTEX_POINT('',#2185);
#798=VERTEX_POINT('',#2192);
#799=VERTEX_POINT('',#2194);
#800=VERTEX_POINT('',#2206);
#801=VERTEX_POINT('',#2208);
#802=VERTEX_POINT('',#2215);
#803=VERTEX_POINT('',#2217);
#804=VERTEX_POINT('',#2257);
#805=VERTEX_POINT('',#2259);
#806=VERTEX_POINT('',#2263);
#807=VERTEX_POINT('',#2270);
#808=VERTEX_POINT('',#2281);
#809=VERTEX_POINT('',#2288);
#810=VERTEX_POINT('',#2323);
#811=VERTEX_POINT('',#2325);
#812=VERTEX_POINT('',#2329);
#813=VERTEX_POINT('',#2331);
#814=LINE('',#1619,#948);
#815=LINE('',#1622,#949);
#816=LINE('',#1624,#950);
#817=LINE('',#1631,#951);
#818=LINE('',#1642,#952);
#819=LINE('',#1649,#953);
#820=LINE('',#1651,#954);
#821=LINE('',#1653,#955);
#822=LINE('',#1655,#956);
#823=LINE('',#1662,#957);
#824=LINE('',#1670,#958);
#825=LINE('',#1672,#959);
#826=LINE('',#1674,#960);
#827=LINE('',#1676,#961);
#828=LINE('',#1683,#962);
#829=LINE('',#1694,#963);
#830=LINE('',#1701,#964);
#831=LINE('',#1703,#965);
#832=LINE('',#1712,#966);
#833=LINE('',#1713,#967);
#834=LINE('',#1715,#968);
#835=LINE('',#1718,#969);
#836=LINE('',#1720,#970);
#837=LINE('',#1727,#971);
#838=LINE('',#1738,#972);
#839=LINE('',#1745,#973);
#840=LINE('',#1747,#974);
#841=LINE('',#1749,#975);
#842=LINE('',#1751,#976);
#843=LINE('',#1773,#977);
#844=LINE('',#1774,#978);
#845=LINE('',#1781,#979);
#846=LINE('',#1787,#980);
#847=LINE('',#1808,#981);
#848=LINE('',#1814,#982);
#849=LINE('',#1816,#983);
#850=LINE('',#1819,#984);
#851=LINE('',#1821,#985);
#852=LINE('',#1828,#986);
#853=LINE('',#1839,#987);
#854=LINE('',#1846,#988);
#855=LINE('',#1848,#989);
#856=LINE('',#1850,#990);
#857=LINE('',#1852,#991);
#858=LINE('',#1859,#992);
#859=LINE('',#1867,#993);
#860=LINE('',#1869,#994);
#861=LINE('',#1871,#995);
#862=LINE('',#1873,#996);
#863=LINE('',#1880,#997);
#864=LINE('',#1891,#998);
#865=LINE('',#1898,#999);
#866=LINE('',#1900,#1000);
#867=LINE('',#1909,#1001);
#868=LINE('',#1910,#1002);
#869=LINE('',#1912,#1003);
#870=LINE('',#1920,#1004);
#871=LINE('',#1922,#1005);
#872=LINE('',#1924,#1006);
#873=LINE('',#1926,#1007);
#874=LINE('',#1933,#1008);
#875=LINE('',#1944,#1009);
#876=LINE('',#1951,#1010);
#877=LINE('',#1953,#1011);
#878=LINE('',#1964,#1012);
#879=LINE('',#1971,#1013);
#880=LINE('',#1977,#1014);
#881=LINE('',#1998,#1015);
#882=LINE('',#2004,#1016);
#883=LINE('',#2011,#1017);
#884=LINE('',#2020,#1018);
#885=LINE('',#2026,#1019);
#886=LINE('',#2033,#1020);
#887=LINE('',#2035,#1021);
#888=LINE('',#2037,#1022);
#889=LINE('',#2049,#1023);
#890=LINE('',#2056,#1024);
#891=LINE('',#2058,#1025);
#892=LINE('',#2060,#1026);
#893=LINE('',#2093,#1027);
#894=LINE('',#2095,#1028);
#895=LINE('',#2096,#1029);
#896=LINE('',#2098,#1030);
#897=LINE('',#2099,#1031);
#898=LINE('',#2101,#1032);
#899=LINE('',#2103,#1033);
#900=LINE('',#2105,#1034);
#901=LINE('',#2106,#1035);
#902=LINE('',#2108,#1036);
#903=LINE('',#2110,#1037);
#904=LINE('',#2112,#1038);
#905=LINE('',#2113,#1039);
#906=LINE('',#2114,#1040);
#907=LINE('',#2115,#1041);
#908=LINE('',#2117,#1042);
#909=LINE('',#2119,#1043);
#910=LINE('',#2121,#1044);
#911=LINE('',#2128,#1045);
#912=LINE('',#2135,#1046);
#913=LINE('',#2137,#1047);
#914=LINE('',#2139,#1048);
#915=LINE('',#2146,#1049);
#916=LINE('',#2184,#1050);
#917=LINE('',#2191,#1051);
#918=LINE('',#2193,#1052);
#919=LINE('',#2195,#1053);
#920=LINE('',#2207,#1054);
#921=LINE('',#2214,#1055);
#922=LINE('',#2216,#1056);
#923=LINE('',#2218,#1057);
#924=LINE('',#2251,#1058);
#925=LINE('',#2253,#1059);
#926=LINE('',#2256,#1060);
#927=LINE('',#2258,#1061);
#928=LINE('',#2260,#1062);
#929=LINE('',#2262,#1063);
#930=LINE('',#2269,#1064);
#931=LINE('',#2280,#1065);
#932=LINE('',#2287,#1066);
#933=LINE('',#2289,#1067);
#934=LINE('',#2313,#1068);
#935=LINE('',#2314,#1069);
#936=LINE('',#2316,#1070);
#937=LINE('',#2317,#1071);
#938=LINE('',#2319,#1072);
#939=LINE('',#2320,#1073);
#940=LINE('',#2322,#1074);
#941=LINE('',#2324,#1075);
#942=LINE('',#2326,#1076);
#943=LINE('',#2328,#1077);
#944=LINE('',#2330,#1078);
#945=LINE('',#2332,#1079);
#946=LINE('',#2334,#1080);
#947=LINE('',#2336,#1081);
#948=VECTOR('',#1385,1.);
#949=VECTOR('',#1386,1.);
#950=VECTOR('',#1387,1.);
#951=VECTOR('',#1388,1.);
#952=VECTOR('',#1389,1.);
#953=VECTOR('',#1390,1.);
#954=VECTOR('',#1391,1.);
#955=VECTOR('',#1392,1.);
#956=VECTOR('',#1393,1.);
#957=VECTOR('',#1396,1.);
#958=VECTOR('',#1397,1.);
#959=VECTOR('',#1398,1.);
#960=VECTOR('',#1399,1.);
#961=VECTOR('',#1400,1.);
#962=VECTOR('',#1401,1.);
#963=VECTOR('',#1402,1.);
#964=VECTOR('',#1403,1.);
#965=VECTOR('',#1404,1.);
#966=VECTOR('',#1405,1.);
#967=VECTOR('',#1406,1.);
#968=VECTOR('',#1409,1.);
#969=VECTOR('',#1410,1.);
#970=VECTOR('',#1411,1.);
#971=VECTOR('',#1412,1.);
#972=VECTOR('',#1413,1.);
#973=VECTOR('',#1414,1.);
#974=VECTOR('',#1415,1.);
#975=VECTOR('',#1416,1.);
#976=VECTOR('',#1417,1.);
#977=VECTOR('',#1418,1.);
#978=VECTOR('',#1419,1.);
#979=VECTOR('',#1420,1.);
#980=VECTOR('',#1421,1.);
#981=VECTOR('',#1422,1.);
#982=VECTOR('',#1423,1.);
#983=VECTOR('',#1426,1.);
#984=VECTOR('',#1427,1.);
#985=VECTOR('',#1428,1.);
#986=VECTOR('',#1429,1.);
#987=VECTOR('',#1430,1.);
#988=VECTOR('',#1431,1.);
#989=VECTOR('',#1432,1.);
#990=VECTOR('',#1433,1.);
#991=VECTOR('',#1434,1.);
#992=VECTOR('',#1437,1.);
#993=VECTOR('',#1438,1.);
#994=VECTOR('',#1439,1.);
#995=VECTOR('',#1440,1.);
#996=VECTOR('',#1441,1.);
#997=VECTOR('',#1442,1.);
#998=VECTOR('',#1443,1.);
#999=VECTOR('',#1444,1.);
#1000=VECTOR('',#1445,1.);
#1001=VECTOR('',#1446,1.);
#1002=VECTOR('',#1447,1.);
#1003=VECTOR('',#1450,1.);
#1004=VECTOR('',#1451,1.);
#1005=VECTOR('',#1452,1.);
#1006=VECTOR('',#1453,1.);
#1007=VECTOR('',#1454,1.);
#1008=VECTOR('',#1455,1.);
#1009=VECTOR('',#1456,1.);
#1010=VECTOR('',#1457,1.);
#1011=VECTOR('',#1458,1.);
#1012=VECTOR('',#1459,1.);
#1013=VECTOR('',#1460,1.);
#1014=VECTOR('',#1461,1.);
#1015=VECTOR('',#1462,1.);
#1016=VECTOR('',#1463,1.);
#1017=VECTOR('',#1464,1.);
#1018=VECTOR('',#1465,1.);
#1019=VECTOR('',#1466,1.);
#1020=VECTOR('',#1469,1.);
#1021=VECTOR('',#1470,1.);
#1022=VECTOR('',#1471,1.);
#1023=VECTOR('',#1476,1.);
#1024=VECTOR('',#1479,1.);
#1025=VECTOR('',#1480,1.);
#1026=VECTOR('',#1481,1.);
#1027=VECTOR('',#1486,1.);
#1028=VECTOR('',#1489,1.);
#1029=VECTOR('',#1490,1.);
#1030=VECTOR('',#1493,1.);
#1031=VECTOR('',#1494,1.);
#1032=VECTOR('',#1497,1.);
#1033=VECTOR('',#1500,1.);
#1034=VECTOR('',#1503,1.);
#1035=VECTOR('',#1504,1.);
#1036=VECTOR('',#1505,1.);
#1037=VECTOR('',#1506,1.);
#1038=VECTOR('',#1509,1.);
#1039=VECTOR('',#1510,1.);
#1040=VECTOR('',#1511,1.);
#1041=VECTOR('',#1512,1.);
#1042=VECTOR('',#1515,1.);
#1043=VECTOR('',#1516,1.);
#1044=VECTOR('',#1517,1.);
#1045=VECTOR('',#1522,1.);
#1046=VECTOR('',#1525,1.);
#1047=VECTOR('',#1526,1.);
#1048=VECTOR('',#1529,1.);
#1049=VECTOR('',#1532,1.);
#1050=VECTOR('',#1535,1.);
#1051=VECTOR('',#1538,1.);
#1052=VECTOR('',#1539,1.);
#1053=VECTOR('',#1540,1.);
#1054=VECTOR('',#1545,1.);
#1055=VECTOR('',#1548,1.);
#1056=VECTOR('',#1549,1.);
#1057=VECTOR('',#1550,1.);
#1058=VECTOR('',#1555,1.);
#1059=VECTOR('',#1558,1.);
#1060=VECTOR('',#1563,1.);
#1061=VECTOR('',#1564,1.);
#1062=VECTOR('',#1565,1.);
#1063=VECTOR('',#1568,1.);
#1064=VECTOR('',#1571,1.);
#1065=VECTOR('',#1574,1.);
#1066=VECTOR('',#1577,1.);
#1067=VECTOR('',#1578,1.);
#1068=VECTOR('',#1589,1.);
#1069=VECTOR('',#1590,1.);
#1070=VECTOR('',#1593,1.);
#1071=VECTOR('',#1594,1.);
#1072=VECTOR('',#1597,1.);
#1073=VECTOR('',#1598,1.);
#1074=VECTOR('',#1601,1.);
#1075=VECTOR('',#1602,1.);
#1076=VECTOR('',#1603,1.);
#1077=VECTOR('',#1606,1.);
#1078=VECTOR('',#1607,1.);
#1079=VECTOR('',#1608,1.);
#1080=VECTOR('',#1611,1.);
#1081=VECTOR('',#1614,1.);
#1082=EDGE_LOOP('',(#88,#89,#90,#91,#92,#93,#94,#95,#96,#97,#98,#99,#100));
#1083=EDGE_LOOP('',(#101,#102,#103,#104,#105,#106,#107,#108,#109,#110,#111,
#112,#113));
#1084=EDGE_LOOP('',(#114,#115,#116,#117));
#1085=EDGE_LOOP('',(#118,#119,#120,#121,#122,#123,#124,#125,#126,#127,#128,
#129,#130));
#1086=EDGE_LOOP('',(#131,#132,#133,#134,#135,#136,#137,#138,#139,#140,#141,
#142,#143,#144,#145,#146));
#1087=EDGE_LOOP('',(#147,#148,#149,#150,#151,#152,#153,#154,#155,#156,#157,
#158,#159));
#1088=EDGE_LOOP('',(#160,#161,#162,#163,#164,#165,#166,#167,#168,#169,#170,
#171,#172));
#1089=EDGE_LOOP('',(#173,#174,#175,#176));
#1090=EDGE_LOOP('',(#177,#178,#179,#180,#181,#182,#183,#184,#185,#186,#187,
#188,#189));
#1091=EDGE_LOOP('',(#190,#191,#192,#193,#194,#195,#196,#197,#198,#199,#200,
#201,#202,#203,#204,#205));
#1092=EDGE_LOOP('',(#206,#207,#208,#209,#210,#211));
#1093=EDGE_LOOP('',(#212,#213,#214,#215));
#1094=EDGE_LOOP('',(#216,#217,#218,#219));
#1095=EDGE_LOOP('',(#220,#221,#222,#223));
#1096=EDGE_LOOP('',(#224,#225,#226,#227));
#1097=EDGE_LOOP('',(#228,#229,#230,#231));
#1098=EDGE_LOOP('',(#232,#233,#234,#235));
#1099=EDGE_LOOP('',(#236,#237,#238,#239,#240,#241,#242,#243));
#1100=EDGE_LOOP('',(#244,#245,#246,#247,#248,#249));
#1101=EDGE_LOOP('',(#250,#251,#252,#253));
#1102=EDGE_LOOP('',(#254,#255,#256,#257));
#1103=EDGE_LOOP('',(#258,#259,#260,#261));
#1104=EDGE_LOOP('',(#262,#263,#264,#265));
#1105=EDGE_LOOP('',(#266,#267,#268,#269,#270,#271,#272,#273,#274,#275,#276,
#277,#278,#279,#280,#281));
#1106=EDGE_LOOP('',(#282,#283,#284,#285,#286,#287,#288,#289,#290,#291,#292,
#293,#294,#295,#296,#297));
#1107=EDGE_LOOP('',(#298,#299,#300,#301));
#1108=EDGE_LOOP('',(#302,#303,#304,#305));
#1109=EDGE_LOOP('',(#306,#307,#308,#309));
#1110=EDGE_LOOP('',(#310,#311,#312,#313));
#1111=EDGE_LOOP('',(#314,#315,#316,#317));
#1112=EDGE_LOOP('',(#318,#319,#320,#321));
#1113=EDGE_LOOP('',(#322,#323,#324,#325));
#1114=EDGE_LOOP('',(#326,#327,#328,#329,#330,#331,#332,#333));
#1115=EDGE_LOOP('',(#334,#335,#336,#337,#338,#339));
#1116=EDGE_LOOP('',(#340,#341,#342,#343));
#1117=EDGE_LOOP('',(#344,#345,#346,#347));
#1118=EDGE_LOOP('',(#348,#349,#350,#351));
#1119=EDGE_LOOP('',(#352,#353,#354,#355));
#1120=EDGE_LOOP('',(#356,#357,#358,#359));
#1121=EDGE_LOOP('',(#360,#361,#362,#363));
#1122=EDGE_LOOP('',(#364,#365,#366,#367,#368,#369,#370,#371));
#1123=EDGE_LOOP('',(#372,#373,#374,#375,#376,#377));
#1124=EDGE_LOOP('',(#378,#379,#380,#381));
#1125=EDGE_LOOP('',(#382,#383,#384,#385));
#1126=EDGE_LOOP('',(#386,#387,#388,#389));
#1127=EDGE_LOOP('',(#390,#391,#392,#393));
#1128=EDGE_LOOP('',(#394,#395,#396,#397));
#1129=EDGE_LOOP('',(#398,#399,#400,#401));
#1130=EDGE_LOOP('',(#402,#403,#404,#405));
#1131=EDGE_LOOP('',(#406,#407,#408,#409));
#1132=EDGE_LOOP('',(#410,#411,#412,#413));
#1133=EDGE_LOOP('',(#414,#415,#416,#417,#418,#419,#420,#421));
#1134=EDGE_LOOP('',(#422,#423,#424));
#1135=EDGE_LOOP('',(#425,#426,#427));
#1136=EDGE_LOOP('',(#428,#429,#430,#431));
#1137=EDGE_LOOP('',(#432,#433,#434,#435));
#1138=EDGE_LOOP('',(#436,#437,#438,#439));
#1139=EDGE_LOOP('',(#440,#441,#442,#443,#444,#445,#446,#447,#448,#449,#450,
#451,#452,#453,#454,#455));
#1140=EDGE_LOOP('',(#456,#457,#458,#459,#460,#461,#462,#463,#464,#465,#466,
#467,#468,#469,#470,#471));
#1141=EDGE_LOOP('',(#472,#473,#474,#475));
#1142=EDGE_LOOP('',(#476,#477,#478,#479));
#1143=EDGE_LOOP('',(#480,#481,#482,#483));
#1144=FACE_BOUND('',#1082,.T.);
#1145=FACE_BOUND('',#1083,.T.);
#1146=FACE_BOUND('',#1084,.T.);
#1147=FACE_BOUND('',#1085,.T.);
#1148=FACE_BOUND('',#1086,.T.);
#1149=FACE_BOUND('',#1087,.T.);
#1150=FACE_BOUND('',#1088,.T.);
#1151=FACE_BOUND('',#1089,.T.);
#1152=FACE_BOUND('',#1090,.T.);
#1153=FACE_BOUND('',#1091,.T.);
#1154=FACE_BOUND('',#1092,.T.);
#1155=FACE_BOUND('',#1093,.T.);
#1156=FACE_BOUND('',#1094,.T.);
#1157=FACE_BOUND('',#1095,.T.);
#1158=FACE_BOUND('',#1096,.T.);
#1159=FACE_BOUND('',#1097,.T.);
#1160=FACE_BOUND('',#1098,.T.);
#1161=FACE_BOUND('',#1099,.T.);
#1162=FACE_BOUND('',#1100,.T.);
#1163=FACE_BOUND('',#1101,.T.);
#1164=FACE_BOUND('',#1102,.T.);
#1165=FACE_BOUND('',#1103,.T.);
#1166=FACE_BOUND('',#1104,.T.);
#1167=FACE_BOUND('',#1105,.T.);
#1168=FACE_BOUND('',#1106,.T.);
#1169=FACE_BOUND('',#1107,.T.);
#1170=FACE_BOUND('',#1108,.T.);
#1171=FACE_BOUND('',#1109,.T.);
#1172=FACE_BOUND('',#1110,.T.);
#1173=FACE_BOUND('',#1111,.T.);
#1174=FACE_BOUND('',#1112,.T.);
#1175=FACE_BOUND('',#1113,.T.);
#1176=FACE_BOUND('',#1114,.T.);
#1177=FACE_BOUND('',#1115,.T.);
#1178=FACE_BOUND('',#1116,.T.);
#1179=FACE_BOUND('',#1117,.T.);
#1180=FACE_BOUND('',#1118,.T.);
#1181=FACE_BOUND('',#1119,.T.);
#1182=FACE_BOUND('',#1120,.T.);
#1183=FACE_BOUND('',#1121,.T.);
#1184=FACE_BOUND('',#1122,.T.);
#1185=FACE_BOUND('',#1123,.T.);
#1186=FACE_BOUND('',#1124,.T.);
#1187=FACE_BOUND('',#1125,.T.);
#1188=FACE_BOUND('',#1126,.T.);
#1189=FACE_BOUND('',#1127,.T.);
#1190=FACE_BOUND('',#1128,.T.);
#1191=FACE_BOUND('',#1129,.T.);
#1192=FACE_BOUND('',#1130,.T.);
#1193=FACE_BOUND('',#1131,.T.);
#1194=FACE_BOUND('',#1132,.T.);
#1195=FACE_BOUND('',#1133,.T.);
#1196=FACE_BOUND('',#1134,.T.);
#1197=FACE_BOUND('',#1135,.T.);
#1198=FACE_BOUND('',#1136,.T.);
#1199=FACE_BOUND('',#1137,.T.);
#1200=FACE_BOUND('',#1138,.T.);
#1201=FACE_BOUND('',#1139,.T.);
#1202=FACE_BOUND('',#1140,.T.);
#1203=FACE_BOUND('',#1141,.T.);
#1204=FACE_BOUND('',#1142,.T.);
#1205=FACE_BOUND('',#1143,.T.);
#1206=PLANE('',#1331);
#1207=PLANE('',#1332);
#1208=PLANE('',#1333);
#1209=PLANE('',#1334);
#1210=PLANE('',#1335);
#1211=PLANE('',#1336);
#1212=PLANE('',#1337);
#1213=PLANE('',#1338);
#1214=PLANE('',#1339);
#1215=PLANE('',#1340);
#1216=PLANE('',#1341);
#1217=PLANE('',#1342);
#1218=PLANE('',#1343);
#1219=PLANE('',#1344);
#1220=PLANE('',#1345);
#1221=PLANE('',#1346);
#1222=PLANE('',#1347);
#1223=PLANE('',#1348);
#1224=PLANE('',#1349);
#1225=PLANE('',#1350);
#1226=PLANE('',#1351);
#1227=PLANE('',#1352);
#1228=PLANE('',#1353);
#1229=PLANE('',#1354);
#1230=PLANE('',#1355);
#1231=PLANE('',#1356);
#1232=PLANE('',#1357);
#1233=PLANE('',#1358);
#1234=PLANE('',#1359);
#1235=PLANE('',#1360);
#1236=PLANE('',#1361);
#1237=PLANE('',#1362);
#1238=PLANE('',#1363);
#1239=PLANE('',#1364);
#1240=PLANE('',#1365);
#1241=PLANE('',#1366);
#1242=PLANE('',#1367);
#1243=PLANE('',#1368);
#1244=PLANE('',#1369);
#1245=PLANE('',#1370);
#1246=PLANE('',#1371);
#1247=PLANE('',#1372);
#1248=PLANE('',#1373);
#1249=PLANE('',#1374);
#1250=PLANE('',#1375);
#1251=PLANE('',#1376);
#1252=PLANE('',#1377);
#1253=PLANE('',#1378);
#1254=PLANE('',#1379);
#1255=PLANE('',#1380);
#1256=ADVANCED_FACE('',(#1144),#1206,.F.);
#1257=ADVANCED_FACE('',(#1145),#1207,.F.);
#1258=ADVANCED_FACE('',(#1146),#12,.T.);
#1259=ADVANCED_FACE('',(#1147),#1208,.F.);
#1260=ADVANCED_FACE('',(#1148),#13,.T.);
#1261=ADVANCED_FACE('',(#1149),#1209,.F.);
#1262=ADVANCED_FACE('',(#1150),#1210,.F.);
#1263=ADVANCED_FACE('',(#1151),#14,.T.);
#1264=ADVANCED_FACE('',(#1152),#1211,.F.);
#1265=ADVANCED_FACE('',(#1153),#15,.T.);
#1266=ADVANCED_FACE('',(#1154),#16,.T.);
#1267=ADVANCED_FACE('',(#1155),#1212,.F.);
#1268=ADVANCED_FACE('',(#1156),#1213,.F.);
#1269=ADVANCED_FACE('',(#1157),#1214,.F.);
#1270=ADVANCED_FACE('',(#1158),#1215,.F.);
#1271=ADVANCED_FACE('',(#1159),#1216,.F.);
#1272=ADVANCED_FACE('',(#1160),#1217,.F.);
#1273=ADVANCED_FACE('',(#1161),#17,.T.);
#1274=ADVANCED_FACE('',(#1162),#18,.T.);
#1275=ADVANCED_FACE('',(#1163),#1218,.F.);
#1276=ADVANCED_FACE('',(#1164),#1219,.F.);
#1277=ADVANCED_FACE('',(#1165),#1220,.T.);
#1278=ADVANCED_FACE('',(#1166),#1221,.T.);
#1279=ADVANCED_FACE('',(#1167),#1222,.T.);
#1280=ADVANCED_FACE('',(#1168),#1223,.F.);
#1281=ADVANCED_FACE('',(#1169),#1224,.F.);
#1282=ADVANCED_FACE('',(#1170),#1225,.F.);
#1283=ADVANCED_FACE('',(#1171),#1226,.F.);
#1284=ADVANCED_FACE('',(#1172),#1227,.F.);
#1285=ADVANCED_FACE('',(#1173),#1228,.F.);
#1286=ADVANCED_FACE('',(#1174),#1229,.F.);
#1287=ADVANCED_FACE('',(#1175),#1230,.F.);
#1288=ADVANCED_FACE('',(#1176),#19,.T.);
#1289=ADVANCED_FACE('',(#1177),#20,.T.);
#1290=ADVANCED_FACE('',(#1178),#1231,.F.);
#1291=ADVANCED_FACE('',(#1179),#1232,.F.);
#1292=ADVANCED_FACE('',(#1180),#1233,.F.);
#1293=ADVANCED_FACE('',(#1181),#1234,.F.);
#1294=ADVANCED_FACE('',(#1182),#1235,.F.);
#1295=ADVANCED_FACE('',(#1183),#1236,.F.);
#1296=ADVANCED_FACE('',(#1184),#21,.T.);
#1297=ADVANCED_FACE('',(#1185),#22,.T.);
#1298=ADVANCED_FACE('',(#1186),#1237,.F.);
#1299=ADVANCED_FACE('',(#1187),#1238,.T.);
#1300=ADVANCED_FACE('',(#1188),#1239,.F.);
#1301=ADVANCED_FACE('',(#1189),#1240,.F.);
#1302=ADVANCED_FACE('',(#1190),#1241,.F.);
#1303=ADVANCED_FACE('',(#1191),#1242,.F.);
#1304=ADVANCED_FACE('',(#1192),#1243,.F.);
#1305=ADVANCED_FACE('',(#1193),#1244,.F.);
#1306=ADVANCED_FACE('',(#1194),#1245,.F.);
#1307=ADVANCED_FACE('',(#1195),#23,.T.);
#1308=ADVANCED_FACE('',(#1196),#1246,.T.);
#1309=ADVANCED_FACE('',(#1197),#1247,.F.);
#1310=ADVANCED_FACE('',(#1198),#1248,.T.);
#1311=ADVANCED_FACE('',(#1199),#1249,.T.);
#1312=ADVANCED_FACE('',(#1200),#1250,.T.);
#1313=ADVANCED_FACE('',(#1201),#1251,.F.);
#1314=ADVANCED_FACE('',(#1202),#1252,.T.);
#1315=ADVANCED_FACE('',(#1203),#1253,.T.);
#1316=ADVANCED_FACE('',(#1204),#1254,.F.);
#1317=ADVANCED_FACE('',(#1205),#1255,.F.);
#1318=CLOSED_SHELL('',(#1256,#1257,#1258,#1259,#1260,#1261,#1262,#1263,
#1264,#1265,#1266,#1267,#1268,#1269,#1270,#1271,#1272,#1273,#1274,#1275,
#1276,#1277,#1278,#1279,#1280,#1281,#1282,#1283,#1284,#1285,#1286,#1287,
#1288,#1289,#1290,#1291,#1292,#1293,#1294,#1295,#1296,#1297,#1298,#1299,
#1300,#1301,#1302,#1303,#1304,#1305,#1306,#1307,#1308,#1309,#1310,#1311,
#1312,#1313,#1314,#1315,#1316,#1317));
#1319=STYLED_ITEM('',(#1320),#1327);
#1320=PRESENTATION_STYLE_ASSIGNMENT((#1321));
#1321=SURFACE_STYLE_USAGE(.BOTH.,#1322);
#1322=SURFACE_SIDE_STYLE('',(#1323));
#1323=SURFACE_STYLE_FILL_AREA(#1324);
#1324=FILL_AREA_STYLE('',(#1325));
#1325=FILL_AREA_STYLE_COLOUR('',#1326);
#1326=COLOUR_RGB('',0.231372549019608,0.380392156862745,0.705882352941177);
#1327=MANIFOLD_SOLID_BREP('Solar Panels Wingtips',#1318);
#1328=SHAPE_DEFINITION_REPRESENTATION(#2344,#1329);
#1329=SHAPE_REPRESENTATION('Solar Panels Wingtips',(#1330),#2339);
#1330=AXIS2_PLACEMENT_3D('',#1617,#1381,#1382);
#1331=AXIS2_PLACEMENT_3D('',#1618,#1383,#1384);
#1332=AXIS2_PLACEMENT_3D('',#1661,#1394,#1395);
#1333=AXIS2_PLACEMENT_3D('',#1714,#1407,#1408);
#1334=AXIS2_PLACEMENT_3D('',#1815,#1424,#1425);
#1335=AXIS2_PLACEMENT_3D('',#1858,#1435,#1436);
#1336=AXIS2_PLACEMENT_3D('',#1911,#1448,#1449);
#1337=AXIS2_PLACEMENT_3D('',#2032,#1467,#1468);
#1338=AXIS2_PLACEMENT_3D('',#2038,#1472,#1473);
#1339=AXIS2_PLACEMENT_3D('',#2043,#1474,#1475);
#1340=AXIS2_PLACEMENT_3D('',#2055,#1477,#1478);
#1341=AXIS2_PLACEMENT_3D('',#2061,#1482,#1483);
#1342=AXIS2_PLACEMENT_3D('',#2070,#1484,#1485);
#1343=AXIS2_PLACEMENT_3D('',#2094,#1487,#1488);
#1344=AXIS2_PLACEMENT_3D('',#2097,#1491,#1492);
#1345=AXIS2_PLACEMENT_3D('',#2100,#1495,#1496);
#1346=AXIS2_PLACEMENT_3D('',#2102,#1498,#1499);
#1347=AXIS2_PLACEMENT_3D('',#2104,#1501,#1502);
#1348=AXIS2_PLACEMENT_3D('',#2111,#1507,#1508);
#1349=AXIS2_PLACEMENT_3D('',#2116,#1513,#1514);
#1350=AXIS2_PLACEMENT_3D('',#2122,#1518,#1519);
#1351=AXIS2_PLACEMENT_3D('',#2127,#1520,#1521);
#1352=AXIS2_PLACEMENT_3D('',#2134,#1523,#1524);
#1353=AXIS2_PLACEMENT_3D('',#2138,#1527,#1528);
#1354=AXIS2_PLACEMENT_3D('',#2145,#1530,#1531);
#1355=AXIS2_PLACEMENT_3D('',#2156,#1533,#1534);
#1356=AXIS2_PLACEMENT_3D('',#2190,#1536,#1537);
#1357=AXIS2_PLACEMENT_3D('',#2196,#1541,#1542);
#1358=AXIS2_PLACEMENT_3D('',#2201,#1543,#1544);
#1359=AXIS2_PLACEMENT_3D('',#2213,#1546,#1547);
#1360=AXIS2_PLACEMENT_3D('',#2219,#1551,#1552);
#1361=AXIS2_PLACEMENT_3D('',#2228,#1553,#1554);
#1362=AXIS2_PLACEMENT_3D('',#2252,#1556,#1557);
#1363=AXIS2_PLACEMENT_3D('',#2254,#1559,#1560);
#1364=AXIS2_PLACEMENT_3D('',#2255,#1561,#1562);
#1365=AXIS2_PLACEMENT_3D('',#2261,#1566,#1567);
#1366=AXIS2_PLACEMENT_3D('',#2268,#1569,#1570);
#1367=AXIS2_PLACEMENT_3D('',#2279,#1572,#1573);
#1368=AXIS2_PLACEMENT_3D('',#2286,#1575,#1576);
#1369=AXIS2_PLACEMENT_3D('',#2290,#1579,#1580);
#1370=AXIS2_PLACEMENT_3D('',#2295,#1581,#1582);
#1371=AXIS2_PLACEMENT_3D('',#2310,#1583,#1584);
#1372=AXIS2_PLACEMENT_3D('',#2311,#1585,#1586);
#1373=AXIS2_PLACEMENT_3D('',#2312,#1587,#1588);
#1374=AXIS2_PLACEMENT_3D('',#2315,#1591,#1592);
#1375=AXIS2_PLACEMENT_3D('',#2318,#1595,#1596);
#1376=AXIS2_PLACEMENT_3D('',#2321,#1599,#1600);
#1377=AXIS2_PLACEMENT_3D('',#2327,#1604,#1605);
#1378=AXIS2_PLACEMENT_3D('',#2333,#1609,#1610);
#1379=AXIS2_PLACEMENT_3D('',#2335,#1612,#1613);
#1380=AXIS2_PLACEMENT_3D('',#2337,#1615,#1616);
#1381=DIRECTION('',(0.,0.,1.));
#1382=DIRECTION('',(1.,0.,0.));
#1383=DIRECTION('',(1.,0.,0.));
#1384=DIRECTION('',(0.,0.,-1.));
#1385=DIRECTION('',(0.,0.,-1.));
#1386=DIRECTION('',(0.,-1.,0.));
#1387=DIRECTION('',(0.,0.,-1.));
#1388=DIRECTION('',(0.,0.,-1.));
#1389=DIRECTION('',(0.,0.,-1.));
#1390=DIRECTION('',(0.,-1.,0.));
#1391=DIRECTION('',(0.,0.,-1.));
#1392=DIRECTION('',(0.,-1.,0.));
#1393=DIRECTION('',(0.,0.,-1.));
#1394=DIRECTION('',(-1.,0.,0.));
#1395=DIRECTION('',(0.,0.,1.));
#1396=DIRECTION('',(0.,0.,1.));
#1397=DIRECTION('',(0.,0.,1.));
#1398=DIRECTION('',(0.,1.,0.));
#1399=DIRECTION('',(0.,0.,1.));
#1400=DIRECTION('',(0.,1.,0.));
#1401=DIRECTION('',(0.,0.,-1.));
#1402=DIRECTION('',(0.,0.,-1.));
#1403=DIRECTION('',(0.,0.,1.));
#1404=DIRECTION('',(0.,1.,0.));
#1405=DIRECTION('',(1.,0.,1.22933159714892E-16));
#1406=DIRECTION('',(1.,0.,1.22933159714892E-16));
#1407=DIRECTION('',(1.,0.,0.));
#1408=DIRECTION('',(0.,0.,-1.));
#1409=DIRECTION('',(0.,0.,-1.));
#1410=DIRECTION('',(0.,-1.,0.));
#1411=DIRECTION('',(0.,0.,-1.));
#1412=DIRECTION('',(0.,0.,-1.));
#1413=DIRECTION('',(0.,0.,-1.));
#1414=DIRECTION('',(0.,-1.,0.));
#1415=DIRECTION('',(0.,0.,-1.));
#1416=DIRECTION('',(0.,-1.,0.));
#1417=DIRECTION('',(0.,0.,-1.));
#1418=DIRECTION('',(1.,0.,1.22933159714892E-16));
#1419=DIRECTION('',(1.,0.,1.22933159714892E-16));
#1420=DIRECTION('',(1.,0.,1.22933159714892E-16));
#1421=DIRECTION('',(1.,0.,1.22933159714892E-16));
#1422=DIRECTION('',(1.,0.,1.22933159714892E-16));
#1423=DIRECTION('',(1.,0.,1.22933159714892E-16));
#1424=DIRECTION('',(1.,0.,0.));
#1425=DIRECTION('',(0.,0.,-1.));
#1426=DIRECTION('',(0.,0.,-1.));
#1427=DIRECTION('',(0.,-1.,0.));
#1428=DIRECTION('',(0.,0.,-1.));
#1429=DIRECTION('',(0.,0.,-1.));
#1430=DIRECTION('',(0.,0.,-1.));
#1431=DIRECTION('',(0.,-1.,0.));
#1432=DIRECTION('',(0.,0.,-1.));
#1433=DIRECTION('',(0.,-1.,0.));
#1434=DIRECTION('',(0.,0.,-1.));
#1435=DIRECTION('',(-1.,0.,0.));
#1436=DIRECTION('',(0.,0.,1.));
#1437=DIRECTION('',(0.,0.,1.));
#1438=DIRECTION('',(0.,0.,1.));
#1439=DIRECTION('',(0.,1.,0.));
#1440=DIRECTION('',(0.,0.,1.));
#1441=DIRECTION('',(0.,1.,0.));
#1442=DIRECTION('',(0.,0.,-1.));
#1443=DIRECTION('',(0.,0.,-1.));
#1444=DIRECTION('',(0.,0.,1.));
#1445=DIRECTION('',(0.,1.,0.));
#1446=DIRECTION('',(1.,0.,1.22933159714892E-16));
#1447=DIRECTION('',(1.,0.,1.22933159714892E-16));
#1448=DIRECTION('',(-1.,0.,0.));
#1449=DIRECTION('',(0.,0.,1.));
#1450=DIRECTION('',(0.,0.,1.));
#1451=DIRECTION('',(0.,0.,1.));
#1452=DIRECTION('',(0.,1.,0.));
#1453=DIRECTION('',(0.,0.,1.));
#1454=DIRECTION('',(0.,1.,0.));
#1455=DIRECTION('',(0.,0.,-1.));
#1456=DIRECTION('',(0.,0.,-1.));
#1457=DIRECTION('',(0.,0.,1.));
#1458=DIRECTION('',(0.,1.,0.));
#1459=DIRECTION('',(1.,0.,1.22933159714892E-16));
#1460=DIRECTION('',(1.,0.,1.22933159714892E-16));
#1461=DIRECTION('',(1.,0.,1.22933159714892E-16));
#1462=DIRECTION('',(1.,0.,1.22933159714892E-16));
#1463=DIRECTION('',(1.,0.,1.22933159714892E-16));
#1464=DIRECTION('',(1.,0.,1.22933159714892E-16));
#1465=DIRECTION('',(1.,0.,1.22933159714892E-16));
#1466=DIRECTION('',(1.,0.,1.22933159714892E-16));
#1467=DIRECTION('',(7.63638279664271E-16,-1.,0.));
#1468=DIRECTION('',(1.,7.63638279664271E-16,0.));
#1469=DIRECTION('',(0.,0.,-1.));
#1470=DIRECTION('',(0.,0.,-1.));
#1471=DIRECTION('',(-1.,0.,-1.22933159714892E-16));
#1472=DIRECTION('',(0.707106781186548,-0.707106781186548,0.));
#1473=DIRECTION('',(0.707106781186548,0.707106781186548,0.));
#1474=DIRECTION('',(0.707106781186547,0.707106781186548,0.));
#1475=DIRECTION('',(-0.707106781186548,0.707106781186547,0.));
#1476=DIRECTION('',(0.,0.,-1.));
#1477=DIRECTION('',(0.,1.,0.));
#1478=DIRECTION('',(0.,0.,1.));
#1479=DIRECTION('',(1.,0.,1.22933159714892E-16));
#1480=DIRECTION('',(0.,0.,-1.));
#1481=DIRECTION('',(-1.,0.,-1.22933159714892E-16));
#1482=DIRECTION('',(-0.707106781186548,0.707106781186547,0.));
#1483=DIRECTION('',(-0.707106781186547,-0.707106781186548,0.));
#1484=DIRECTION('',(-0.707106781186547,-0.707106781186548,0.));
#1485=DIRECTION('',(0.707106781186548,-0.707106781186547,0.));
#1486=DIRECTION('',(1.,0.,1.22933159714892E-16));
#1487=DIRECTION('',(3.58555049168435E-16,-1.,0.));
#1488=DIRECTION('',(1.,3.58555049168435E-16,0.));
#1489=DIRECTION('',(-1.,-3.58555049168435E-16,0.));
#1490=DIRECTION('',(-1.,-3.58555049168435E-16,0.));
#1491=DIRECTION('',(3.58555049168435E-16,-1.,0.));
#1492=DIRECTION('',(1.,3.58555049168435E-16,0.));
#1493=DIRECTION('',(-1.,-3.58555049168435E-16,0.));
#1494=DIRECTION('',(-1.,-3.58555049168435E-16,0.));
#1495=DIRECTION('',(0.,0.,1.));
#1496=DIRECTION('',(1.,0.,0.));
#1497=DIRECTION('',(-1.,-3.75629099128837E-16,0.));
#1498=DIRECTION('',(0.,0.,1.));
#1499=DIRECTION('',(1.,0.,0.));
#1500=DIRECTION('',(-1.,-3.75629099128837E-16,0.));
#1501=DIRECTION('',(3.75629099128837E-16,-1.,0.));
#1502=DIRECTION('',(1.,3.75629099128837E-16,0.));
#1503=DIRECTION('',(-1.,-3.75629099128837E-16,0.));
#1504=DIRECTION('',(0.,0.,-1.));
#1505=DIRECTION('',(-1.,-3.75629099128837E-16,0.));
#1506=DIRECTION('',(0.,0.,-1.));
#1507=DIRECTION('',(0.,0.,1.));
#1508=DIRECTION('',(1.,0.,0.));
#1509=DIRECTION('',(0.,-1.,0.));
#1510=DIRECTION('',(0.,-1.,0.));
#1511=DIRECTION('',(-1.,-3.58555049168435E-16,0.));
#1512=DIRECTION('',(1.,0.,1.22933159714892E-16));
#1513=DIRECTION('',(7.63638279664271E-16,-1.,0.));
#1514=DIRECTION('',(1.,7.63638279664271E-16,0.));
#1515=DIRECTION('',(0.,0.,-1.));
#1516=DIRECTION('',(0.,0.,-1.));
#1517=DIRECTION('',(-1.,0.,-1.22933159714892E-16));
#1518=DIRECTION('',(0.707106781186548,-0.707106781186548,0.));
#1519=DIRECTION('',(0.707106781186548,0.707106781186548,0.));
#1520=DIRECTION('',(0.707106781186547,0.707106781186548,0.));
#1521=DIRECTION('',(-0.707106781186548,0.707106781186547,0.));
#1522=DIRECTION('',(0.,0.,-1.));
#1523=DIRECTION('',(0.,1.,0.));
#1524=DIRECTION('',(0.,0.,1.));
#1525=DIRECTION('',(0.,0.,-1.));
#1526=DIRECTION('',(-1.,0.,-1.22933159714892E-16));
#1527=DIRECTION('',(-0.707106781186548,0.707106781186547,0.));
#1528=DIRECTION('',(-0.707106781186547,-0.707106781186548,0.));
#1529=DIRECTION('',(0.,0.,-1.));
#1530=DIRECTION('',(-1.,0.,0.));
#1531=DIRECTION('',(0.,0.,1.));
#1532=DIRECTION('',(0.,0.,-1.));
#1533=DIRECTION('',(-0.707106781186547,-0.707106781186548,0.));
#1534=DIRECTION('',(0.707106781186548,-0.707106781186547,0.));
#1535=DIRECTION('',(1.,0.,1.22933159714892E-16));
#1536=DIRECTION('',(7.63638279664271E-16,-1.,0.));
#1537=DIRECTION('',(1.,7.63638279664271E-16,0.));
#1538=DIRECTION('',(0.,0.,-1.));
#1539=DIRECTION('',(0.,0.,-1.));
#1540=DIRECTION('',(-1.,0.,-1.22933159714892E-16));
#1541=DIRECTION('',(0.707106781186548,-0.707106781186548,0.));
#1542=DIRECTION('',(0.707106781186548,0.707106781186548,0.));
#1543=DIRECTION('',(0.707106781186547,0.707106781186548,0.));
#1544=DIRECTION('',(-0.707106781186548,0.707106781186547,0.));
#1545=DIRECTION('',(0.,0.,-1.));
#1546=DIRECTION('',(0.,1.,0.));
#1547=DIRECTION('',(0.,0.,1.));
#1548=DIRECTION('',(1.,0.,1.22933159714892E-16));
#1549=DIRECTION('',(0.,0.,-1.));
#1550=DIRECTION('',(-1.,0.,-1.22933159714892E-16));
#1551=DIRECTION('',(-0.707106781186548,0.707106781186547,0.));
#1552=DIRECTION('',(-0.707106781186547,-0.707106781186548,0.));
#1553=DIRECTION('',(-0.707106781186547,-0.707106781186548,0.));
#1554=DIRECTION('',(0.707106781186548,-0.707106781186547,0.));
#1555=DIRECTION('',(1.,0.,1.22933159714892E-16));
#1556=DIRECTION('',(3.58555049168435E-16,-1.,0.));
#1557=DIRECTION('',(1.,3.58555049168435E-16,0.));
#1558=DIRECTION('',(-1.,-3.58555049168435E-16,0.));
#1559=DIRECTION('',(0.,0.,1.));
#1560=DIRECTION('',(1.,0.,0.));
#1561=DIRECTION('',(7.63638279664271E-16,-1.,0.));
#1562=DIRECTION('',(1.,7.63638279664271E-16,0.));
#1563=DIRECTION('',(0.,0.,-1.));
#1564=DIRECTION('',(0.,0.,-1.));
#1565=DIRECTION('',(-1.,0.,-1.22933159714892E-16));
#1566=DIRECTION('',(0.707106781186548,-0.707106781186548,0.));
#1567=DIRECTION('',(0.707106781186548,0.707106781186548,0.));
#1568=DIRECTION('',(0.,0.,-1.));
#1569=DIRECTION('',(1.,0.,0.));
#1570=DIRECTION('',(0.,0.,-1.));
#1571=DIRECTION('',(0.,0.,-1.));
#1572=DIRECTION('',(0.707106781186547,0.707106781186548,0.));
#1573=DIRECTION('',(-0.707106781186548,0.707106781186547,0.));
#1574=DIRECTION('',(0.,0.,-1.));
#1575=DIRECTION('',(0.,1.,0.));
#1576=DIRECTION('',(0.,0.,1.));
#1577=DIRECTION('',(0.,0.,-1.));
#1578=DIRECTION('',(-1.,0.,-1.22933159714892E-16));
#1579=DIRECTION('',(-0.707106781186548,0.707106781186547,0.));
#1580=DIRECTION('',(-0.707106781186547,-0.707106781186548,0.));
#1581=DIRECTION('',(-0.707106781186547,-0.707106781186548,0.));
#1582=DIRECTION('',(0.707106781186548,-0.707106781186547,0.));
#1583=DIRECTION('',(1.,0.,0.));
#1584=DIRECTION('',(0.,0.,-1.));
#1585=DIRECTION('',(1.,0.,0.));
#1586=DIRECTION('',(0.,0.,-1.));
#1587=DIRECTION('',(0.,0.,1.));
#1588=DIRECTION('',(1.,0.,0.));
#1589=DIRECTION('',(-1.,1.36592399683213E-16,0.));
#1590=DIRECTION('',(-1.,1.0244429976241E-16,0.));
#1591=DIRECTION('',(0.,0.,1.));
#1592=DIRECTION('',(1.,0.,0.));
#1593=DIRECTION('',(-1.,1.0244429976241E-16,0.));
#1594=DIRECTION('',(-1.,1.36592399683213E-16,0.));
#1595=DIRECTION('',(0.,0.,1.));
#1596=DIRECTION('',(1.,0.,0.));
#1597=DIRECTION('',(-1.,1.36592399683213E-16,0.));
#1598=DIRECTION('',(-1.,1.0244429976241E-16,0.));
#1599=DIRECTION('',(-1.36592399683213E-16,-1.,0.));
#1600=DIRECTION('',(1.,-1.36592399683213E-16,0.));
#1601=DIRECTION('',(0.,0.,-1.));
#1602=DIRECTION('',(-1.,1.36592399683213E-16,0.));
#1603=DIRECTION('',(0.,0.,-1.));
#1604=DIRECTION('',(-1.0244429976241E-16,-1.,0.));
#1605=DIRECTION('',(1.,-1.0244429976241E-16,0.));
#1606=DIRECTION('',(0.,0.,-1.));
#1607=DIRECTION('',(-1.,1.0244429976241E-16,0.));
#1608=DIRECTION('',(0.,0.,-1.));
#1609=DIRECTION('',(1.,1.22464679914735E-16,0.));
#1610=DIRECTION('',(-1.22464679914735E-16,1.,0.));
#1611=DIRECTION('',(1.22464679914735E-16,-1.,0.));
#1612=DIRECTION('',(1.,0.,0.));
#1613=DIRECTION('',(0.,0.,-1.));
#1614=DIRECTION('',(0.,-1.,0.));
#1615=DIRECTION('',(0.,0.,1.));
#1616=DIRECTION('',(1.,0.,0.));
#1617=CARTESIAN_POINT('',(0.,0.,0.));
#1618=CARTESIAN_POINT('',(-0.193675,-0.0889,0.0508));
#1619=CARTESIAN_POINT('',(-0.193675,-0.111125,0.0508));
#1620=CARTESIAN_POINT('',(-0.193675,-0.111125,0.02619375));
#1621=CARTESIAN_POINT('',(-0.193675,-0.111125,0.0259049112471953));
#1622=CARTESIAN_POINT('',(-0.193675,-0.0889,0.02619375));
#1623=CARTESIAN_POINT('',(-0.193675,-0.117475,0.02619375));
#1624=CARTESIAN_POINT('',(-0.193675,-0.117475,0.0508));
#1625=CARTESIAN_POINT('',(-0.193675,-0.117475,0.0261149090477318));
#1626=CARTESIAN_POINT('',(-0.193675,-0.117475,0.0261149090477318));
#1627=CARTESIAN_POINT('',(-0.193675,-0.126135184925851,0.0263153159012168));
#1628=CARTESIAN_POINT('',(-0.193675,-0.134786216486437,0.0261808067091296));
#1629=CARTESIAN_POINT('',(-0.193675,-0.143419743878935,0.0254058306960688));
#1630=CARTESIAN_POINT('',(-0.193675,-0.143419743878931,0.025405830696069));
#1631=CARTESIAN_POINT('',(-0.193675,-0.143419743878931,0.0508));
#1632=CARTESIAN_POINT('',(-0.193675,-0.143419743878931,0.0269420873328523));
#1633=CARTESIAN_POINT('',(-0.193675,-0.143419743866195,0.0269420873339851));
#1634=CARTESIAN_POINT('',(-0.193675,-0.138835149486473,0.0273500022547587));
#1635=CARTESIAN_POINT('',(-0.193675,-0.129680775154236,0.0277930226449155));
#1636=CARTESIAN_POINT('',(-0.193675,-0.111411402210342,0.0276694378656585));
#1637=CARTESIAN_POINT('',(-0.193675,-0.088634948277464,0.02608352538859));
#1638=CARTESIAN_POINT('',(-0.193675,-0.0613532869887791,0.0224924941424194));
#1639=CARTESIAN_POINT('',(-0.193675,-0.0433463880713069,0.0191382112269773));
#1640=CARTESIAN_POINT('',(-0.193675,-0.0343802561210695,0.0172325789705939));
#1641=CARTESIAN_POINT('',(-0.193675,-0.0343802561210693,0.017232578970594));
#1642=CARTESIAN_POINT('',(-0.193675,-0.0343802561210693,0.0508));
#1643=CARTESIAN_POINT('',(-0.193675,-0.0343802561210693,0.0156697667987023));
#1644=CARTESIAN_POINT('',(-0.193675,-0.0343802561001819,0.0156697667942512));
#1645=CARTESIAN_POINT('',(-0.193675,-0.0436020197839143,0.0176350671514996));
#1646=CARTESIAN_POINT('',(-0.193675,-0.0528685928213566,0.0193588514963932));
#1647=CARTESIAN_POINT('',(-0.193675,-0.0621824093379992,0.0208280000000011));
#1648=CARTESIAN_POINT('',(-0.193675,-0.0621824093379993,0.020828));
#1649=CARTESIAN_POINT('',(-0.193675,-0.0889,0.020828));
#1650=CARTESIAN_POINT('',(-0.193675,-0.060325,0.020828));
#1651=CARTESIAN_POINT('',(-0.193675,-0.060325,0.0508));
#1652=CARTESIAN_POINT('',(-0.193675,-0.060325,0.02162175));
#1653=CARTESIAN_POINT('',(-0.193675,-0.0889,0.02162175));
#1654=CARTESIAN_POINT('',(-0.193675,-0.066675,0.02162175));
#1655=CARTESIAN_POINT('',(-0.193675,-0.066675,0.0508));
#1656=CARTESIAN_POINT('',(-0.193675,-0.0666750000000023,0.0215160552990682));
#1657=CARTESIAN_POINT('',(-0.193675,-0.0666750000000024,0.0215160552990687));
#1658=CARTESIAN_POINT('',(-0.193675,-0.0814198505620888,0.0237063553392857));
#1659=CARTESIAN_POINT('',(-0.193675,-0.0962266892339195,0.02526884450791));
#1660=CARTESIAN_POINT('',(-0.193675,-0.111125000000001,0.0259049112471955));
#1661=CARTESIAN_POINT('',(-0.066675,-0.0889,0.0508));
#1662=CARTESIAN_POINT('',(-0.066675,-0.111125,0.0508));
#1663=CARTESIAN_POINT('',(-0.066675,-0.111125,0.0259049112471955));
#1664=CARTESIAN_POINT('',(-0.066675,-0.111125,0.02619375));
#1665=CARTESIAN_POINT('',(-0.066675,-0.111125000000001,0.0259049112471955));
#1666=CARTESIAN_POINT('',(-0.066675,-0.0962266892339181,0.0252688445079101));
#1667=CARTESIAN_POINT('',(-0.066675,-0.0814198505620863,0.023706355339286));
#1668=CARTESIAN_POINT('',(-0.066675,-0.0666749999999984,0.0215160552990687));
#1669=CARTESIAN_POINT('',(-0.066675,-0.0666749999999982,0.0215160552990697));
#1670=CARTESIAN_POINT('',(-0.066675,-0.066675,0.0508));
#1671=CARTESIAN_POINT('',(-0.066675,-0.066675,0.02162175));
#1672=CARTESIAN_POINT('',(-0.066675,-0.0889,0.02162175));
#1673=CARTESIAN_POINT('',(-0.066675,-0.060325,0.02162175));
#1674=CARTESIAN_POINT('',(-0.066675,-0.060325,0.0508));
#1675=CARTESIAN_POINT('',(-0.066675,-0.060325,0.020828));
#1676=CARTESIAN_POINT('',(-0.066675,-0.0889,0.020828));
#1677=CARTESIAN_POINT('',(-0.066675,-0.0621824093379909,0.0208280000000008));
#1678=CARTESIAN_POINT('',(-0.066675,-0.0621824093379911,0.0208280000000003));
#1679=CARTESIAN_POINT('',(-0.066675,-0.0528685928213512,0.0193588514963928));
#1680=CARTESIAN_POINT('',(-0.066675,-0.04360201978398,0.0176350671511315));
#1681=CARTESIAN_POINT('',(-0.066675,-0.034380256100182,0.0156697667942516));
#1682=CARTESIAN_POINT('',(-0.066675,-0.0343802561210693,0.0156697667987036));
#1683=CARTESIAN_POINT('',(-0.066675,-0.0343802561210693,0.0508));
#1684=CARTESIAN_POINT('',(-0.066675,-0.0343802561210693,0.0172325789705937));
#1685=CARTESIAN_POINT('',(-0.066675,-0.0343802561210694,0.0172325789705938));
#1686=CARTESIAN_POINT('',(-0.066675,-0.0433688163305236,0.0191429780555779));
#1687=CARTESIAN_POINT('',(-0.066675,-0.0613875385815443,0.0224965803292158));
#1688=CARTESIAN_POINT('',(-0.066675,-0.088545164536682,0.0260721977830785));
#1689=CARTESIAN_POINT('',(-0.066675,-0.111300015449634,0.0276649977376786));
#1690=CARTESIAN_POINT('',(-0.066675,-0.129605778291985,0.0277950836529876));
#1691=CARTESIAN_POINT('',(-0.066675,-0.138803836052214,0.0273527883722701));
#1692=CARTESIAN_POINT('',(-0.066675,-0.143419743866194,0.0269420873339847));
#1693=CARTESIAN_POINT('',(-0.066675,-0.143419743878931,0.0269420873328506));
#1694=CARTESIAN_POINT('',(-0.066675,-0.143419743878931,0.0508));
#1695=CARTESIAN_POINT('',(-0.066675,-0.143419743878931,0.0254058306960693));
#1696=CARTESIAN_POINT('',(-0.066675,-0.143419743878935,0.0254058306960689));
#1697=CARTESIAN_POINT('',(-0.066675,-0.134786216486436,0.0261808067091299));
#1698=CARTESIAN_POINT('',(-0.066675,-0.126135184925851,0.0263153159012168));
#1699=CARTESIAN_POINT('',(-0.066675,-0.117475,0.0261149090477318));
#1700=CARTESIAN_POINT('',(-0.066675,-0.117475,0.0261149090477318));
#1701=CARTESIAN_POINT('',(-0.066675,-0.117475,0.0508));
#1702=CARTESIAN_POINT('',(-0.066675,-0.117475,0.02619375));
#1703=CARTESIAN_POINT('',(-0.066675,-0.0889,0.02619375));
#1704=CARTESIAN_POINT('',(-0.066675,-0.0666749999999984,0.0215160552990687));
#1705=CARTESIAN_POINT('',(-0.193675,-0.0666749999999985,0.0215160552990687));
#1706=CARTESIAN_POINT('',(-0.066675,-0.0824505304447139,0.0238594595147989));
#1707=CARTESIAN_POINT('',(-0.193675,-0.082450530444714,0.023859459514799));
#1708=CARTESIAN_POINT('',(-0.066675,-0.0974763359932136,0.0253221967806558));
#1709=CARTESIAN_POINT('',(-0.193675,-0.0974763359932137,0.0253221967806558));
#1710=CARTESIAN_POINT('',(-0.066675,-0.111125000000002,0.0259049112471955));
#1711=CARTESIAN_POINT('',(-0.193675,-0.111125000000002,0.0259049112471955));
#1712=CARTESIAN_POINT('',(-0.130175,-0.111125,0.0259049112471954));
#1713=CARTESIAN_POINT('',(-0.130175,-0.066675,0.021516055299069));
#1714=CARTESIAN_POINT('',(-0.0635,-0.0889,0.0508));
#1715=CARTESIAN_POINT('',(-0.0635,-0.111125,0.0508));
#1716=CARTESIAN_POINT('',(-0.0635,-0.111125,0.02619375));
#1717=CARTESIAN_POINT('',(-0.0635,-0.111125,0.0259049112471953));
#1718=CARTESIAN_POINT('',(-0.0635,-0.0889,0.02619375));
#1719=CARTESIAN_POINT('',(-0.0635,-0.117475,0.02619375));
#1720=CARTESIAN_POINT('',(-0.0635,-0.117475,0.0508));
#1721=CARTESIAN_POINT('',(-0.0635,-0.117475,0.0261149090477317));
#1722=CARTESIAN_POINT('',(-0.0635,-0.117475,0.0261149090477318));
#1723=CARTESIAN_POINT('',(-0.0635,-0.126135184925851,0.0263153159012168));
#1724=CARTESIAN_POINT('',(-0.0635,-0.134786216486437,0.0261808067091296));
#1725=CARTESIAN_POINT('',(-0.0635,-0.143419743878935,0.0254058306960688));
#1726=CARTESIAN_POINT('',(-0.0635,-0.143419743878931,0.025405830696069));
#1727=CARTESIAN_POINT('',(-0.0635,-0.143419743878931,0.0508));
#1728=CARTESIAN_POINT('',(-0.0635,-0.143419743878931,0.0269420873328523));
#1729=CARTESIAN_POINT('',(-0.0635,-0.143419743866195,0.0269420873339851));
#1730=CARTESIAN_POINT('',(-0.0635,-0.138835149486473,0.0273500022547587));
#1731=CARTESIAN_POINT('',(-0.0635,-0.129680775154236,0.0277930226449155));
#1732=CARTESIAN_POINT('',(-0.0635,-0.111411402210342,0.0276694378656584));
#1733=CARTESIAN_POINT('',(-0.0635,-0.088634948277464,0.02608352538859));
#1734=CARTESIAN_POINT('',(-0.0635,-0.061353286988779,0.0224924941424194));
#1735=CARTESIAN_POINT('',(-0.0635,-0.0433463880713069,0.0191382112269773));
#1736=CARTESIAN_POINT('',(-0.0635,-0.0343802561210694,0.0172325789705939));
#1737=CARTESIAN_POINT('',(-0.0635,-0.0343802561210693,0.017232578970594));
#1738=CARTESIAN_POINT('',(-0.0635,-0.0343802561210693,0.0508));
#1739=CARTESIAN_POINT('',(-0.0635,-0.0343802561210693,0.0156697667987023));
#1740=CARTESIAN_POINT('',(-0.0635,-0.0343802561001818,0.0156697667942512));
#1741=CARTESIAN_POINT('',(-0.0635,-0.0436020197839121,0.0176350671514991));
#1742=CARTESIAN_POINT('',(-0.0635,-0.0528685928213521,0.0193588514963924));
#1743=CARTESIAN_POINT('',(-0.0635,-0.0621824093379925,0.020828));
#1744=CARTESIAN_POINT('',(-0.0635,-0.0621824093379926,0.0208279999999989));
#1745=CARTESIAN_POINT('',(-0.0635,-0.0889,0.020828));
#1746=CARTESIAN_POINT('',(-0.0635,-0.060325,0.020828));
#1747=CARTESIAN_POINT('',(-0.0635,-0.060325,0.0508));
#1748=CARTESIAN_POINT('',(-0.0635,-0.060325,0.02162175));
#1749=CARTESIAN_POINT('',(-0.0635,-0.0889,0.02162175));
#1750=CARTESIAN_POINT('',(-0.0635,-0.066675,0.02162175));
#1751=CARTESIAN_POINT('',(-0.0635,-0.066675,0.0508));
#1752=CARTESIAN_POINT('',(-0.0635,-0.066675,0.0215160552990679));
#1753=CARTESIAN_POINT('',(-0.0635,-0.0666750000000001,0.0215160552990685));
#1754=CARTESIAN_POINT('',(-0.0635,-0.0814198505620873,0.0237063553392856));
#1755=CARTESIAN_POINT('',(-0.0635,-0.0962266892339187,0.02526884450791));
#1756=CARTESIAN_POINT('',(-0.0635,-0.111125000000001,0.0259049112471955));
#1757=CARTESIAN_POINT('',(0.0635,-0.0254000000122175,0.01367560475484));
#1758=CARTESIAN_POINT('',(-0.0635,-0.0254000000122176,0.0136756047548401));
#1759=CARTESIAN_POINT('',(0.0635,-0.0504311605063277,0.0194589095370648));
#1760=CARTESIAN_POINT('',(-0.0635,-0.0504311605063278,0.0194589095370648));
#1761=CARTESIAN_POINT('',(0.0635,-0.0995013489791905,0.0270115301527819));
#1762=CARTESIAN_POINT('',(-0.0635,-0.0995013489791906,0.0270115301527819));
#1763=CARTESIAN_POINT('',(0.0635,-0.137952965260952,0.0265706293603808));
#1764=CARTESIAN_POINT('',(-0.0635,-0.137952965260952,0.0265706293603808));
#1765=CARTESIAN_POINT('',(0.0635,-0.152400000010471,0.0243223223267428));
#1766=CARTESIAN_POINT('',(-0.0635,-0.152400000010471,0.0243223223267428));
#1767=CARTESIAN_POINT('',(1.06232286170476E-17,-0.111125000000001,0.0259049112471955));
#1768=CARTESIAN_POINT('',(1.0882363143495E-17,-0.113240993988045,0.0259952512473106));
#1769=CARTESIAN_POINT('',(7.7437596768599E-18,-0.115357638817975,0.0260659108224266));
#1770=CARTESIAN_POINT('',(8.00306163628054E-18,-0.117475,0.0261149090477318));
#1771=CARTESIAN_POINT('',(1.40210463152719E-17,-0.111125,0.0259049112471954));
#1772=CARTESIAN_POINT('',(-4.26510076266859E-34,-0.117475,0.0261149090477318));
#1773=CARTESIAN_POINT('',(0.,-0.111125,0.0259049112471954));
#1774=CARTESIAN_POINT('',(0.,-0.066675,0.0215160552990689));
#1775=CARTESIAN_POINT('',(-1.66533453693773E-16,-0.066675,0.0215160552990689));
#1776=CARTESIAN_POINT('',(-1.70002900645727E-16,-0.0621824093379924,0.020828));
#1777=CARTESIAN_POINT('',(-1.70002900645727E-16,-0.0636789127262399,0.0210640563695408));
#1778=CARTESIAN_POINT('',(-1.66533453693774E-16,-0.0651764367561507,0.0212934485578578));
#1779=CARTESIAN_POINT('',(-1.66533453693774E-16,-0.0666750000000001,0.021516055299069));
#1780=CARTESIAN_POINT('',(-1.7347234759768E-16,-0.0621824093379923,0.020828));
#1781=CARTESIAN_POINT('',(0.,-0.0621824093379924,0.020828));
#1782=CARTESIAN_POINT('',(-0.0545197438789308,-0.0254000000238614,0.0136756047575301));
#1783=CARTESIAN_POINT('',(-0.0575102514957932,-0.0283905076407239,0.0143665442367686));
#1784=CARTESIAN_POINT('',(-0.0605036769647903,-0.0313839330858596,0.0150312040538983));
#1785=CARTESIAN_POINT('',(-0.0634999999893053,-0.0343802561103746,0.0156697667964238));
#1786=CARTESIAN_POINT('',(-0.0545197438789308,-0.0254,0.0136756047520169));
#1787=CARTESIAN_POINT('',(0.,-0.0254000000000019,0.0136756047520177));
#1788=CARTESIAN_POINT('',(0.0545197438789308,-0.0254,0.0136756047520177));
#1789=CARTESIAN_POINT('',(0.0635,-0.0343802561001819,0.0156697667942519));
#1790=CARTESIAN_POINT('',(0.0605036769754972,-0.0313839330756791,0.0150312040515441));
#1791=CARTESIAN_POINT('',(0.0575102515079939,-0.0283905076290631,0.0143665442342882));
#1792=CARTESIAN_POINT('',(0.0545197438911482,-0.0254000000122175,0.01367560475484));
#1793=CARTESIAN_POINT('',(0.0635,-0.0343802561210692,0.0156697667987036));
#1794=CARTESIAN_POINT('',(0.0635,-0.143419743878935,0.0254058306960689));
#1795=CARTESIAN_POINT('',(0.0635,-0.138840745347118,0.0258168578307118));
#1796=CARTESIAN_POINT('',(0.0635,-0.129691505175593,0.0262640970219137));
#1797=CARTESIAN_POINT('',(0.0635,-0.111420465340251,0.0261433847873106));
#1798=CARTESIAN_POINT('',(0.0635,-0.0885986024523079,0.0245439382946324));
#1799=CARTESIAN_POINT('',(0.0635,-0.0613366942658196,0.0209407787728823));
#1800=CARTESIAN_POINT('',(0.0635,-0.0433433278274661,0.0175799358972964));
#1801=CARTESIAN_POINT('',(0.0635,-0.0343802561001819,0.0156697667942516));
#1802=CARTESIAN_POINT('',(0.0635,-0.143419743878931,0.0254058306960693));
#1803=CARTESIAN_POINT('',(0.054519743878931,-0.152400000005236,0.0243223223275576));
#1804=CARTESIAN_POINT('',(0.0575069063441495,-0.149412837540017,0.0247871968500885));
#1805=CARTESIAN_POINT('',(0.0605010329024869,-0.146418710976444,0.0251366327820682));
#1806=CARTESIAN_POINT('',(0.0634999999999979,-0.143419743878933,0.025405830696069));
#1807=CARTESIAN_POINT('',(0.054519743878931,-0.1524,0.0243223223283724));
#1808=CARTESIAN_POINT('',(0.,-0.1524,0.0243223223283724));
#1809=CARTESIAN_POINT('',(-0.0545197438789307,-0.1524,0.0243223223283723));
#1810=CARTESIAN_POINT('',(-0.0635,-0.143419743878935,0.0254058306960687));
#1811=CARTESIAN_POINT('',(-0.0605010329024926,-0.146418710976443,0.0251366327820681));
#1812=CARTESIAN_POINT('',(-0.0575069063415265,-0.149412837537404,0.0247871968502874));
#1813=CARTESIAN_POINT('',(-0.0545197438762948,-0.152400000002636,0.0243223223279621));
#1814=CARTESIAN_POINT('',(0.,-0.117475,0.0261149090477318));
#1815=CARTESIAN_POINT('',(-0.32385,-0.0889,0.0508));
#1816=CARTESIAN_POINT('',(-0.32385,-0.111125,0.0508));
#1817=CARTESIAN_POINT('',(-0.32385,-0.111125,0.02619375));
#1818=CARTESIAN_POINT('',(-0.32385,-0.111125,0.0259049112471953));
#1819=CARTESIAN_POINT('',(-0.32385,-0.0889,0.02619375));
#1820=CARTESIAN_POINT('',(-0.32385,-0.117475,0.02619375));
#1821=CARTESIAN_POINT('',(-0.32385,-0.117475,0.0508));
#1822=CARTESIAN_POINT('',(-0.32385,-0.117475,0.0261149090477317));
#1823=CARTESIAN_POINT('',(-0.32385,-0.117475,0.0261149090477318));
#1824=CARTESIAN_POINT('',(-0.32385,-0.126135184925851,0.0263153159012168));
#1825=CARTESIAN_POINT('',(-0.32385,-0.134786216486437,0.0261808067091296));
#1826=CARTESIAN_POINT('',(-0.32385,-0.143419743878935,0.0254058306960688));
#1827=CARTESIAN_POINT('',(-0.32385,-0.143419743878931,0.025405830696069));
#1828=CARTESIAN_POINT('',(-0.32385,-0.143419743878931,0.0508));
#1829=CARTESIAN_POINT('',(-0.32385,-0.143419743878931,0.0269420873328523));
#1830=CARTESIAN_POINT('',(-0.32385,-0.143419743866195,0.0269420873339851));
#1831=CARTESIAN_POINT('',(-0.32385,-0.138835149486473,0.0273500022547587));
#1832=CARTESIAN_POINT('',(-0.32385,-0.129680775154236,0.0277930226449155));
#1833=CARTESIAN_POINT('',(-0.32385,-0.111411402210342,0.0276694378656584));
#1834=CARTESIAN_POINT('',(-0.32385,-0.0886349482774641,0.02608352538859));
#1835=CARTESIAN_POINT('',(-0.32385,-0.0613532869887792,0.0224924941424194));
#1836=CARTESIAN_POINT('',(-0.32385,-0.043346388071307,0.0191382112269773));
#1837=CARTESIAN_POINT('',(-0.32385,-0.0343802561210696,0.0172325789705939));
#1838=CARTESIAN_POINT('',(-0.32385,-0.0343802561210694,0.017232578970594));
#1839=CARTESIAN_POINT('',(-0.32385,-0.0343802561210694,0.0508));
#1840=CARTESIAN_POINT('',(-0.32385,-0.0343802561210694,0.0156697667987023));
#1841=CARTESIAN_POINT('',(-0.32385,-0.0343802561001819,0.0156697667942512));
#1842=CARTESIAN_POINT('',(-0.32385,-0.0436020197839121,0.0176350671514991));
#1843=CARTESIAN_POINT('',(-0.32385,-0.0528685928213522,0.0193588514963924));
#1844=CARTESIAN_POINT('',(-0.32385,-0.0621824093379925,0.020828));
#1845=CARTESIAN_POINT('',(-0.32385,-0.0621824093379926,0.0208279999999989));
#1846=CARTESIAN_POINT('',(-0.32385,-0.0889,0.020828));
#1847=CARTESIAN_POINT('',(-0.32385,-0.060325,0.020828));
#1848=CARTESIAN_POINT('',(-0.32385,-0.060325,0.0508));
#1849=CARTESIAN_POINT('',(-0.32385,-0.060325,0.02162175));
#1850=CARTESIAN_POINT('',(-0.32385,-0.0889,0.02162175));
#1851=CARTESIAN_POINT('',(-0.32385,-0.066675,0.02162175));
#1852=CARTESIAN_POINT('',(-0.32385,-0.066675,0.0508));
#1853=CARTESIAN_POINT('',(-0.32385,-0.0666750000000023,0.0215160552990682));
#1854=CARTESIAN_POINT('',(-0.32385,-0.0666750000000024,0.0215160552990687));
#1855=CARTESIAN_POINT('',(-0.32385,-0.0814198505620888,0.0237063553392857));
#1856=CARTESIAN_POINT('',(-0.32385,-0.0962266892339195,0.02526884450791));
#1857=CARTESIAN_POINT('',(-0.32385,-0.111125000000001,0.0259049112471955));
#1858=CARTESIAN_POINT('',(-0.19685,-0.0889,0.0508));
#1859=CARTESIAN_POINT('',(-0.19685,-0.111125,0.0508));
#1860=CARTESIAN_POINT('',(-0.19685,-0.111125,0.0259049112471955));
#1861=CARTESIAN_POINT('',(-0.19685,-0.111125,0.02619375));
#1862=CARTESIAN_POINT('',(-0.19685,-0.111125000000001,0.0259049112471955));
#1863=CARTESIAN_POINT('',(-0.19685,-0.0962266892339182,0.0252688445079101));
#1864=CARTESIAN_POINT('',(-0.19685,-0.0814198505620863,0.023706355339286));
#1865=CARTESIAN_POINT('',(-0.19685,-0.0666749999999985,0.0215160552990687));
#1866=CARTESIAN_POINT('',(-0.19685,-0.0666749999999983,0.0215160552990697));
#1867=CARTESIAN_POINT('',(-0.19685,-0.066675,0.0508));
#1868=CARTESIAN_POINT('',(-0.19685,-0.066675,0.02162175));
#1869=CARTESIAN_POINT('',(-0.19685,-0.0889,0.02162175));
#1870=CARTESIAN_POINT('',(-0.19685,-0.060325,0.02162175));
#1871=CARTESIAN_POINT('',(-0.19685,-0.060325,0.0508));
#1872=CARTESIAN_POINT('',(-0.19685,-0.060325,0.020828));
#1873=CARTESIAN_POINT('',(-0.19685,-0.0889,0.020828));
#1874=CARTESIAN_POINT('',(-0.19685,-0.062182409337991,0.0208280000000008));
#1875=CARTESIAN_POINT('',(-0.19685,-0.0621824093379912,0.0208280000000003));
#1876=CARTESIAN_POINT('',(-0.19685,-0.0528685928213513,0.0193588514963928));
#1877=CARTESIAN_POINT('',(-0.19685,-0.0436020197839801,0.0176350671511315));
#1878=CARTESIAN_POINT('',(-0.19685,-0.0343802561001821,0.0156697667942516));
#1879=CARTESIAN_POINT('',(-0.19685,-0.0343802561210693,0.0156697667987036));
#1880=CARTESIAN_POINT('',(-0.19685,-0.0343802561210693,0.0508));
#1881=CARTESIAN_POINT('',(-0.19685,-0.0343802561210693,0.0172325789705937));
#1882=CARTESIAN_POINT('',(-0.19685,-0.0343802561210694,0.0172325789705938));
#1883=CARTESIAN_POINT('',(-0.19685,-0.0433688163305236,0.0191429780555779));
#1884=CARTESIAN_POINT('',(-0.19685,-0.0613875385815442,0.0224965803292158));
#1885=CARTESIAN_POINT('',(-0.19685,-0.088545164536682,0.0260721977830785));
#1886=CARTESIAN_POINT('',(-0.19685,-0.111300015449634,0.0276649977376786));
#1887=CARTESIAN_POINT('',(-0.19685,-0.129605778291985,0.0277950836529876));
#1888=CARTESIAN_POINT('',(-0.19685,-0.138803836052214,0.0273527883722701));
#1889=CARTESIAN_POINT('',(-0.19685,-0.143419743866194,0.0269420873339847));
#1890=CARTESIAN_POINT('',(-0.19685,-0.143419743878931,0.0269420873328506));
#1891=CARTESIAN_POINT('',(-0.19685,-0.143419743878931,0.0508));
#1892=CARTESIAN_POINT('',(-0.19685,-0.143419743878931,0.0254058306960693));
#1893=CARTESIAN_POINT('',(-0.19685,-0.143419743878935,0.0254058306960689));
#1894=CARTESIAN_POINT('',(-0.19685,-0.134786216486436,0.0261808067091299));
#1895=CARTESIAN_POINT('',(-0.19685,-0.126135184925851,0.0263153159012168));
#1896=CARTESIAN_POINT('',(-0.19685,-0.117475,0.0261149090477318));
#1897=CARTESIAN_POINT('',(-0.19685,-0.117475,0.0261149090477317));
#1898=CARTESIAN_POINT('',(-0.19685,-0.117475,0.0508));
#1899=CARTESIAN_POINT('',(-0.19685,-0.117475,0.02619375));
#1900=CARTESIAN_POINT('',(-0.19685,-0.0889,0.02619375));
#1901=CARTESIAN_POINT('',(-0.19685,-0.0666749999999985,0.0215160552990687));
#1902=CARTESIAN_POINT('',(-0.32385,-0.0666749999999986,0.0215160552990687));
#1903=CARTESIAN_POINT('',(-0.19685,-0.082450530444714,0.0238594595147989));
#1904=CARTESIAN_POINT('',(-0.32385,-0.0824505304447141,0.023859459514799));
#1905=CARTESIAN_POINT('',(-0.19685,-0.0974763359932136,0.0253221967806558));
#1906=CARTESIAN_POINT('',(-0.32385,-0.0974763359932137,0.0253221967806558));
#1907=CARTESIAN_POINT('',(-0.19685,-0.111125000000002,0.0259049112471955));
#1908=CARTESIAN_POINT('',(-0.32385,-0.111125000000002,0.0259049112471955));
#1909=CARTESIAN_POINT('',(-0.26035,-0.111125,0.0259049112471954));
#1910=CARTESIAN_POINT('',(-0.26035,-0.066675,0.0215160552990689));
#1911=CARTESIAN_POINT('',(-0.327025,-0.0889,0.0508));
#1912=CARTESIAN_POINT('',(-0.327025,-0.111125,0.0508));
#1913=CARTESIAN_POINT('',(-0.327025,-0.111125,0.0259049112471955));
#1914=CARTESIAN_POINT('',(-0.327025,-0.111125,0.02619375));
#1915=CARTESIAN_POINT('',(-0.327025,-0.111125000000001,0.0259049112471955));
#1916=CARTESIAN_POINT('',(-0.327025,-0.0962266892339182,0.0252688445079101));
#1917=CARTESIAN_POINT('',(-0.327025,-0.0814198505620864,0.023706355339286));
#1918=CARTESIAN_POINT('',(-0.327025,-0.0666749999999986,0.0215160552990687));
#1919=CARTESIAN_POINT('',(-0.327025,-0.0666749999999984,0.0215160552990697));
#1920=CARTESIAN_POINT('',(-0.327025,-0.066675,0.0508));
#1921=CARTESIAN_POINT('',(-0.327025,-0.066675,0.02162175));
#1922=CARTESIAN_POINT('',(-0.327025,-0.0889,0.02162175));
#1923=CARTESIAN_POINT('',(-0.327025,-0.060325,0.02162175));
#1924=CARTESIAN_POINT('',(-0.327025,-0.060325,0.0508));
#1925=CARTESIAN_POINT('',(-0.327025,-0.060325,0.020828));
#1926=CARTESIAN_POINT('',(-0.327025,-0.0889,0.020828));
#1927=CARTESIAN_POINT('',(-0.327025,-0.062182409337991,0.0208280000000008));
#1928=CARTESIAN_POINT('',(-0.327025,-0.0621824093379912,0.0208280000000003));
#1929=CARTESIAN_POINT('',(-0.327025,-0.0528685928213513,0.0193588514963928));
#1930=CARTESIAN_POINT('',(-0.327025,-0.0436020197839801,0.0176350671511315));
#1931=CARTESIAN_POINT('',(-0.327025,-0.0343802561001821,0.0156697667942516));
#1932=CARTESIAN_POINT('',(-0.327025,-0.0343802561210694,0.0156697667987036));
#1933=CARTESIAN_POINT('',(-0.327025,-0.0343802561210694,0.0508));
#1934=CARTESIAN_POINT('',(-0.327025,-0.0343802561210694,0.0172325789705937));
#1935=CARTESIAN_POINT('',(-0.327025,-0.0343802561210694,0.0172325789705938));
#1936=CARTESIAN_POINT('',(-0.327025,-0.0433688163305236,0.0191429780555779));
#1937=CARTESIAN_POINT('',(-0.327025,-0.0613875385815442,0.0224965803292158));
#1938=CARTESIAN_POINT('',(-0.327025,-0.0885451645366819,0.0260721977830785));
#1939=CARTESIAN_POINT('',(-0.327025,-0.111300015449634,0.0276649977376786));
#1940=CARTESIAN_POINT('',(-0.327025,-0.129605778291985,0.0277950836529876));
#1941=CARTESIAN_POINT('',(-0.327025,-0.138803836052214,0.0273527883722701));
#1942=CARTESIAN_POINT('',(-0.327025,-0.143419743866194,0.0269420873339847));
#1943=CARTESIAN_POINT('',(-0.327025,-0.143419743878931,0.0269420873328506));
#1944=CARTESIAN_POINT('',(-0.327025,-0.143419743878931,0.0508));
#1945=CARTESIAN_POINT('',(-0.327025,-0.143419743878931,0.0254058306960693));
#1946=CARTESIAN_POINT('',(-0.327025,-0.143419743878935,0.0254058306960689));
#1947=CARTESIAN_POINT('',(-0.327025,-0.134786216486436,0.0261808067091299));
#1948=CARTESIAN_POINT('',(-0.327025,-0.126135184925851,0.0263153159012168));
#1949=CARTESIAN_POINT('',(-0.327025,-0.117475,0.0261149090477318));
#1950=CARTESIAN_POINT('',(-0.327025,-0.117475,0.0261149090477318));
#1951=CARTESIAN_POINT('',(-0.327025,-0.117475,0.0508));
#1952=CARTESIAN_POINT('',(-0.327025,-0.117475,0.02619375));
#1953=CARTESIAN_POINT('',(-0.327025,-0.0889,0.02619375));
#1954=CARTESIAN_POINT('',(-0.327025,-0.0254000000122173,0.01367560475484));
#1955=CARTESIAN_POINT('',(-0.454025,-0.0254000000122174,0.01367560475484));
#1956=CARTESIAN_POINT('',(-0.327025,-0.0504311605063275,0.0194589095370648));
#1957=CARTESIAN_POINT('',(-0.454025,-0.0504311605063277,0.0194589095370648));
#1958=CARTESIAN_POINT('',(-0.327025,-0.0995013489791902,0.0270115301527819));
#1959=CARTESIAN_POINT('',(-0.454025,-0.0995013489791903,0.0270115301527819));
#1960=CARTESIAN_POINT('',(-0.327025,-0.137952965260952,0.0265706293603808));
#1961=CARTESIAN_POINT('',(-0.454025,-0.137952965260952,0.0265706293603808));
#1962=CARTESIAN_POINT('',(-0.327025,-0.152400000010471,0.0243223223267428));
#1963=CARTESIAN_POINT('',(-0.454025,-0.152400000010471,0.0243223223267428));
#1964=CARTESIAN_POINT('',(-0.390525,-0.111125,0.0259049112471954));
#1965=CARTESIAN_POINT('',(-0.4064,-0.111125,0.0259049112471954));
#1966=CARTESIAN_POINT('',(-0.4064,-0.111125000000001,0.0259049112471954));
#1967=CARTESIAN_POINT('',(-0.4064,-0.113240993988045,0.0259952512473106));
#1968=CARTESIAN_POINT('',(-0.4064,-0.115357638817974,0.0260659108224266));
#1969=CARTESIAN_POINT('',(-0.4064,-0.117474999999999,0.0261149090477318));
#1970=CARTESIAN_POINT('',(-0.4064,-0.117474999999999,0.0261149090477318));
#1971=CARTESIAN_POINT('',(-0.390525,-0.117475,0.0261149090477318));
#1972=CARTESIAN_POINT('',(-0.336005256121069,-0.152400000005236,0.0243223223275576));
#1973=CARTESIAN_POINT('',(-0.333018093655851,-0.149412837540017,0.0247871968500885));
#1974=CARTESIAN_POINT('',(-0.330023967097513,-0.146418710976444,0.0251366327820682));
#1975=CARTESIAN_POINT('',(-0.327025000000002,-0.143419743878933,0.025405830696069));
#1976=CARTESIAN_POINT('',(-0.336005256121069,-0.1524,0.0243223223283724));
#1977=CARTESIAN_POINT('',(-0.390525,-0.1524,0.0243223223283724));
#1978=CARTESIAN_POINT('',(-0.445044743878931,-0.1524,0.0243223223283723));
#1979=CARTESIAN_POINT('',(-0.454025,-0.143419743878936,0.0254058306960687));
#1980=CARTESIAN_POINT('',(-0.451026032902493,-0.146418710976443,0.0251366327820681));
#1981=CARTESIAN_POINT('',(-0.448031906341527,-0.149412837537404,0.0247871968502875));
#1982=CARTESIAN_POINT('',(-0.445044743876295,-0.152400000002636,0.0243223223279622));
#1983=CARTESIAN_POINT('',(-0.454025,-0.143419743878931,0.025405830696069));
#1984=CARTESIAN_POINT('',(-0.454025,-0.034380256100182,0.0156697667942512));
#1985=CARTESIAN_POINT('',(-0.454025,-0.0433682912081002,0.0175852559798734));
#1986=CARTESIAN_POINT('',(-0.454025,-0.0613861735370312,0.0209479580496578));
#1987=CARTESIAN_POINT('',(-0.454025,-0.0885430444734069,0.0245355382729626));
#1988=CARTESIAN_POINT('',(-0.454025,-0.111297631227681,0.0261380020340036));
#1989=CARTESIAN_POINT('',(-0.454025,-0.129604292956905,0.0262665058023712));
#1990=CARTESIAN_POINT('',(-0.454025,-0.138803208747644,0.0258202272488975));
#1991=CARTESIAN_POINT('',(-0.454025,-0.143419743878935,0.0254058306960688));
#1992=CARTESIAN_POINT('',(-0.454025,-0.0343802561210695,0.0156697667987023));
#1993=CARTESIAN_POINT('',(-0.445044743878931,-0.0254000000238615,0.0136756047575301));
#1994=CARTESIAN_POINT('',(-0.448035251495793,-0.0283905076407239,0.0143665442367686));
#1995=CARTESIAN_POINT('',(-0.45102867696479,-0.0313839330858597,0.0150312040538983));
#1996=CARTESIAN_POINT('',(-0.454024999989305,-0.0343802561103747,0.0156697667964238));
#1997=CARTESIAN_POINT('',(-0.445044743878931,-0.0254,0.0136756047520169));
#1998=CARTESIAN_POINT('',(-0.390525,-0.025400000000002,0.0136756047520177));
#1999=CARTESIAN_POINT('',(-0.336005256121069,-0.0254,0.0136756047520177));
#2000=CARTESIAN_POINT('',(-0.327025,-0.034380256100182,0.0156697667942519));
#2001=CARTESIAN_POINT('',(-0.330021323024503,-0.0313839330756792,0.0150312040515441));
#2002=CARTESIAN_POINT('',(-0.333014748492006,-0.0283905076290631,0.0143665442342881));
#2003=CARTESIAN_POINT('',(-0.336005256108852,-0.0254000000122173,0.01367560475484));
#2004=CARTESIAN_POINT('',(-0.390525,-0.0621824093379925,0.020828));
#2005=CARTESIAN_POINT('',(-0.4064,-0.0621824093379925,0.020828));
#2006=CARTESIAN_POINT('',(-0.4064,-0.0621824093379926,0.020828));
#2007=CARTESIAN_POINT('',(-0.4064,-0.06367891272624,0.0210640563695408));
#2008=CARTESIAN_POINT('',(-0.4064,-0.0651764367561507,0.0212934485578578));
#2009=CARTESIAN_POINT('',(-0.4064,-0.0666750000000001,0.0215160552990689));
#2010=CARTESIAN_POINT('',(-0.4064,-0.066675,0.021516055299069));
#2011=CARTESIAN_POINT('',(-0.390525,-0.066675,0.0215160552990689));
#2012=CARTESIAN_POINT('',(-0.066675,-0.0254000000122175,0.01367560475484));
#2013=CARTESIAN_POINT('',(-0.193675,-0.0254000000122176,0.01367560475484));
#2014=CARTESIAN_POINT('',(-0.066675,-0.037873241005487,0.0165574749063734));
#2015=CARTESIAN_POINT('',(-0.193675,-0.0378732410054871,0.0165574749063734));
#2016=CARTESIAN_POINT('',(-0.066675,-0.050222848666031,0.0189415154816908));
#2017=CARTESIAN_POINT('',(-0.193675,-0.0502228486660312,0.0189415154816908));
#2018=CARTESIAN_POINT('',(-0.066675,-0.0621824093379991,0.0208280000000011));
#2019=CARTESIAN_POINT('',(-0.193675,-0.0621824093379992,0.0208280000000011));
#2020=CARTESIAN_POINT('',(-0.130175,-0.0621824093379924,0.020828));
#2021=CARTESIAN_POINT('',(-0.184694743878931,-0.0254000000238615,0.0136756047575301));
#2022=CARTESIAN_POINT('',(-0.187685251495793,-0.0283905076407239,0.0143665442367686));
#2023=CARTESIAN_POINT('',(-0.19067867696479,-0.0313839330858596,0.0150312040538983));
#2024=CARTESIAN_POINT('',(-0.193674999989305,-0.0343802561103746,0.0156697667964238));
#2025=CARTESIAN_POINT('',(-0.184694743878931,-0.0254,0.0136756047520169));
#2026=CARTESIAN_POINT('',(-0.130175,-0.025400000000002,0.0136756047520177));
#2027=CARTESIAN_POINT('',(-0.0756552561210692,-0.0254,0.0136756047520177));
#2028=CARTESIAN_POINT('',(-0.066675,-0.034380256100182,0.0156697667942519));
#2029=CARTESIAN_POINT('',(-0.0696713230245028,-0.0313839330756791,0.0150312040515441));
#2030=CARTESIAN_POINT('',(-0.0726647484920062,-0.0283905076290631,0.0143665442342882));
#2031=CARTESIAN_POINT('',(-0.0756552561088518,-0.0254000000122175,0.01367560475484));
#2032=CARTESIAN_POINT('',(-0.130175,-0.0254,0.0508));
#2033=CARTESIAN_POINT('',(-0.0756552561210692,-0.0254,0.0508));
#2034=CARTESIAN_POINT('',(-0.0756552561210692,-0.0254,0.0152438606715693));
#2035=CARTESIAN_POINT('',(-0.184694743878931,-0.0254,0.0508));
#2036=CARTESIAN_POINT('',(-0.184694743878931,-0.0254,0.0152438606715695));
#2037=CARTESIAN_POINT('',(-0.130175,-0.0254,0.0152438606715694));
#2038=CARTESIAN_POINT('',(-0.189184871939465,-0.0298901280605347,0.0508));
#2039=CARTESIAN_POINT('',(-0.193675,-0.0343802561210694,0.017232578970594));
#2040=CARTESIAN_POINT('',(-0.190678693422621,-0.0313839495436905,0.016595753805009));
#2041=CARTESIAN_POINT('',(-0.187685268803431,-0.0283905249244999,0.0159329010992998));
#2042=CARTESIAN_POINT('',(-0.184694743878931,-0.0254000000000002,0.0152438606715694));
#2043=CARTESIAN_POINT('',(-0.189184871939465,-0.147909871939465,0.0508));
#2044=CARTESIAN_POINT('',(-0.193675,-0.143419743878935,0.0254058306960687));
#2045=CARTESIAN_POINT('',(-0.190676032902493,-0.146418710976443,0.0251366327820681));
#2046=CARTESIAN_POINT('',(-0.187681906341527,-0.149412837537404,0.0247871968502875));
#2047=CARTESIAN_POINT('',(-0.184694743876295,-0.152400000002636,0.0243223223279622));
#2048=CARTESIAN_POINT('',(-0.184694743878931,-0.1524,0.0243223223283723));
#2049=CARTESIAN_POINT('',(-0.184694743878931,-0.1524,0.0508));
#2050=CARTESIAN_POINT('',(-0.184694743878931,-0.1524,0.0258696824799305));
#2051=CARTESIAN_POINT('',(-0.184694743878931,-0.152400000005158,0.0258696824791376));
#2052=CARTESIAN_POINT('',(-0.18768208889503,-0.14941265498906,0.0263288722354016));
#2053=CARTESIAN_POINT('',(-0.190676168862437,-0.146418575016493,0.0266752659161327));
#2054=CARTESIAN_POINT('',(-0.193675000006411,-0.143419743872519,0.0269420873334219));
#2055=CARTESIAN_POINT('',(-0.130175,-0.1524,0.0508));
#2056=CARTESIAN_POINT('',(-0.130175,-0.1524,0.0243223223283724));
#2057=CARTESIAN_POINT('',(-0.075655256121069,-0.1524,0.0243223223283724));
#2058=CARTESIAN_POINT('',(-0.075655256121069,-0.1524,0.0508));
#2059=CARTESIAN_POINT('',(-0.075655256121069,-0.1524,0.02586968247993));
#2060=CARTESIAN_POINT('',(-0.130175,-0.1524,0.0258696824799305));
#2061=CARTESIAN_POINT('',(-0.0711651280605344,-0.147909871939465,0.0508));
#2062=CARTESIAN_POINT('',(-0.075655256121069,-0.152400000005236,0.0243223223275576));
#2063=CARTESIAN_POINT('',(-0.0726680936558505,-0.149412837540017,0.0247871968500885));
#2064=CARTESIAN_POINT('',(-0.0696739670975132,-0.146418710976444,0.0251366327820682));
#2065=CARTESIAN_POINT('',(-0.0666750000000022,-0.143419743878933,0.025405830696069));
#2066=CARTESIAN_POINT('',(-0.066675,-0.143419743866194,0.0269420873339843));
#2067=CARTESIAN_POINT('',(-0.0696738311439954,-0.14641857501019,0.026675265917039));
#2068=CARTESIAN_POINT('',(-0.0726679111075563,-0.149412654986487,0.0263288722355975));
#2069=CARTESIAN_POINT('',(-0.0756552561236657,-0.152400000002597,0.0258696824795314));
#2070=CARTESIAN_POINT('',(-0.0711651280605346,-0.0298901280605347,0.0508));
#2071=CARTESIAN_POINT('',(-0.0756552561210692,-0.0254000000000001,0.0152438606715694));
#2072=CARTESIAN_POINT('',(-0.0726647311965695,-0.0283905249244998,0.0159329010992997));
#2073=CARTESIAN_POINT('',(-0.0696713065773789,-0.0313839495436904,0.0165957538050089));
#2074=CARTESIAN_POINT('',(-0.0666749999999999,-0.0343802561210693,0.0172325789705939));
#2075=CARTESIAN_POINT('',(-0.066675,-0.152400000010316,0.0258696824783447));
#2076=CARTESIAN_POINT('',(-0.193675,-0.152400000010317,0.0258696824783447));
#2077=CARTESIAN_POINT('',(-0.066675,-0.137735337502069,0.0281238120705304));
#2078=CARTESIAN_POINT('',(-0.193675,-0.137735337502069,0.0281238120705304));
#2079=CARTESIAN_POINT('',(-0.066675,-0.0992173426590003,0.0285008588948298));
#2080=CARTESIAN_POINT('',(-0.193675,-0.0992173426590004,0.0285008588948298));
#2081=CARTESIAN_POINT('',(-0.066675,-0.0503324612308612,0.0209884955382249));
#2082=CARTESIAN_POINT('',(-0.193675,-0.0503324612308613,0.0209884955382249));
#2083=CARTESIAN_POINT('',(-0.066675,-0.0254000000000002,0.0152438606715695));
#2084=CARTESIAN_POINT('',(-0.193675,-0.0254000000000003,0.0152438606715695));
#2085=CARTESIAN_POINT('',(-0.066675,-0.117475,0.0261149090477318));
#2086=CARTESIAN_POINT('',(-0.193675,-0.117475,0.0261149090477318));
#2087=CARTESIAN_POINT('',(-0.066675,-0.130844155784348,0.026424287019153));
#2088=CARTESIAN_POINT('',(-0.193675,-0.130844155784348,0.026424287019153));
#2089=CARTESIAN_POINT('',(-0.066675,-0.142698298703645,0.0258321410310356));
#2090=CARTESIAN_POINT('',(-0.193675,-0.142698298703645,0.0258321410310356));
#2091=CARTESIAN_POINT('',(-0.066675,-0.152400000010471,0.0243223223267428));
#2092=CARTESIAN_POINT('',(-0.193675,-0.152400000010471,0.0243223223267428));
#2093=CARTESIAN_POINT('',(-0.130175,-0.117475,0.0261149090477318));
#2094=CARTESIAN_POINT('',(-0.2032,-0.060325,0.02162175));
#2095=CARTESIAN_POINT('',(-0.2032,-0.060325,0.02162175));
#2096=CARTESIAN_POINT('',(-0.2032,-0.060325,0.020828));
#2097=CARTESIAN_POINT('',(-0.2032,-0.060325,0.02162175));
#2098=CARTESIAN_POINT('',(-0.2032,-0.060325,0.020828));
#2099=CARTESIAN_POINT('',(-0.2032,-0.060325,0.02162175));
#2100=CARTESIAN_POINT('',(0.,-0.0587375,0.02162175));
#2101=CARTESIAN_POINT('',(-0.2032,-0.066675,0.02162175));
#2102=CARTESIAN_POINT('',(0.,-0.0587375,0.02162175));
#2103=CARTESIAN_POINT('',(-0.2032,-0.066675,0.02162175));
#2104=CARTESIAN_POINT('',(-0.2032,-0.066675,0.02162175));
#2105=CARTESIAN_POINT('',(-0.2032,-0.066675,0.02162175));
#2106=CARTESIAN_POINT('',(-0.4064,-0.066675,0.02162175));
#2107=CARTESIAN_POINT('',(-0.4064,-0.066675,0.020828));
#2108=CARTESIAN_POINT('',(-0.2032,-0.066675,0.020828));
#2109=CARTESIAN_POINT('',(-1.66533453693773E-16,-0.066675,0.020828));
#2110=CARTESIAN_POINT('',(-1.66533453693773E-16,-0.066675,0.02162175));
#2111=CARTESIAN_POINT('',(0.,-0.0587375,0.020828));
#2112=CARTESIAN_POINT('',(-1.66533453693773E-16,-0.0635,0.020828));
#2113=CARTESIAN_POINT('',(-0.4064,-0.0635,0.020828));
#2114=CARTESIAN_POINT('',(-0.2032,-0.060325,0.020828));
#2115=CARTESIAN_POINT('',(-0.26035,-0.0621824093379924,0.020828));
#2116=CARTESIAN_POINT('',(0.,-0.0254,0.0508));
#2117=CARTESIAN_POINT('',(0.0545197438789308,-0.0254,0.0508));
#2118=CARTESIAN_POINT('',(0.0545197438789308,-0.0254,0.0152438606715693));
#2119=CARTESIAN_POINT('',(-0.0545197438789308,-0.0254,0.0508));
#2120=CARTESIAN_POINT('',(-0.0545197438789308,-0.0254,0.0152438606715695));
#2121=CARTESIAN_POINT('',(0.,-0.0254,0.0152438606715694));
#2122=CARTESIAN_POINT('',(-0.0590098719394654,-0.0298901280605347,0.0508));
#2123=CARTESIAN_POINT('',(-0.0635,-0.0343802561210694,0.017232578970594));
#2124=CARTESIAN_POINT('',(-0.0605036934226211,-0.0313839495436905,0.016595753805009));
#2125=CARTESIAN_POINT('',(-0.0575102688034305,-0.0283905249244998,0.0159329010992998));
#2126=CARTESIAN_POINT('',(-0.0545197438789308,-0.0254,0.0152438606715694));
#2127=CARTESIAN_POINT('',(-0.0590098719394654,-0.147909871939465,0.0508));
#2128=CARTESIAN_POINT('',(-0.0545197438789307,-0.1524,0.0508));
#2129=CARTESIAN_POINT('',(-0.0545197438789307,-0.1524,0.0258696824799305));
#2130=CARTESIAN_POINT('',(-0.0545197438789307,-0.152400000005158,0.0258696824791376));
#2131=CARTESIAN_POINT('',(-0.0575070888950294,-0.14941265498906,0.0263288722354016));
#2132=CARTESIAN_POINT('',(-0.0605011688624373,-0.146418575016494,0.0266752659161327));
#2133=CARTESIAN_POINT('',(-0.0635000000064114,-0.143419743872519,0.0269420873334219));
#2134=CARTESIAN_POINT('',(7.63278329429795E-17,-0.1524,0.0508));
#2135=CARTESIAN_POINT('',(0.054519743878931,-0.1524,0.0508));
#2136=CARTESIAN_POINT('',(0.054519743878931,-0.1524,0.02586968247993));
#2137=CARTESIAN_POINT('',(0.,-0.1524,0.0258696824799305));
#2138=CARTESIAN_POINT('',(0.0590098719394656,-0.147909871939465,0.0508));
#2139=CARTESIAN_POINT('',(0.0635,-0.143419743878931,0.0508));
#2140=CARTESIAN_POINT('',(0.0635,-0.143419743878931,0.0269420873328506));
#2141=CARTESIAN_POINT('',(0.0635,-0.143419743866194,0.0269420873339843));
#2142=CARTESIAN_POINT('',(0.0605011688560046,-0.14641857501019,0.0266752659170391));
#2143=CARTESIAN_POINT('',(0.0575070888924438,-0.149412654986487,0.0263288722355975));
#2144=CARTESIAN_POINT('',(0.0545197438763343,-0.152400000002597,0.0258696824795314));
#2145=CARTESIAN_POINT('',(0.0635,-0.0889,0.0508));
#2146=CARTESIAN_POINT('',(0.0635,-0.0343802561210692,0.0508));
#2147=CARTESIAN_POINT('',(0.0635,-0.0343802561210692,0.0172325789705937));
#2148=CARTESIAN_POINT('',(0.0635,-0.0343802561210692,0.0172325789705938));
#2149=CARTESIAN_POINT('',(0.0635,-0.0433688163305234,0.0191429780555779));
#2150=CARTESIAN_POINT('',(0.0635,-0.061387538581544,0.0224965803292158));
#2151=CARTESIAN_POINT('',(0.0635,-0.0885451645366817,0.0260721977830785));
#2152=CARTESIAN_POINT('',(0.0635,-0.111300015449634,0.0276649977376786));
#2153=CARTESIAN_POINT('',(0.0635,-0.129605778291985,0.0277950836529876));
#2154=CARTESIAN_POINT('',(0.0635,-0.138803836052214,0.0273527883722701));
#2155=CARTESIAN_POINT('',(0.0635,-0.143419743866194,0.0269420873339847));
#2156=CARTESIAN_POINT('',(0.0590098719394654,-0.0298901280605346,0.0508));
#2157=CARTESIAN_POINT('',(0.0545197438789308,-0.0254000000000001,0.0152438606715694));
#2158=CARTESIAN_POINT('',(0.0575102688034305,-0.0283905249244998,0.0159329010992997));
#2159=CARTESIAN_POINT('',(0.0605036934226211,-0.0313839495436903,0.0165957538050088));
#2160=CARTESIAN_POINT('',(0.0635,-0.0343802561210692,0.0172325789705939));
#2161=CARTESIAN_POINT('',(0.0635,-0.152400000010316,0.0258696824783447));
#2162=CARTESIAN_POINT('',(-0.0635,-0.152400000010317,0.0258696824783447));
#2163=CARTESIAN_POINT('',(0.0635,-0.137735337502069,0.0281238120705304));
#2164=CARTESIAN_POINT('',(-0.0635,-0.137735337502069,0.0281238120705304));
#2165=CARTESIAN_POINT('',(0.0635,-0.099217342659,0.0285008588948298));
#2166=CARTESIAN_POINT('',(-0.0635,-0.099217342659,0.0285008588948298));
#2167=CARTESIAN_POINT('',(0.0635,-0.0503324612308609,0.0209884955382248));
#2168=CARTESIAN_POINT('',(-0.0635,-0.050332461230861,0.0209884955382248));
#2169=CARTESIAN_POINT('',(0.0635,-0.0253999999999999,0.0152438606715694));
#2170=CARTESIAN_POINT('',(-0.0635,-0.0254,0.0152438606715694));
#2171=CARTESIAN_POINT('',(-0.19685,-0.0254000000122175,0.01367560475484));
#2172=CARTESIAN_POINT('',(-0.32385,-0.0254000000122177,0.01367560475484));
#2173=CARTESIAN_POINT('',(-0.19685,-0.0378732410054847,0.0165574749063729));
#2174=CARTESIAN_POINT('',(-0.32385,-0.0378732410054848,0.0165574749063729));
#2175=CARTESIAN_POINT('',(-0.19685,-0.0502228486660264,0.0189415154816899));
#2176=CARTESIAN_POINT('',(-0.32385,-0.0502228486660265,0.0189415154816899));
#2177=CARTESIAN_POINT('',(-0.19685,-0.0621824093379924,0.020828));
#2178=CARTESIAN_POINT('',(-0.32385,-0.0621824093379925,0.020828));
#2179=CARTESIAN_POINT('',(-0.314869743878931,-0.0254000000238615,0.0136756047575301));
#2180=CARTESIAN_POINT('',(-0.317860251495793,-0.0283905076407239,0.0143665442367686));
#2181=CARTESIAN_POINT('',(-0.32085367696479,-0.0313839330858596,0.0150312040538983));
#2182=CARTESIAN_POINT('',(-0.323849999989305,-0.0343802561103746,0.0156697667964238));
#2183=CARTESIAN_POINT('',(-0.314869743878931,-0.0254,0.0136756047520169));
#2184=CARTESIAN_POINT('',(-0.26035,-0.025400000000002,0.0136756047520177));
#2185=CARTESIAN_POINT('',(-0.205830256121069,-0.0254,0.0136756047520177));
#2186=CARTESIAN_POINT('',(-0.19685,-0.034380256100182,0.0156697667942519));
#2187=CARTESIAN_POINT('',(-0.199846323024503,-0.0313839330756792,0.0150312040515441));
#2188=CARTESIAN_POINT('',(-0.202839748492006,-0.0283905076290632,0.0143665442342882));
#2189=CARTESIAN_POINT('',(-0.205830256108852,-0.0254000000122175,0.01367560475484));
#2190=CARTESIAN_POINT('',(-0.26035,-0.0254,0.0508));
#2191=CARTESIAN_POINT('',(-0.205830256121069,-0.0254,0.0508));
#2192=CARTESIAN_POINT('',(-0.205830256121069,-0.0254,0.0152438606715693));
#2193=CARTESIAN_POINT('',(-0.314869743878931,-0.0254,0.0508));
#2194=CARTESIAN_POINT('',(-0.314869743878931,-0.0254,0.0152438606715695));
#2195=CARTESIAN_POINT('',(-0.26035,-0.0254,0.0152438606715694));
#2196=CARTESIAN_POINT('',(-0.319359871939466,-0.0298901280605348,0.0508));
#2197=CARTESIAN_POINT('',(-0.32385,-0.0343802561210695,0.017232578970594));
#2198=CARTESIAN_POINT('',(-0.320853693422621,-0.0313839495436906,0.016595753805009));
#2199=CARTESIAN_POINT('',(-0.317860268803431,-0.0283905249244999,0.0159329010992998));
#2200=CARTESIAN_POINT('',(-0.314869743878931,-0.0254000000000001,0.0152438606715694));
#2201=CARTESIAN_POINT('',(-0.319359871939466,-0.147909871939466,0.0508));
#2202=CARTESIAN_POINT('',(-0.32385,-0.143419743878935,0.0254058306960687));
#2203=CARTESIAN_POINT('',(-0.320851032902493,-0.146418710976443,0.0251366327820681));
#2204=CARTESIAN_POINT('',(-0.317856906341527,-0.149412837537404,0.0247871968502875));
#2205=CARTESIAN_POINT('',(-0.314869743876295,-0.152400000002636,0.0243223223279622));
#2206=CARTESIAN_POINT('',(-0.314869743878931,-0.1524,0.0243223223283723));
#2207=CARTESIAN_POINT('',(-0.314869743878931,-0.1524,0.0508));
#2208=CARTESIAN_POINT('',(-0.314869743878931,-0.1524,0.0258696824799305));
#2209=CARTESIAN_POINT('',(-0.314869743878931,-0.152400000005158,0.0258696824791376));
#2210=CARTESIAN_POINT('',(-0.31785708889503,-0.14941265498906,0.0263288722354016));
#2211=CARTESIAN_POINT('',(-0.320851168862437,-0.146418575016494,0.0266752659161327));
#2212=CARTESIAN_POINT('',(-0.323850000006412,-0.14341974387252,0.0269420873334219));
#2213=CARTESIAN_POINT('',(-0.26035,-0.1524,0.0508));
#2214=CARTESIAN_POINT('',(-0.26035,-0.1524,0.0243223223283724));
#2215=CARTESIAN_POINT('',(-0.205830256121069,-0.1524,0.0243223223283724));
#2216=CARTESIAN_POINT('',(-0.205830256121069,-0.1524,0.0508));
#2217=CARTESIAN_POINT('',(-0.205830256121069,-0.1524,0.02586968247993));
#2218=CARTESIAN_POINT('',(-0.26035,-0.1524,0.0258696824799305));
#2219=CARTESIAN_POINT('',(-0.201340128060535,-0.147909871939465,0.0508));
#2220=CARTESIAN_POINT('',(-0.205830256121069,-0.152400000005236,0.0243223223275576));
#2221=CARTESIAN_POINT('',(-0.202843093655851,-0.149412837540017,0.0247871968500885));
#2222=CARTESIAN_POINT('',(-0.199848967097513,-0.146418710976444,0.0251366327820682));
#2223=CARTESIAN_POINT('',(-0.196850000000002,-0.143419743878933,0.025405830696069));
#2224=CARTESIAN_POINT('',(-0.19685,-0.143419743866194,0.0269420873339843));
#2225=CARTESIAN_POINT('',(-0.199848831143995,-0.14641857501019,0.0266752659170391));
#2226=CARTESIAN_POINT('',(-0.202842911107556,-0.149412654986487,0.0263288722355975));
#2227=CARTESIAN_POINT('',(-0.205830256123666,-0.152400000002597,0.0258696824795314));
#2228=CARTESIAN_POINT('',(-0.201340128060535,-0.0298901280605347,0.0508));
#2229=CARTESIAN_POINT('',(-0.205830256121069,-0.0254000000000001,0.0152438606715694));
#2230=CARTESIAN_POINT('',(-0.202839731196569,-0.0283905249244998,0.0159329010992997));
#2231=CARTESIAN_POINT('',(-0.199846306577379,-0.0313839495436904,0.0165957538050088));
#2232=CARTESIAN_POINT('',(-0.19685,-0.0343802561210693,0.0172325789705939));
#2233=CARTESIAN_POINT('',(-0.19685,-0.152400000010316,0.0258696824783447));
#2234=CARTESIAN_POINT('',(-0.32385,-0.152400000010317,0.0258696824783448));
#2235=CARTESIAN_POINT('',(-0.19685,-0.137735337502068,0.0281238120705304));
#2236=CARTESIAN_POINT('',(-0.32385,-0.137735337502069,0.0281238120705304));
#2237=CARTESIAN_POINT('',(-0.19685,-0.099217342659,0.0285008588948298));
#2238=CARTESIAN_POINT('',(-0.32385,-0.0992173426590001,0.0285008588948298));
#2239=CARTESIAN_POINT('',(-0.19685,-0.0503324612308609,0.0209884955382248));
#2240=CARTESIAN_POINT('',(-0.32385,-0.050332461230861,0.0209884955382248));
#2241=CARTESIAN_POINT('',(-0.19685,-0.0254,0.0152438606715694));
#2242=CARTESIAN_POINT('',(-0.32385,-0.0254000000000001,0.0152438606715694));
#2243=CARTESIAN_POINT('',(-0.19685,-0.117475,0.0261149090477318));
#2244=CARTESIAN_POINT('',(-0.32385,-0.117475,0.0261149090477318));
#2245=CARTESIAN_POINT('',(-0.19685,-0.130844155784348,0.026424287019153));
#2246=CARTESIAN_POINT('',(-0.32385,-0.130844155784348,0.026424287019153));
#2247=CARTESIAN_POINT('',(-0.19685,-0.142698298703645,0.0258321410310356));
#2248=CARTESIAN_POINT('',(-0.32385,-0.142698298703645,0.0258321410310356));
#2249=CARTESIAN_POINT('',(-0.19685,-0.152400000010471,0.0243223223267428));
#2250=CARTESIAN_POINT('',(-0.32385,-0.152400000010471,0.0243223223267428));
#2251=CARTESIAN_POINT('',(-0.26035,-0.117475,0.0261149090477318));
#2252=CARTESIAN_POINT('',(-0.2032,-0.060325,0.02162175));
#2253=CARTESIAN_POINT('',(-0.2032,-0.060325,0.02162175));
#2254=CARTESIAN_POINT('',(0.,-0.0587375,0.02162175));
#2255=CARTESIAN_POINT('',(-0.390525,-0.0254,0.0508));
#2256=CARTESIAN_POINT('',(-0.336005256121069,-0.0254,0.0508));
#2257=CARTESIAN_POINT('',(-0.336005256121069,-0.0254,0.0152438606715693));
#2258=CARTESIAN_POINT('',(-0.445044743878931,-0.0254,0.0508));
#2259=CARTESIAN_POINT('',(-0.445044743878931,-0.0254,0.0152438606715695));
#2260=CARTESIAN_POINT('',(-0.390525,-0.0254,0.0152438606715694));
#2261=CARTESIAN_POINT('',(-0.449534871939466,-0.0298901280605348,0.0508));
#2262=CARTESIAN_POINT('',(-0.454025,-0.0343802561210695,0.0508));
#2263=CARTESIAN_POINT('',(-0.454025,-0.0343802561210695,0.017232578970594));
#2264=CARTESIAN_POINT('',(-0.454025,-0.0343802561210695,0.017232578970594));
#2265=CARTESIAN_POINT('',(-0.451028693422621,-0.0313839495436906,0.016595753805009));
#2266=CARTESIAN_POINT('',(-0.448035268803431,-0.0283905249244999,0.0159329010992998));
#2267=CARTESIAN_POINT('',(-0.445044743878931,-0.0254000000000002,0.0152438606715694));
#2268=CARTESIAN_POINT('',(-0.454025,-0.0889,0.0508));
#2269=CARTESIAN_POINT('',(-0.454025,-0.143419743878931,0.0508));
#2270=CARTESIAN_POINT('',(-0.454025,-0.143419743878931,0.0269420873328523));
#2271=CARTESIAN_POINT('',(-0.454025,-0.143419743866195,0.0269420873339851));
#2272=CARTESIAN_POINT('',(-0.454025,-0.138835149486473,0.0273500022547587));
#2273=CARTESIAN_POINT('',(-0.454025,-0.129680775154236,0.0277930226449155));
#2274=CARTESIAN_POINT('',(-0.454025,-0.111411402210342,0.0276694378656585));
#2275=CARTESIAN_POINT('',(-0.454025,-0.088634948277464,0.02608352538859));
#2276=CARTESIAN_POINT('',(-0.454025,-0.0613532869887792,0.0224924941424194));
#2277=CARTESIAN_POINT('',(-0.454025,-0.043346388071307,0.0191382112269773));
#2278=CARTESIAN_POINT('',(-0.454025,-0.0343802561210695,0.0172325789705939));
#2279=CARTESIAN_POINT('',(-0.449534871939466,-0.147909871939466,0.0508));
#2280=CARTESIAN_POINT('',(-0.445044743878931,-0.1524,0.0508));
#2281=CARTESIAN_POINT('',(-0.445044743878931,-0.1524,0.0258696824799305));
#2282=CARTESIAN_POINT('',(-0.445044743878931,-0.152400000005158,0.0258696824791376));
#2283=CARTESIAN_POINT('',(-0.44803208889503,-0.14941265498906,0.0263288722354016));
#2284=CARTESIAN_POINT('',(-0.451026168862438,-0.146418575016494,0.0266752659161327));
#2285=CARTESIAN_POINT('',(-0.454025000006412,-0.14341974387252,0.0269420873334219));
#2286=CARTESIAN_POINT('',(-0.390525,-0.1524,0.0508));
#2287=CARTESIAN_POINT('',(-0.336005256121069,-0.1524,0.0508));
#2288=CARTESIAN_POINT('',(-0.336005256121069,-0.1524,0.02586968247993));
#2289=CARTESIAN_POINT('',(-0.390525,-0.1524,0.0258696824799305));
#2290=CARTESIAN_POINT('',(-0.331515128060535,-0.147909871939465,0.0508));
#2291=CARTESIAN_POINT('',(-0.327025,-0.143419743866194,0.0269420873339843));
#2292=CARTESIAN_POINT('',(-0.330023831143995,-0.14641857501019,0.0266752659170391));
#2293=CARTESIAN_POINT('',(-0.333017911107556,-0.149412654986487,0.0263288722355976));
#2294=CARTESIAN_POINT('',(-0.336005256123666,-0.152400000002597,0.0258696824795314));
#2295=CARTESIAN_POINT('',(-0.331515128060535,-0.0298901280605348,0.0508));
#2296=CARTESIAN_POINT('',(-0.336005256121069,-0.0254000000000001,0.0152438606715694));
#2297=CARTESIAN_POINT('',(-0.333014731196569,-0.0283905249244998,0.0159329010992997));
#2298=CARTESIAN_POINT('',(-0.330021306577379,-0.0313839495436904,0.0165957538050088));
#2299=CARTESIAN_POINT('',(-0.327025,-0.0343802561210693,0.0172325789705939));
#2300=CARTESIAN_POINT('',(-0.327025,-0.152400000010317,0.0258696824783447));
#2301=CARTESIAN_POINT('',(-0.454025,-0.152400000010317,0.0258696824783448));
#2302=CARTESIAN_POINT('',(-0.327025,-0.137735337502068,0.0281238120705304));
#2303=CARTESIAN_POINT('',(-0.454025,-0.137735337502069,0.0281238120705304));
#2304=CARTESIAN_POINT('',(-0.327025,-0.0992173426590001,0.0285008588948298));
#2305=CARTESIAN_POINT('',(-0.454025,-0.0992173426590002,0.0285008588948298));
#2306=CARTESIAN_POINT('',(-0.327025,-0.050332461230861,0.0209884955382248));
#2307=CARTESIAN_POINT('',(-0.454025,-0.0503324612308611,0.0209884955382248));
#2308=CARTESIAN_POINT('',(-0.327025,-0.0254000000000001,0.0152438606715694));
#2309=CARTESIAN_POINT('',(-0.454025,-0.0254000000000002,0.0152438606715694));
#2310=CARTESIAN_POINT('',(-1.66533453693773E-16,-0.0635,0.02162175));
#2311=CARTESIAN_POINT('',(-0.4064,-0.0635,0.02162175));
#2312=CARTESIAN_POINT('',(0.,-0.0587375,0.02619375));
#2313=CARTESIAN_POINT('',(-0.2032,-0.111125,0.02619375));
#2314=CARTESIAN_POINT('',(-0.2032,-0.117475,0.02619375));
#2315=CARTESIAN_POINT('',(0.,-0.0587375,0.02619375));
#2316=CARTESIAN_POINT('',(-0.2032,-0.117475,0.02619375));
#2317=CARTESIAN_POINT('',(-0.2032,-0.111125,0.02619375));
#2318=CARTESIAN_POINT('',(0.,-0.0587375,0.02619375));
#2319=CARTESIAN_POINT('',(-0.2032,-0.111125,0.02619375));
#2320=CARTESIAN_POINT('',(-0.2032,-0.117475,0.02619375));
#2321=CARTESIAN_POINT('',(-0.2032,-0.111125,0.02619375));
#2322=CARTESIAN_POINT('',(7.22541091882204E-18,-0.111125,0.02619375));
#2323=CARTESIAN_POINT('',(7.22541091882204E-18,-0.111125,0.0254));
#2324=CARTESIAN_POINT('',(-0.2032,-0.111125,0.0254));
#2325=CARTESIAN_POINT('',(-0.4064,-0.111125,0.0254));
#2326=CARTESIAN_POINT('',(-0.4064,-0.111125,0.02619375));
#2327=CARTESIAN_POINT('',(-0.2032,-0.117475,0.02619375));
#2328=CARTESIAN_POINT('',(-0.4064,-0.117474999999999,0.02619375));
#2329=CARTESIAN_POINT('',(-0.4064,-0.117474999999999,0.0254));
#2330=CARTESIAN_POINT('',(-0.2032,-0.117475,0.0254));
#2331=CARTESIAN_POINT('',(0.,-0.117475,0.0254));
#2332=CARTESIAN_POINT('',(0.,-0.117475,0.02619375));
#2333=CARTESIAN_POINT('',(7.61423627755124E-18,-0.1143,0.02619375));
#2334=CARTESIAN_POINT('',(7.61423627755124E-18,-0.1143,0.0254));
#2335=CARTESIAN_POINT('',(-0.4064,-0.1143,0.02619375));
#2336=CARTESIAN_POINT('',(-0.4064,-0.1143,0.0254));
#2337=CARTESIAN_POINT('',(0.,-0.0587375,0.0254));
#2338=MECHANICAL_DESIGN_GEOMETRIC_PRESENTATION_REPRESENTATION('',(#1319),
#2339);
#2339=(
GEOMETRIC_REPRESENTATION_CONTEXT(3)
GLOBAL_UNCERTAINTY_ASSIGNED_CONTEXT((#2340))
GLOBAL_UNIT_ASSIGNED_CONTEXT((#2343,#2342,#2341))
REPRESENTATION_CONTEXT('Solar Panels Wingtips',
'TOP_LEVEL_ASSEMBLY_PART')
);
#2340=UNCERTAINTY_MEASURE_WITH_UNIT(LENGTH_MEASURE(2.E-5),#2343,
'DISTANCE_ACCURACY_VALUE','Maximum Tolerance applied to model');
#2341=(
NAMED_UNIT(*)
SI_UNIT($,.STERADIAN.)
SOLID_ANGLE_UNIT()
);
#2342=(
NAMED_UNIT(*)
PLANE_ANGLE_UNIT()
SI_UNIT($,.RADIAN.)
);
#2343=(
LENGTH_UNIT()
NAMED_UNIT(*)
SI_UNIT($,.METRE.)
);
#2344=PRODUCT_DEFINITION_SHAPE('','',#2345);
#2345=PRODUCT_DEFINITION('','',#2347,#2346);
#2346=PRODUCT_DEFINITION_CONTEXT('',#2353,'design');
#2347=PRODUCT_DEFINITION_FORMATION_WITH_SPECIFIED_SOURCE('','',#2349,
 .NOT_KNOWN.);
#2348=PRODUCT_RELATED_PRODUCT_CATEGORY('','',(#2349));
#2349=PRODUCT('Solar Panels Wingtips','Solar Panels Wingtips',
'Solar Panels Wingtips',(#2351));
#2350=PRODUCT_CATEGORY('','');
#2351=PRODUCT_CONTEXT('',#2353,'mechanical');
#2352=APPLICATION_PROTOCOL_DEFINITION('international standard',
'ap242_managed_model_based_3d_engineering',2020,#2353);
#2353=APPLICATION_CONTEXT('managed model based 3d engineering');
ENDSEC;
END-ISO-10303-21;
