ISO-10303-21;
HEADER;
/* Generated by software containing ST-Developer
 * from STEP Tools, Inc. (www.steptools.com) 
 */
/* OPTION: using custom renumber hook */

FILE_DESCRIPTION(
/* description */ ('STEP AP242 Edition 2',
'CAx-IF Rec.Pracs.---Representation and Presentation of Product Manufa
cturing Information (PMI)---4.0---2014-10-13',
'CAx-IF Rec.Pracs.---3D Tessellated Geometry---0.4---2014-09-14','2;1',
'CAx-IF Rec.Pracs.---User Defined Attributes---1.5---2016-08-15'),
/* implementation_level */ '2;1');

FILE_NAME(
/* name */ 'Wing - Solar Panels Main',
/* time_stamp */ '2026-08-24T02:45:23Z',
/* author */ (''),
/* organization */ (''),
/* preprocessor_version */ 'ST-DEVELOPER v20',
/* originating_system */ 'ONSHAPE BY PTC INC, 1.219',
/* authorisation */ '  ');

FILE_SCHEMA (('AP242_MANAGED_MODEL_BASED_3D_ENGINEERING_MIM_LF { 1 0 10303 442 3 1 4 }'));
ENDSEC;

DATA;
#10=SHAPE_REPRESENTATION_RELATIONSHIP('','',#2994,#11);
#11=ADVANCED_BREP_SHAPE_REPRESENTATION('',(#2992),#5274);
#12=PLANE('',#2996);
#13=PLANE('',#2997);
#14=PLANE('',#2998);
#15=PLANE('',#2999);
#16=PLANE('',#3000);
#17=PLANE('',#3001);
#18=PLANE('',#3002);
#19=PLANE('',#3003);
#20=PLANE('',#3004);
#21=PLANE('',#3005);
#22=PLANE('',#3006);
#23=PLANE('',#3007);
#24=PLANE('',#3008);
#25=PLANE('',#3009);
#26=PLANE('',#3010);
#27=PLANE('',#3011);
#28=PLANE('',#3012);
#29=PLANE('',#3013);
#30=PLANE('',#3014);
#31=PLANE('',#3015);
#32=PLANE('',#3016);
#33=PLANE('',#3017);
#34=PLANE('',#3018);
#35=PLANE('',#3019);
#36=PLANE('',#3020);
#37=PLANE('',#3021);
#38=PLANE('',#3022);
#39=PLANE('',#3023);
#40=PLANE('',#3024);
#41=PLANE('',#3025);
#42=PLANE('',#3026);
#43=PLANE('',#3027);
#44=PLANE('',#3028);
#45=PLANE('',#3029);
#46=PLANE('',#3030);
#47=PLANE('',#3031);
#48=PLANE('',#3032);
#49=PLANE('',#3033);
#50=PLANE('',#3034);
#51=PLANE('',#3035);
#52=PLANE('',#3036);
#53=PLANE('',#3037);
#54=PLANE('',#3038);
#55=PLANE('',#3039);
#56=PLANE('',#3040);
#57=PLANE('',#3041);
#58=PLANE('',#3042);
#59=PLANE('',#3043);
#60=PLANE('',#3044);
#61=PLANE('',#3045);
#62=PLANE('',#3046);
#63=PLANE('',#3047);
#64=PLANE('',#3048);
#65=PLANE('',#3049);
#66=PLANE('',#3050);
#67=PLANE('',#3051);
#68=PLANE('',#3052);
#69=PLANE('',#3053);
#70=PLANE('',#3054);
#71=PLANE('',#3055);
#72=PLANE('',#3056);
#73=PLANE('',#3057);
#74=PLANE('',#3058);
#75=PLANE('',#3059);
#76=PLANE('',#3060);
#77=PLANE('',#3061);
#78=PLANE('',#3062);
#79=PLANE('',#3063);
#80=PLANE('',#3064);
#81=PLANE('',#3065);
#82=PLANE('',#3066);
#83=PLANE('',#3067);
#84=PLANE('',#3068);
#85=PLANE('',#3069);
#86=PLANE('',#3070);
#87=PLANE('',#3071);
#88=PLANE('',#3072);
#89=PLANE('',#3073);
#90=PLANE('',#3074);
#91=PLANE('',#3075);
#92=PLANE('',#3076);
#93=PLANE('',#3077);
#94=PLANE('',#3078);
#95=PLANE('',#3079);
#96=PLANE('',#3080);
#97=PLANE('',#3081);
#98=PLANE('',#3082);
#99=PLANE('',#3083);
#100=PLANE('',#3084);
#101=PLANE('',#3085);
#102=PLANE('',#3086);
#103=PLANE('',#3087);
#104=PLANE('',#3088);
#105=PLANE('',#3089);
#106=PLANE('',#3090);
#107=PLANE('',#3091);
#108=PLANE('',#3092);
#109=PLANE('',#3093);
#110=PLANE('',#3094);
#111=PLANE('',#3095);
#112=PLANE('',#3096);
#113=PLANE('',#3097);
#114=PLANE('',#3098);
#115=PLANE('',#3099);
#116=PLANE('',#3100);
#117=LINE('',#3637,#426);
#118=LINE('',#3644,#427);
#119=LINE('',#3659,#428);
#120=LINE('',#3666,#429);
#121=LINE('',#3681,#430);
#122=LINE('',#3688,#431);
#123=LINE('',#3703,#432);
#124=LINE('',#3710,#433);
#125=LINE('',#3725,#434);
#126=LINE('',#3732,#435);
#127=LINE('',#3747,#436);
#128=LINE('',#3754,#437);
#129=LINE('',#3769,#438);
#130=LINE('',#3776,#439);
#131=LINE('',#3778,#440);
#132=LINE('',#3781,#441);
#133=LINE('',#3783,#442);
#134=LINE('',#3785,#443);
#135=LINE('',#3792,#444);
#136=LINE('',#3808,#445);
#137=LINE('',#3824,#446);
#138=LINE('',#3831,#447);
#139=LINE('',#3833,#448);
#140=LINE('',#3835,#449);
#141=LINE('',#3842,#450);
#142=LINE('',#3854,#451);
#143=LINE('',#3856,#452);
#144=LINE('',#3858,#453);
#145=LINE('',#3865,#454);
#146=LINE('',#3867,#455);
#147=LINE('',#3869,#456);
#148=LINE('',#3871,#457);
#149=LINE('',#3878,#458);
#150=LINE('',#3917,#459);
#151=LINE('',#3919,#460);
#152=LINE('',#3926,#461);
#153=LINE('',#3927,#462);
#154=LINE('',#3934,#463);
#155=LINE('',#3936,#464);
#156=LINE('',#3938,#465);
#157=LINE('',#3940,#466);
#158=LINE('',#3942,#467);
#159=LINE('',#3944,#468);
#160=LINE('',#3946,#469);
#161=LINE('',#3948,#470);
#162=LINE('',#3950,#471);
#163=LINE('',#3952,#472);
#164=LINE('',#3954,#473);
#165=LINE('',#3956,#474);
#166=LINE('',#3957,#475);
#167=LINE('',#3959,#476);
#168=LINE('',#3961,#477);
#169=LINE('',#3962,#478);
#170=LINE('',#3964,#479);
#171=LINE('',#3966,#480);
#172=LINE('',#3967,#481);
#173=LINE('',#3969,#482);
#174=LINE('',#3971,#483);
#175=LINE('',#3972,#484);
#176=LINE('',#3974,#485);
#177=LINE('',#3976,#486);
#178=LINE('',#3977,#487);
#179=LINE('',#3979,#488);
#180=LINE('',#3981,#489);
#181=LINE('',#3982,#490);
#182=LINE('',#3984,#491);
#183=LINE('',#3986,#492);
#184=LINE('',#3987,#493);
#185=LINE('',#3989,#494);
#186=LINE('',#3991,#495);
#187=LINE('',#3993,#496);
#188=LINE('',#3995,#497);
#189=LINE('',#3997,#498);
#190=LINE('',#3999,#499);
#191=LINE('',#4001,#500);
#192=LINE('',#4003,#501);
#193=LINE('',#4005,#502);
#194=LINE('',#4007,#503);
#195=LINE('',#4009,#504);
#196=LINE('',#4011,#505);
#197=LINE('',#4013,#506);
#198=LINE('',#4015,#507);
#199=LINE('',#4017,#508);
#200=LINE('',#4019,#509);
#201=LINE('',#4021,#510);
#202=LINE('',#4023,#511);
#203=LINE('',#4025,#512);
#204=LINE('',#4027,#513);
#205=LINE('',#4029,#514);
#206=LINE('',#4031,#515);
#207=LINE('',#4033,#516);
#208=LINE('',#4035,#517);
#209=LINE('',#4037,#518);
#210=LINE('',#4039,#519);
#211=LINE('',#4041,#520);
#212=LINE('',#4043,#521);
#213=LINE('',#4045,#522);
#214=LINE('',#4047,#523);
#215=LINE('',#4049,#524);
#216=LINE('',#4050,#525);
#217=LINE('',#4074,#526);
#218=LINE('',#4081,#527);
#219=LINE('',#4083,#528);
#220=LINE('',#4085,#529);
#221=LINE('',#4087,#530);
#222=LINE('',#4094,#531);
#223=LINE('',#4097,#532);
#224=LINE('',#4104,#533);
#225=LINE('',#4114,#534);
#226=LINE('',#4121,#535);
#227=LINE('',#4128,#536);
#228=LINE('',#4130,#537);
#229=LINE('',#4132,#538);
#230=LINE('',#4139,#539);
#231=LINE('',#4151,#540);
#232=LINE('',#4153,#541);
#233=LINE('',#4155,#542);
#234=LINE('',#4156,#543);
#235=LINE('',#4158,#544);
#236=LINE('',#4159,#545);
#237=LINE('',#4192,#546);
#238=LINE('',#4194,#547);
#239=LINE('',#4196,#548);
#240=LINE('',#4198,#549);
#241=LINE('',#4222,#550);
#242=LINE('',#4229,#551);
#243=LINE('',#4231,#552);
#244=LINE('',#4233,#553);
#245=LINE('',#4235,#554);
#246=LINE('',#4242,#555);
#247=LINE('',#4245,#556);
#248=LINE('',#4252,#557);
#249=LINE('',#4262,#558);
#250=LINE('',#4269,#559);
#251=LINE('',#4276,#560);
#252=LINE('',#4278,#561);
#253=LINE('',#4280,#562);
#254=LINE('',#4287,#563);
#255=LINE('',#4299,#564);
#256=LINE('',#4301,#565);
#257=LINE('',#4303,#566);
#258=LINE('',#4304,#567);
#259=LINE('',#4306,#568);
#260=LINE('',#4307,#569);
#261=LINE('',#4340,#570);
#262=LINE('',#4342,#571);
#263=LINE('',#4344,#572);
#264=LINE('',#4346,#573);
#265=LINE('',#4370,#574);
#266=LINE('',#4377,#575);
#267=LINE('',#4379,#576);
#268=LINE('',#4381,#577);
#269=LINE('',#4383,#578);
#270=LINE('',#4390,#579);
#271=LINE('',#4393,#580);
#272=LINE('',#4400,#581);
#273=LINE('',#4410,#582);
#274=LINE('',#4417,#583);
#275=LINE('',#4424,#584);
#276=LINE('',#4426,#585);
#277=LINE('',#4428,#586);
#278=LINE('',#4435,#587);
#279=LINE('',#4447,#588);
#280=LINE('',#4449,#589);
#281=LINE('',#4451,#590);
#282=LINE('',#4452,#591);
#283=LINE('',#4454,#592);
#284=LINE('',#4455,#593);
#285=LINE('',#4488,#594);
#286=LINE('',#4490,#595);
#287=LINE('',#4492,#596);
#288=LINE('',#4494,#597);
#289=LINE('',#4518,#598);
#290=LINE('',#4525,#599);
#291=LINE('',#4527,#600);
#292=LINE('',#4529,#601);
#293=LINE('',#4531,#602);
#294=LINE('',#4538,#603);
#295=LINE('',#4541,#604);
#296=LINE('',#4548,#605);
#297=LINE('',#4558,#606);
#298=LINE('',#4565,#607);
#299=LINE('',#4572,#608);
#300=LINE('',#4574,#609);
#301=LINE('',#4576,#610);
#302=LINE('',#4583,#611);
#303=LINE('',#4595,#612);
#304=LINE('',#4597,#613);
#305=LINE('',#4599,#614);
#306=LINE('',#4600,#615);
#307=LINE('',#4602,#616);
#308=LINE('',#4603,#617);
#309=LINE('',#4636,#618);
#310=LINE('',#4638,#619);
#311=LINE('',#4640,#620);
#312=LINE('',#4642,#621);
#313=LINE('',#4666,#622);
#314=LINE('',#4673,#623);
#315=LINE('',#4675,#624);
#316=LINE('',#4677,#625);
#317=LINE('',#4679,#626);
#318=LINE('',#4686,#627);
#319=LINE('',#4689,#628);
#320=LINE('',#4696,#629);
#321=LINE('',#4706,#630);
#322=LINE('',#4713,#631);
#323=LINE('',#4720,#632);
#324=LINE('',#4722,#633);
#325=LINE('',#4724,#634);
#326=LINE('',#4731,#635);
#327=LINE('',#4743,#636);
#328=LINE('',#4745,#637);
#329=LINE('',#4747,#638);
#330=LINE('',#4748,#639);
#331=LINE('',#4750,#640);
#332=LINE('',#4751,#641);
#333=LINE('',#4784,#642);
#334=LINE('',#4786,#643);
#335=LINE('',#4788,#644);
#336=LINE('',#4790,#645);
#337=LINE('',#4814,#646);
#338=LINE('',#4821,#647);
#339=LINE('',#4823,#648);
#340=LINE('',#4825,#649);
#341=LINE('',#4827,#650);
#342=LINE('',#4834,#651);
#343=LINE('',#4837,#652);
#344=LINE('',#4844,#653);
#345=LINE('',#4854,#654);
#346=LINE('',#4861,#655);
#347=LINE('',#4868,#656);
#348=LINE('',#4870,#657);
#349=LINE('',#4872,#658);
#350=LINE('',#4879,#659);
#351=LINE('',#4891,#660);
#352=LINE('',#4893,#661);
#353=LINE('',#4895,#662);
#354=LINE('',#4896,#663);
#355=LINE('',#4898,#664);
#356=LINE('',#4899,#665);
#357=LINE('',#4932,#666);
#358=LINE('',#4934,#667);
#359=LINE('',#4936,#668);
#360=LINE('',#4938,#669);
#361=LINE('',#4962,#670);
#362=LINE('',#4969,#671);
#363=LINE('',#4971,#672);
#364=LINE('',#4973,#673);
#365=LINE('',#4975,#674);
#366=LINE('',#4982,#675);
#367=LINE('',#4985,#676);
#368=LINE('',#4992,#677);
#369=LINE('',#5002,#678);
#370=LINE('',#5009,#679);
#371=LINE('',#5016,#680);
#372=LINE('',#5018,#681);
#373=LINE('',#5020,#682);
#374=LINE('',#5027,#683);
#375=LINE('',#5039,#684);
#376=LINE('',#5041,#685);
#377=LINE('',#5043,#686);
#378=LINE('',#5044,#687);
#379=LINE('',#5046,#688);
#380=LINE('',#5047,#689);
#381=LINE('',#5080,#690);
#382=LINE('',#5082,#691);
#383=LINE('',#5084,#692);
#384=LINE('',#5086,#693);
#385=LINE('',#5088,#694);
#386=LINE('',#5091,#695);
#387=LINE('',#5093,#696);
#388=LINE('',#5095,#697);
#389=LINE('',#5102,#698);
#390=LINE('',#5109,#699);
#391=LINE('',#5112,#700);
#392=LINE('',#5119,#701);
#393=LINE('',#5138,#702);
#394=LINE('',#5145,#703);
#395=LINE('',#5152,#704);
#396=LINE('',#5154,#705);
#397=LINE('',#5156,#706);
#398=LINE('',#5163,#707);
#399=LINE('',#5179,#708);
#400=LINE('',#5218,#709);
#401=LINE('',#5225,#710);
#402=LINE('',#5233,#711);
#403=LINE('',#5234,#712);
#404=LINE('',#5236,#713);
#405=LINE('',#5237,#714);
#406=LINE('',#5239,#715);
#407=LINE('',#5240,#716);
#408=LINE('',#5242,#717);
#409=LINE('',#5243,#718);
#410=LINE('',#5245,#719);
#411=LINE('',#5246,#720);
#412=LINE('',#5248,#721);
#413=LINE('',#5249,#722);
#414=LINE('',#5251,#723);
#415=LINE('',#5252,#724);
#416=LINE('',#5254,#725);
#417=LINE('',#5255,#726);
#418=LINE('',#5257,#727);
#419=LINE('',#5259,#728);
#420=LINE('',#5261,#729);
#421=LINE('',#5263,#730);
#422=LINE('',#5265,#731);
#423=LINE('',#5267,#732);
#424=LINE('',#5269,#733);
#425=LINE('',#5271,#734);
#426=VECTOR('',#3103,1.);
#427=VECTOR('',#3104,1.);
#428=VECTOR('',#3105,1.);
#429=VECTOR('',#3106,1.);
#430=VECTOR('',#3107,1.);
#431=VECTOR('',#3108,1.);
#432=VECTOR('',#3109,1.);
#433=VECTOR('',#3110,1.);
#434=VECTOR('',#3111,1.);
#435=VECTOR('',#3112,1.);
#436=VECTOR('',#3113,1.);
#437=VECTOR('',#3114,1.);
#438=VECTOR('',#3115,1.);
#439=VECTOR('',#3116,1.);
#440=VECTOR('',#3119,1.);
#441=VECTOR('',#3120,1.);
#442=VECTOR('',#3121,1.);
#443=VECTOR('',#3122,1.);
#444=VECTOR('',#3125,1.);
#445=VECTOR('',#3128,1.);
#446=VECTOR('',#3131,1.);
#447=VECTOR('',#3134,1.);
#448=VECTOR('',#3135,1.);
#449=VECTOR('',#3136,1.);
#450=VECTOR('',#3139,1.);
#451=VECTOR('',#3142,1.);
#452=VECTOR('',#3143,1.);
#453=VECTOR('',#3144,1.);
#454=VECTOR('',#3145,1.);
#455=VECTOR('',#3146,1.);
#456=VECTOR('',#3147,1.);
#457=VECTOR('',#3148,1.);
#458=VECTOR('',#3149,1.);
#459=VECTOR('',#3152,1.);
#460=VECTOR('',#3153,1.);
#461=VECTOR('',#3154,1.);
#462=VECTOR('',#3155,1.);
#463=VECTOR('',#3158,1.);
#464=VECTOR('',#3159,1.);
#465=VECTOR('',#3160,1.);
#466=VECTOR('',#3163,1.);
#467=VECTOR('',#3164,1.);
#468=VECTOR('',#3167,1.);
#469=VECTOR('',#3168,1.);
#470=VECTOR('',#3169,1.);
#471=VECTOR('',#3170,1.);
#472=VECTOR('',#3171,1.);
#473=VECTOR('',#3172,1.);
#474=VECTOR('',#3173,1.);
#475=VECTOR('',#3174,1.);
#476=VECTOR('',#3175,1.);
#477=VECTOR('',#3176,1.);
#478=VECTOR('',#3177,1.);
#479=VECTOR('',#3178,1.);
#480=VECTOR('',#3179,1.);
#481=VECTOR('',#3180,1.);
#482=VECTOR('',#3181,1.);
#483=VECTOR('',#3182,1.);
#484=VECTOR('',#3183,1.);
#485=VECTOR('',#3184,1.);
#486=VECTOR('',#3185,1.);
#487=VECTOR('',#3186,1.);
#488=VECTOR('',#3187,1.);
#489=VECTOR('',#3188,1.);
#490=VECTOR('',#3189,1.);
#491=VECTOR('',#3190,1.);
#492=VECTOR('',#3191,1.);
#493=VECTOR('',#3192,1.);
#494=VECTOR('',#3195,1.);
#495=VECTOR('',#3196,1.);
#496=VECTOR('',#3197,1.);
#497=VECTOR('',#3198,1.);
#498=VECTOR('',#3199,1.);
#499=VECTOR('',#3200,1.);
#500=VECTOR('',#3201,1.);
#501=VECTOR('',#3202,1.);
#502=VECTOR('',#3203,1.);
#503=VECTOR('',#3204,1.);
#504=VECTOR('',#3205,1.);
#505=VECTOR('',#3206,1.);
#506=VECTOR('',#3207,1.);
#507=VECTOR('',#3208,1.);
#508=VECTOR('',#3209,1.);
#509=VECTOR('',#3210,1.);
#510=VECTOR('',#3211,1.);
#511=VECTOR('',#3212,1.);
#512=VECTOR('',#3213,1.);
#513=VECTOR('',#3214,1.);
#514=VECTOR('',#3215,1.);
#515=VECTOR('',#3216,1.);
#516=VECTOR('',#3217,1.);
#517=VECTOR('',#3218,1.);
#518=VECTOR('',#3219,1.);
#519=VECTOR('',#3220,1.);
#520=VECTOR('',#3221,1.);
#521=VECTOR('',#3222,1.);
#522=VECTOR('',#3223,1.);
#523=VECTOR('',#3224,1.);
#524=VECTOR('',#3225,1.);
#525=VECTOR('',#3226,1.);
#526=VECTOR('',#3227,1.);
#527=VECTOR('',#3230,1.);
#528=VECTOR('',#3231,1.);
#529=VECTOR('',#3232,1.);
#530=VECTOR('',#3235,1.);
#531=VECTOR('',#3238,1.);
#532=VECTOR('',#3239,1.);
#533=VECTOR('',#3240,1.);
#534=VECTOR('',#3241,1.);
#535=VECTOR('',#3244,1.);
#536=VECTOR('',#3247,1.);
#537=VECTOR('',#3248,1.);
#538=VECTOR('',#3249,1.);
#539=VECTOR('',#3252,1.);
#540=VECTOR('',#3255,1.);
#541=VECTOR('',#3256,1.);
#542=VECTOR('',#3257,1.);
#543=VECTOR('',#3258,1.);
#544=VECTOR('',#3259,1.);
#545=VECTOR('',#3260,1.);
#546=VECTOR('',#3263,1.);
#547=VECTOR('',#3266,1.);
#548=VECTOR('',#3267,1.);
#549=VECTOR('',#3270,1.);
#550=VECTOR('',#3271,1.);
#551=VECTOR('',#3274,1.);
#552=VECTOR('',#3275,1.);
#553=VECTOR('',#3276,1.);
#554=VECTOR('',#3279,1.);
#555=VECTOR('',#3282,1.);
#556=VECTOR('',#3283,1.);
#557=VECTOR('',#3284,1.);
#558=VECTOR('',#3285,1.);
#559=VECTOR('',#3288,1.);
#560=VECTOR('',#3291,1.);
#561=VECTOR('',#3292,1.);
#562=VECTOR('',#3293,1.);
#563=VECTOR('',#3296,1.);
#564=VECTOR('',#3299,1.);
#565=VECTOR('',#3300,1.);
#566=VECTOR('',#3301,1.);
#567=VECTOR('',#3302,1.);
#568=VECTOR('',#3303,1.);
#569=VECTOR('',#3304,1.);
#570=VECTOR('',#3307,1.);
#571=VECTOR('',#3310,1.);
#572=VECTOR('',#3311,1.);
#573=VECTOR('',#3314,1.);
#574=VECTOR('',#3315,1.);
#575=VECTOR('',#3318,1.);
#576=VECTOR('',#3319,1.);
#577=VECTOR('',#3320,1.);
#578=VECTOR('',#3323,1.);
#579=VECTOR('',#3326,1.);
#580=VECTOR('',#3327,1.);
#581=VECTOR('',#3328,1.);
#582=VECTOR('',#3329,1.);
#583=VECTOR('',#3332,1.);
#584=VECTOR('',#3335,1.);
#585=VECTOR('',#3336,1.);
#586=VECTOR('',#3337,1.);
#587=VECTOR('',#3340,1.);
#588=VECTOR('',#3343,1.);
#589=VECTOR('',#3344,1.);
#590=VECTOR('',#3345,1.);
#591=VECTOR('',#3346,1.);
#592=VECTOR('',#3347,1.);
#593=VECTOR('',#3348,1.);
#594=VECTOR('',#3351,1.);
#595=VECTOR('',#3354,1.);
#596=VECTOR('',#3355,1.);
#597=VECTOR('',#3358,1.);
#598=VECTOR('',#3359,1.);
#599=VECTOR('',#3362,1.);
#600=VECTOR('',#3363,1.);
#601=VECTOR('',#3364,1.);
#602=VECTOR('',#3367,1.);
#603=VECTOR('',#3370,1.);
#604=VECTOR('',#3371,1.);
#605=VECTOR('',#3372,1.);
#606=VECTOR('',#3373,1.);
#607=VECTOR('',#3376,1.);
#608=VECTOR('',#3379,1.);
#609=VECTOR('',#3380,1.);
#610=VECTOR('',#3381,1.);
#611=VECTOR('',#3384,1.);
#612=VECTOR('',#3387,1.);
#613=VECTOR('',#3388,1.);
#614=VECTOR('',#3389,1.);
#615=VECTOR('',#3390,1.);
#616=VECTOR('',#3391,1.);
#617=VECTOR('',#3392,1.);
#618=VECTOR('',#3395,1.);
#619=VECTOR('',#3398,1.);
#620=VECTOR('',#3399,1.);
#621=VECTOR('',#3402,1.);
#622=VECTOR('',#3403,1.);
#623=VECTOR('',#3406,1.);
#624=VECTOR('',#3407,1.);
#625=VECTOR('',#3408,1.);
#626=VECTOR('',#3411,1.);
#627=VECTOR('',#3414,1.);
#628=VECTOR('',#3415,1.);
#629=VECTOR('',#3416,1.);
#630=VECTOR('',#3417,1.);
#631=VECTOR('',#3420,1.);
#632=VECTOR('',#3423,1.);
#633=VECTOR('',#3424,1.);
#634=VECTOR('',#3425,1.);
#635=VECTOR('',#3428,1.);
#636=VECTOR('',#3431,1.);
#637=VECTOR('',#3432,1.);
#638=VECTOR('',#3433,1.);
#639=VECTOR('',#3434,1.);
#640=VECTOR('',#3435,1.);
#641=VECTOR('',#3436,1.);
#642=VECTOR('',#3439,1.);
#643=VECTOR('',#3442,1.);
#644=VECTOR('',#3443,1.);
#645=VECTOR('',#3446,1.);
#646=VECTOR('',#3447,1.);
#647=VECTOR('',#3450,1.);
#648=VECTOR('',#3451,1.);
#649=VECTOR('',#3452,1.);
#650=VECTOR('',#3455,1.);
#651=VECTOR('',#3458,1.);
#652=VECTOR('',#3459,1.);
#653=VECTOR('',#3460,1.);
#654=VECTOR('',#3461,1.);
#655=VECTOR('',#3464,1.);
#656=VECTOR('',#3467,1.);
#657=VECTOR('',#3468,1.);
#658=VECTOR('',#3469,1.);
#659=VECTOR('',#3472,1.);
#660=VECTOR('',#3475,1.);
#661=VECTOR('',#3476,1.);
#662=VECTOR('',#3477,1.);
#663=VECTOR('',#3478,1.);
#664=VECTOR('',#3479,1.);
#665=VECTOR('',#3480,1.);
#666=VECTOR('',#3483,1.);
#667=VECTOR('',#3486,1.);
#668=VECTOR('',#3487,1.);
#669=VECTOR('',#3490,1.);
#670=VECTOR('',#3491,1.);
#671=VECTOR('',#3494,1.);
#672=VECTOR('',#3495,1.);
#673=VECTOR('',#3496,1.);
#674=VECTOR('',#3499,1.);
#675=VECTOR('',#3502,1.);
#676=VECTOR('',#3503,1.);
#677=VECTOR('',#3504,1.);
#678=VECTOR('',#3505,1.);
#679=VECTOR('',#3508,1.);
#680=VECTOR('',#3511,1.);
#681=VECTOR('',#3512,1.);
#682=VECTOR('',#3513,1.);
#683=VECTOR('',#3516,1.);
#684=VECTOR('',#3519,1.);
#685=VECTOR('',#3520,1.);
#686=VECTOR('',#3521,1.);
#687=VECTOR('',#3522,1.);
#688=VECTOR('',#3523,1.);
#689=VECTOR('',#3524,1.);
#690=VECTOR('',#3527,1.);
#691=VECTOR('',#3530,1.);
#692=VECTOR('',#3531,1.);
#693=VECTOR('',#3534,1.);
#694=VECTOR('',#3537,1.);
#695=VECTOR('',#3538,1.);
#696=VECTOR('',#3539,1.);
#697=VECTOR('',#3540,1.);
#698=VECTOR('',#3543,1.);
#699=VECTOR('',#3546,1.);
#700=VECTOR('',#3547,1.);
#701=VECTOR('',#3548,1.);
#702=VECTOR('',#3549,1.);
#703=VECTOR('',#3552,1.);
#704=VECTOR('',#3555,1.);
#705=VECTOR('',#3556,1.);
#706=VECTOR('',#3557,1.);
#707=VECTOR('',#3560,1.);
#708=VECTOR('',#3563,1.);
#709=VECTOR('',#3566,1.);
#710=VECTOR('',#3567,1.);
#711=VECTOR('',#3574,1.);
#712=VECTOR('',#3575,1.);
#713=VECTOR('',#3578,1.);
#714=VECTOR('',#3579,1.);
#715=VECTOR('',#3582,1.);
#716=VECTOR('',#3583,1.);
#717=VECTOR('',#3586,1.);
#718=VECTOR('',#3587,1.);
#719=VECTOR('',#3590,1.);
#720=VECTOR('',#3591,1.);
#721=VECTOR('',#3594,1.);
#722=VECTOR('',#3595,1.);
#723=VECTOR('',#3598,1.);
#724=VECTOR('',#3599,1.);
#725=VECTOR('',#3602,1.);
#726=VECTOR('',#3603,1.);
#727=VECTOR('',#3606,1.);
#728=VECTOR('',#3607,1.);
#729=VECTOR('',#3608,1.);
#730=VECTOR('',#3611,1.);
#731=VECTOR('',#3612,1.);
#732=VECTOR('',#3613,1.);
#733=VECTOR('',#3616,1.);
#734=VECTOR('',#3619,1.);
#735=ORIENTED_EDGE('',*,*,#1641,.F.);
#736=ORIENTED_EDGE('',*,*,#1642,.T.);
#737=ORIENTED_EDGE('',*,*,#1643,.F.);
#738=ORIENTED_EDGE('',*,*,#1644,.F.);
#739=ORIENTED_EDGE('',*,*,#1645,.F.);
#740=ORIENTED_EDGE('',*,*,#1646,.T.);
#741=ORIENTED_EDGE('',*,*,#1647,.F.);
#742=ORIENTED_EDGE('',*,*,#1648,.F.);
#743=ORIENTED_EDGE('',*,*,#1649,.F.);
#744=ORIENTED_EDGE('',*,*,#1650,.T.);
#745=ORIENTED_EDGE('',*,*,#1651,.F.);
#746=ORIENTED_EDGE('',*,*,#1652,.F.);
#747=ORIENTED_EDGE('',*,*,#1653,.F.);
#748=ORIENTED_EDGE('',*,*,#1654,.T.);
#749=ORIENTED_EDGE('',*,*,#1655,.F.);
#750=ORIENTED_EDGE('',*,*,#1656,.F.);
#751=ORIENTED_EDGE('',*,*,#1657,.F.);
#752=ORIENTED_EDGE('',*,*,#1658,.T.);
#753=ORIENTED_EDGE('',*,*,#1659,.F.);
#754=ORIENTED_EDGE('',*,*,#1660,.F.);
#755=ORIENTED_EDGE('',*,*,#1661,.F.);
#756=ORIENTED_EDGE('',*,*,#1662,.T.);
#757=ORIENTED_EDGE('',*,*,#1663,.F.);
#758=ORIENTED_EDGE('',*,*,#1664,.F.);
#759=ORIENTED_EDGE('',*,*,#1665,.F.);
#760=ORIENTED_EDGE('',*,*,#1666,.T.);
#761=ORIENTED_EDGE('',*,*,#1667,.F.);
#762=ORIENTED_EDGE('',*,*,#1668,.F.);
#763=ORIENTED_EDGE('',*,*,#1669,.T.);
#764=ORIENTED_EDGE('',*,*,#1670,.T.);
#765=ORIENTED_EDGE('',*,*,#1671,.F.);
#766=ORIENTED_EDGE('',*,*,#1672,.T.);
#767=ORIENTED_EDGE('',*,*,#1671,.T.);
#768=ORIENTED_EDGE('',*,*,#1673,.T.);
#769=ORIENTED_EDGE('',*,*,#1674,.F.);
#770=ORIENTED_EDGE('',*,*,#1675,.T.);
#771=ORIENTED_EDGE('',*,*,#1674,.T.);
#772=ORIENTED_EDGE('',*,*,#1676,.T.);
#773=ORIENTED_EDGE('',*,*,#1677,.F.);
#774=ORIENTED_EDGE('',*,*,#1678,.T.);
#775=ORIENTED_EDGE('',*,*,#1677,.T.);
#776=ORIENTED_EDGE('',*,*,#1679,.T.);
#777=ORIENTED_EDGE('',*,*,#1680,.F.);
#778=ORIENTED_EDGE('',*,*,#1681,.T.);
#779=ORIENTED_EDGE('',*,*,#1680,.T.);
#780=ORIENTED_EDGE('',*,*,#1682,.T.);
#781=ORIENTED_EDGE('',*,*,#1683,.F.);
#782=ORIENTED_EDGE('',*,*,#1684,.T.);
#783=ORIENTED_EDGE('',*,*,#1683,.T.);
#784=ORIENTED_EDGE('',*,*,#1685,.T.);
#785=ORIENTED_EDGE('',*,*,#1686,.F.);
#786=ORIENTED_EDGE('',*,*,#1687,.T.);
#787=ORIENTED_EDGE('',*,*,#1688,.T.);
#788=ORIENTED_EDGE('',*,*,#1689,.T.);
#789=ORIENTED_EDGE('',*,*,#1690,.T.);
#790=ORIENTED_EDGE('',*,*,#1691,.F.);
#791=ORIENTED_EDGE('',*,*,#1692,.T.);
#792=ORIENTED_EDGE('',*,*,#1693,.T.);
#793=ORIENTED_EDGE('',*,*,#1694,.T.);
#794=ORIENTED_EDGE('',*,*,#1695,.F.);
#795=ORIENTED_EDGE('',*,*,#1696,.F.);
#796=ORIENTED_EDGE('',*,*,#1697,.T.);
#797=ORIENTED_EDGE('',*,*,#1698,.F.);
#798=ORIENTED_EDGE('',*,*,#1699,.T.);
#799=ORIENTED_EDGE('',*,*,#1686,.T.);
#800=ORIENTED_EDGE('',*,*,#1698,.T.);
#801=ORIENTED_EDGE('',*,*,#1700,.T.);
#802=ORIENTED_EDGE('',*,*,#1669,.F.);
#803=ORIENTED_EDGE('',*,*,#1701,.T.);
#804=ORIENTED_EDGE('',*,*,#1672,.F.);
#805=ORIENTED_EDGE('',*,*,#1675,.F.);
#806=ORIENTED_EDGE('',*,*,#1678,.F.);
#807=ORIENTED_EDGE('',*,*,#1681,.F.);
#808=ORIENTED_EDGE('',*,*,#1684,.F.);
#809=ORIENTED_EDGE('',*,*,#1687,.F.);
#810=ORIENTED_EDGE('',*,*,#1699,.F.);
#811=ORIENTED_EDGE('',*,*,#1701,.F.);
#812=ORIENTED_EDGE('',*,*,#1702,.F.);
#813=ORIENTED_EDGE('',*,*,#1688,.F.);
#814=ORIENTED_EDGE('',*,*,#1685,.F.);
#815=ORIENTED_EDGE('',*,*,#1682,.F.);
#816=ORIENTED_EDGE('',*,*,#1679,.F.);
#817=ORIENTED_EDGE('',*,*,#1676,.F.);
#818=ORIENTED_EDGE('',*,*,#1673,.F.);
#819=ORIENTED_EDGE('',*,*,#1670,.F.);
#820=ORIENTED_EDGE('',*,*,#1700,.F.);
#821=ORIENTED_EDGE('',*,*,#1697,.F.);
#822=ORIENTED_EDGE('',*,*,#1703,.T.);
#823=ORIENTED_EDGE('',*,*,#1704,.F.);
#824=ORIENTED_EDGE('',*,*,#1705,.F.);
#825=ORIENTED_EDGE('',*,*,#1692,.F.);
#826=ORIENTED_EDGE('',*,*,#1706,.T.);
#827=ORIENTED_EDGE('',*,*,#1707,.F.);
#828=ORIENTED_EDGE('',*,*,#1708,.T.);
#829=ORIENTED_EDGE('',*,*,#1695,.T.);
#830=ORIENTED_EDGE('',*,*,#1709,.F.);
#831=ORIENTED_EDGE('',*,*,#1710,.T.);
#832=ORIENTED_EDGE('',*,*,#1694,.F.);
#833=ORIENTED_EDGE('',*,*,#1711,.F.);
#834=ORIENTED_EDGE('',*,*,#1712,.F.);
#835=ORIENTED_EDGE('',*,*,#1709,.T.);
#836=ORIENTED_EDGE('',*,*,#1693,.F.);
#837=ORIENTED_EDGE('',*,*,#1705,.T.);
#838=ORIENTED_EDGE('',*,*,#1713,.T.);
#839=ORIENTED_EDGE('',*,*,#1714,.F.);
#840=ORIENTED_EDGE('',*,*,#1715,.F.);
#841=ORIENTED_EDGE('',*,*,#1716,.T.);
#842=ORIENTED_EDGE('',*,*,#1717,.F.);
#843=ORIENTED_EDGE('',*,*,#1718,.T.);
#844=ORIENTED_EDGE('',*,*,#1719,.F.);
#845=ORIENTED_EDGE('',*,*,#1668,.T.);
#846=ORIENTED_EDGE('',*,*,#1720,.F.);
#847=ORIENTED_EDGE('',*,*,#1721,.T.);
#848=ORIENTED_EDGE('',*,*,#1722,.F.);
#849=ORIENTED_EDGE('',*,*,#1664,.T.);
#850=ORIENTED_EDGE('',*,*,#1723,.F.);
#851=ORIENTED_EDGE('',*,*,#1724,.T.);
#852=ORIENTED_EDGE('',*,*,#1725,.F.);
#853=ORIENTED_EDGE('',*,*,#1660,.T.);
#854=ORIENTED_EDGE('',*,*,#1726,.F.);
#855=ORIENTED_EDGE('',*,*,#1727,.T.);
#856=ORIENTED_EDGE('',*,*,#1728,.F.);
#857=ORIENTED_EDGE('',*,*,#1656,.T.);
#858=ORIENTED_EDGE('',*,*,#1729,.F.);
#859=ORIENTED_EDGE('',*,*,#1730,.T.);
#860=ORIENTED_EDGE('',*,*,#1731,.F.);
#861=ORIENTED_EDGE('',*,*,#1652,.T.);
#862=ORIENTED_EDGE('',*,*,#1732,.F.);
#863=ORIENTED_EDGE('',*,*,#1733,.T.);
#864=ORIENTED_EDGE('',*,*,#1734,.F.);
#865=ORIENTED_EDGE('',*,*,#1648,.T.);
#866=ORIENTED_EDGE('',*,*,#1735,.F.);
#867=ORIENTED_EDGE('',*,*,#1736,.T.);
#868=ORIENTED_EDGE('',*,*,#1737,.F.);
#869=ORIENTED_EDGE('',*,*,#1644,.T.);
#870=ORIENTED_EDGE('',*,*,#1738,.F.);
#871=ORIENTED_EDGE('',*,*,#1711,.T.);
#872=ORIENTED_EDGE('',*,*,#1703,.F.);
#873=ORIENTED_EDGE('',*,*,#1696,.T.);
#874=ORIENTED_EDGE('',*,*,#1708,.F.);
#875=ORIENTED_EDGE('',*,*,#1739,.T.);
#876=ORIENTED_EDGE('',*,*,#1740,.F.);
#877=ORIENTED_EDGE('',*,*,#1741,.T.);
#878=ORIENTED_EDGE('',*,*,#1742,.F.);
#879=ORIENTED_EDGE('',*,*,#1743,.T.);
#880=ORIENTED_EDGE('',*,*,#1744,.F.);
#881=ORIENTED_EDGE('',*,*,#1745,.T.);
#882=ORIENTED_EDGE('',*,*,#1746,.F.);
#883=ORIENTED_EDGE('',*,*,#1747,.T.);
#884=ORIENTED_EDGE('',*,*,#1748,.F.);
#885=ORIENTED_EDGE('',*,*,#1749,.T.);
#886=ORIENTED_EDGE('',*,*,#1750,.F.);
#887=ORIENTED_EDGE('',*,*,#1751,.T.);
#888=ORIENTED_EDGE('',*,*,#1752,.F.);
#889=ORIENTED_EDGE('',*,*,#1753,.T.);
#890=ORIENTED_EDGE('',*,*,#1754,.F.);
#891=ORIENTED_EDGE('',*,*,#1755,.T.);
#892=ORIENTED_EDGE('',*,*,#1756,.F.);
#893=ORIENTED_EDGE('',*,*,#1757,.T.);
#894=ORIENTED_EDGE('',*,*,#1758,.F.);
#895=ORIENTED_EDGE('',*,*,#1759,.T.);
#896=ORIENTED_EDGE('',*,*,#1760,.F.);
#897=ORIENTED_EDGE('',*,*,#1761,.T.);
#898=ORIENTED_EDGE('',*,*,#1762,.F.);
#899=ORIENTED_EDGE('',*,*,#1763,.T.);
#900=ORIENTED_EDGE('',*,*,#1764,.F.);
#901=ORIENTED_EDGE('',*,*,#1765,.T.);
#902=ORIENTED_EDGE('',*,*,#1766,.F.);
#903=ORIENTED_EDGE('',*,*,#1767,.T.);
#904=ORIENTED_EDGE('',*,*,#1768,.F.);
#905=ORIENTED_EDGE('',*,*,#1769,.F.);
#906=ORIENTED_EDGE('',*,*,#1714,.T.);
#907=ORIENTED_EDGE('',*,*,#1770,.T.);
#908=ORIENTED_EDGE('',*,*,#1771,.F.);
#909=ORIENTED_EDGE('',*,*,#1740,.T.);
#910=ORIENTED_EDGE('',*,*,#1772,.F.);
#911=ORIENTED_EDGE('',*,*,#1773,.F.);
#912=ORIENTED_EDGE('',*,*,#1774,.F.);
#913=ORIENTED_EDGE('',*,*,#1775,.F.);
#914=ORIENTED_EDGE('',*,*,#1776,.T.);
#915=ORIENTED_EDGE('',*,*,#1774,.T.);
#916=ORIENTED_EDGE('',*,*,#1777,.F.);
#917=ORIENTED_EDGE('',*,*,#1778,.T.);
#918=ORIENTED_EDGE('',*,*,#1777,.T.);
#919=ORIENTED_EDGE('',*,*,#1773,.T.);
#920=ORIENTED_EDGE('',*,*,#1779,.F.);
#921=ORIENTED_EDGE('',*,*,#1780,.T.);
#922=ORIENTED_EDGE('',*,*,#1781,.T.);
#923=ORIENTED_EDGE('',*,*,#1782,.T.);
#924=ORIENTED_EDGE('',*,*,#1783,.T.);
#925=ORIENTED_EDGE('',*,*,#1784,.F.);
#926=ORIENTED_EDGE('',*,*,#1785,.T.);
#927=ORIENTED_EDGE('',*,*,#1779,.T.);
#928=ORIENTED_EDGE('',*,*,#1772,.T.);
#929=ORIENTED_EDGE('',*,*,#1739,.F.);
#930=ORIENTED_EDGE('',*,*,#1710,.F.);
#931=ORIENTED_EDGE('',*,*,#1712,.T.);
#932=ORIENTED_EDGE('',*,*,#1738,.T.);
#933=ORIENTED_EDGE('',*,*,#1643,.T.);
#934=ORIENTED_EDGE('',*,*,#1786,.F.);
#935=ORIENTED_EDGE('',*,*,#1784,.T.);
#936=ORIENTED_EDGE('',*,*,#1787,.T.);
#937=ORIENTED_EDGE('',*,*,#1788,.F.);
#938=ORIENTED_EDGE('',*,*,#1789,.T.);
#939=ORIENTED_EDGE('',*,*,#1788,.T.);
#940=ORIENTED_EDGE('',*,*,#1790,.T.);
#941=ORIENTED_EDGE('',*,*,#1791,.F.);
#942=ORIENTED_EDGE('',*,*,#1792,.T.);
#943=ORIENTED_EDGE('',*,*,#1791,.T.);
#944=ORIENTED_EDGE('',*,*,#1793,.T.);
#945=ORIENTED_EDGE('',*,*,#1794,.F.);
#946=ORIENTED_EDGE('',*,*,#1795,.T.);
#947=ORIENTED_EDGE('',*,*,#1796,.T.);
#948=ORIENTED_EDGE('',*,*,#1797,.T.);
#949=ORIENTED_EDGE('',*,*,#1798,.T.);
#950=ORIENTED_EDGE('',*,*,#1799,.F.);
#951=ORIENTED_EDGE('',*,*,#1641,.T.);
#952=ORIENTED_EDGE('',*,*,#1737,.T.);
#953=ORIENTED_EDGE('',*,*,#1800,.T.);
#954=ORIENTED_EDGE('',*,*,#1801,.F.);
#955=ORIENTED_EDGE('',*,*,#1741,.F.);
#956=ORIENTED_EDGE('',*,*,#1771,.T.);
#957=ORIENTED_EDGE('',*,*,#1802,.F.);
#958=ORIENTED_EDGE('',*,*,#1803,.T.);
#959=ORIENTED_EDGE('',*,*,#1794,.T.);
#960=ORIENTED_EDGE('',*,*,#1802,.T.);
#961=ORIENTED_EDGE('',*,*,#1775,.T.);
#962=ORIENTED_EDGE('',*,*,#1776,.F.);
#963=ORIENTED_EDGE('',*,*,#1804,.T.);
#964=ORIENTED_EDGE('',*,*,#1778,.F.);
#965=ORIENTED_EDGE('',*,*,#1780,.F.);
#966=ORIENTED_EDGE('',*,*,#1785,.F.);
#967=ORIENTED_EDGE('',*,*,#1789,.F.);
#968=ORIENTED_EDGE('',*,*,#1792,.F.);
#969=ORIENTED_EDGE('',*,*,#1795,.F.);
#970=ORIENTED_EDGE('',*,*,#1803,.F.);
#971=ORIENTED_EDGE('',*,*,#1804,.F.);
#972=ORIENTED_EDGE('',*,*,#1805,.F.);
#973=ORIENTED_EDGE('',*,*,#1796,.F.);
#974=ORIENTED_EDGE('',*,*,#1793,.F.);
#975=ORIENTED_EDGE('',*,*,#1790,.F.);
#976=ORIENTED_EDGE('',*,*,#1787,.F.);
#977=ORIENTED_EDGE('',*,*,#1783,.F.);
#978=ORIENTED_EDGE('',*,*,#1742,.T.);
#979=ORIENTED_EDGE('',*,*,#1801,.T.);
#980=ORIENTED_EDGE('',*,*,#1806,.F.);
#981=ORIENTED_EDGE('',*,*,#1807,.T.);
#982=ORIENTED_EDGE('',*,*,#1800,.F.);
#983=ORIENTED_EDGE('',*,*,#1736,.F.);
#984=ORIENTED_EDGE('',*,*,#1808,.F.);
#985=ORIENTED_EDGE('',*,*,#1806,.T.);
#986=ORIENTED_EDGE('',*,*,#1809,.F.);
#987=ORIENTED_EDGE('',*,*,#1744,.T.);
#988=ORIENTED_EDGE('',*,*,#1810,.F.);
#989=ORIENTED_EDGE('',*,*,#1811,.F.);
#990=ORIENTED_EDGE('',*,*,#1812,.F.);
#991=ORIENTED_EDGE('',*,*,#1813,.F.);
#992=ORIENTED_EDGE('',*,*,#1814,.T.);
#993=ORIENTED_EDGE('',*,*,#1812,.T.);
#994=ORIENTED_EDGE('',*,*,#1815,.F.);
#995=ORIENTED_EDGE('',*,*,#1816,.T.);
#996=ORIENTED_EDGE('',*,*,#1815,.T.);
#997=ORIENTED_EDGE('',*,*,#1811,.T.);
#998=ORIENTED_EDGE('',*,*,#1817,.F.);
#999=ORIENTED_EDGE('',*,*,#1818,.T.);
#1000=ORIENTED_EDGE('',*,*,#1819,.T.);
#1001=ORIENTED_EDGE('',*,*,#1820,.T.);
#1002=ORIENTED_EDGE('',*,*,#1821,.T.);
#1003=ORIENTED_EDGE('',*,*,#1822,.F.);
#1004=ORIENTED_EDGE('',*,*,#1823,.T.);
#1005=ORIENTED_EDGE('',*,*,#1817,.T.);
#1006=ORIENTED_EDGE('',*,*,#1810,.T.);
#1007=ORIENTED_EDGE('',*,*,#1743,.F.);
#1008=ORIENTED_EDGE('',*,*,#1807,.F.);
#1009=ORIENTED_EDGE('',*,*,#1808,.T.);
#1010=ORIENTED_EDGE('',*,*,#1735,.T.);
#1011=ORIENTED_EDGE('',*,*,#1647,.T.);
#1012=ORIENTED_EDGE('',*,*,#1824,.F.);
#1013=ORIENTED_EDGE('',*,*,#1822,.T.);
#1014=ORIENTED_EDGE('',*,*,#1825,.T.);
#1015=ORIENTED_EDGE('',*,*,#1826,.F.);
#1016=ORIENTED_EDGE('',*,*,#1827,.T.);
#1017=ORIENTED_EDGE('',*,*,#1826,.T.);
#1018=ORIENTED_EDGE('',*,*,#1828,.T.);
#1019=ORIENTED_EDGE('',*,*,#1829,.F.);
#1020=ORIENTED_EDGE('',*,*,#1830,.T.);
#1021=ORIENTED_EDGE('',*,*,#1829,.T.);
#1022=ORIENTED_EDGE('',*,*,#1831,.T.);
#1023=ORIENTED_EDGE('',*,*,#1832,.F.);
#1024=ORIENTED_EDGE('',*,*,#1833,.T.);
#1025=ORIENTED_EDGE('',*,*,#1834,.T.);
#1026=ORIENTED_EDGE('',*,*,#1835,.T.);
#1027=ORIENTED_EDGE('',*,*,#1836,.T.);
#1028=ORIENTED_EDGE('',*,*,#1837,.F.);
#1029=ORIENTED_EDGE('',*,*,#1645,.T.);
#1030=ORIENTED_EDGE('',*,*,#1734,.T.);
#1031=ORIENTED_EDGE('',*,*,#1838,.T.);
#1032=ORIENTED_EDGE('',*,*,#1839,.F.);
#1033=ORIENTED_EDGE('',*,*,#1745,.F.);
#1034=ORIENTED_EDGE('',*,*,#1809,.T.);
#1035=ORIENTED_EDGE('',*,*,#1840,.F.);
#1036=ORIENTED_EDGE('',*,*,#1841,.T.);
#1037=ORIENTED_EDGE('',*,*,#1832,.T.);
#1038=ORIENTED_EDGE('',*,*,#1840,.T.);
#1039=ORIENTED_EDGE('',*,*,#1813,.T.);
#1040=ORIENTED_EDGE('',*,*,#1814,.F.);
#1041=ORIENTED_EDGE('',*,*,#1842,.T.);
#1042=ORIENTED_EDGE('',*,*,#1816,.F.);
#1043=ORIENTED_EDGE('',*,*,#1818,.F.);
#1044=ORIENTED_EDGE('',*,*,#1823,.F.);
#1045=ORIENTED_EDGE('',*,*,#1827,.F.);
#1046=ORIENTED_EDGE('',*,*,#1830,.F.);
#1047=ORIENTED_EDGE('',*,*,#1833,.F.);
#1048=ORIENTED_EDGE('',*,*,#1841,.F.);
#1049=ORIENTED_EDGE('',*,*,#1842,.F.);
#1050=ORIENTED_EDGE('',*,*,#1843,.F.);
#1051=ORIENTED_EDGE('',*,*,#1834,.F.);
#1052=ORIENTED_EDGE('',*,*,#1831,.F.);
#1053=ORIENTED_EDGE('',*,*,#1828,.F.);
#1054=ORIENTED_EDGE('',*,*,#1825,.F.);
#1055=ORIENTED_EDGE('',*,*,#1821,.F.);
#1056=ORIENTED_EDGE('',*,*,#1746,.T.);
#1057=ORIENTED_EDGE('',*,*,#1839,.T.);
#1058=ORIENTED_EDGE('',*,*,#1844,.F.);
#1059=ORIENTED_EDGE('',*,*,#1845,.T.);
#1060=ORIENTED_EDGE('',*,*,#1838,.F.);
#1061=ORIENTED_EDGE('',*,*,#1733,.F.);
#1062=ORIENTED_EDGE('',*,*,#1846,.F.);
#1063=ORIENTED_EDGE('',*,*,#1844,.T.);
#1064=ORIENTED_EDGE('',*,*,#1847,.F.);
#1065=ORIENTED_EDGE('',*,*,#1748,.T.);
#1066=ORIENTED_EDGE('',*,*,#1848,.F.);
#1067=ORIENTED_EDGE('',*,*,#1849,.F.);
#1068=ORIENTED_EDGE('',*,*,#1850,.F.);
#1069=ORIENTED_EDGE('',*,*,#1851,.F.);
#1070=ORIENTED_EDGE('',*,*,#1852,.T.);
#1071=ORIENTED_EDGE('',*,*,#1850,.T.);
#1072=ORIENTED_EDGE('',*,*,#1853,.F.);
#1073=ORIENTED_EDGE('',*,*,#1854,.T.);
#1074=ORIENTED_EDGE('',*,*,#1853,.T.);
#1075=ORIENTED_EDGE('',*,*,#1849,.T.);
#1076=ORIENTED_EDGE('',*,*,#1855,.F.);
#1077=ORIENTED_EDGE('',*,*,#1856,.T.);
#1078=ORIENTED_EDGE('',*,*,#1857,.T.);
#1079=ORIENTED_EDGE('',*,*,#1858,.T.);
#1080=ORIENTED_EDGE('',*,*,#1859,.T.);
#1081=ORIENTED_EDGE('',*,*,#1860,.F.);
#1082=ORIENTED_EDGE('',*,*,#1861,.T.);
#1083=ORIENTED_EDGE('',*,*,#1855,.T.);
#1084=ORIENTED_EDGE('',*,*,#1848,.T.);
#1085=ORIENTED_EDGE('',*,*,#1747,.F.);
#1086=ORIENTED_EDGE('',*,*,#1845,.F.);
#1087=ORIENTED_EDGE('',*,*,#1846,.T.);
#1088=ORIENTED_EDGE('',*,*,#1732,.T.);
#1089=ORIENTED_EDGE('',*,*,#1651,.T.);
#1090=ORIENTED_EDGE('',*,*,#1862,.F.);
#1091=ORIENTED_EDGE('',*,*,#1860,.T.);
#1092=ORIENTED_EDGE('',*,*,#1863,.T.);
#1093=ORIENTED_EDGE('',*,*,#1864,.F.);
#1094=ORIENTED_EDGE('',*,*,#1865,.T.);
#1095=ORIENTED_EDGE('',*,*,#1864,.T.);
#1096=ORIENTED_EDGE('',*,*,#1866,.T.);
#1097=ORIENTED_EDGE('',*,*,#1867,.F.);
#1098=ORIENTED_EDGE('',*,*,#1868,.T.);
#1099=ORIENTED_EDGE('',*,*,#1867,.T.);
#1100=ORIENTED_EDGE('',*,*,#1869,.T.);
#1101=ORIENTED_EDGE('',*,*,#1870,.F.);
#1102=ORIENTED_EDGE('',*,*,#1871,.T.);
#1103=ORIENTED_EDGE('',*,*,#1872,.T.);
#1104=ORIENTED_EDGE('',*,*,#1873,.T.);
#1105=ORIENTED_EDGE('',*,*,#1874,.T.);
#1106=ORIENTED_EDGE('',*,*,#1875,.F.);
#1107=ORIENTED_EDGE('',*,*,#1649,.T.);
#1108=ORIENTED_EDGE('',*,*,#1731,.T.);
#1109=ORIENTED_EDGE('',*,*,#1876,.T.);
#1110=ORIENTED_EDGE('',*,*,#1877,.F.);
#1111=ORIENTED_EDGE('',*,*,#1749,.F.);
#1112=ORIENTED_EDGE('',*,*,#1847,.T.);
#1113=ORIENTED_EDGE('',*,*,#1878,.F.);
#1114=ORIENTED_EDGE('',*,*,#1879,.T.);
#1115=ORIENTED_EDGE('',*,*,#1870,.T.);
#1116=ORIENTED_EDGE('',*,*,#1878,.T.);
#1117=ORIENTED_EDGE('',*,*,#1851,.T.);
#1118=ORIENTED_EDGE('',*,*,#1852,.F.);
#1119=ORIENTED_EDGE('',*,*,#1880,.T.);
#1120=ORIENTED_EDGE('',*,*,#1854,.F.);
#1121=ORIENTED_EDGE('',*,*,#1856,.F.);
#1122=ORIENTED_EDGE('',*,*,#1861,.F.);
#1123=ORIENTED_EDGE('',*,*,#1865,.F.);
#1124=ORIENTED_EDGE('',*,*,#1868,.F.);
#1125=ORIENTED_EDGE('',*,*,#1871,.F.);
#1126=ORIENTED_EDGE('',*,*,#1879,.F.);
#1127=ORIENTED_EDGE('',*,*,#1880,.F.);
#1128=ORIENTED_EDGE('',*,*,#1881,.F.);
#1129=ORIENTED_EDGE('',*,*,#1872,.F.);
#1130=ORIENTED_EDGE('',*,*,#1869,.F.);
#1131=ORIENTED_EDGE('',*,*,#1866,.F.);
#1132=ORIENTED_EDGE('',*,*,#1863,.F.);
#1133=ORIENTED_EDGE('',*,*,#1859,.F.);
#1134=ORIENTED_EDGE('',*,*,#1750,.T.);
#1135=ORIENTED_EDGE('',*,*,#1877,.T.);
#1136=ORIENTED_EDGE('',*,*,#1882,.F.);
#1137=ORIENTED_EDGE('',*,*,#1883,.T.);
#1138=ORIENTED_EDGE('',*,*,#1876,.F.);
#1139=ORIENTED_EDGE('',*,*,#1730,.F.);
#1140=ORIENTED_EDGE('',*,*,#1884,.F.);
#1141=ORIENTED_EDGE('',*,*,#1882,.T.);
#1142=ORIENTED_EDGE('',*,*,#1885,.F.);
#1143=ORIENTED_EDGE('',*,*,#1752,.T.);
#1144=ORIENTED_EDGE('',*,*,#1886,.F.);
#1145=ORIENTED_EDGE('',*,*,#1887,.F.);
#1146=ORIENTED_EDGE('',*,*,#1888,.F.);
#1147=ORIENTED_EDGE('',*,*,#1889,.F.);
#1148=ORIENTED_EDGE('',*,*,#1890,.T.);
#1149=ORIENTED_EDGE('',*,*,#1888,.T.);
#1150=ORIENTED_EDGE('',*,*,#1891,.F.);
#1151=ORIENTED_EDGE('',*,*,#1892,.T.);
#1152=ORIENTED_EDGE('',*,*,#1891,.T.);
#1153=ORIENTED_EDGE('',*,*,#1887,.T.);
#1154=ORIENTED_EDGE('',*,*,#1893,.F.);
#1155=ORIENTED_EDGE('',*,*,#1894,.T.);
#1156=ORIENTED_EDGE('',*,*,#1895,.T.);
#1157=ORIENTED_EDGE('',*,*,#1896,.T.);
#1158=ORIENTED_EDGE('',*,*,#1897,.T.);
#1159=ORIENTED_EDGE('',*,*,#1898,.F.);
#1160=ORIENTED_EDGE('',*,*,#1899,.T.);
#1161=ORIENTED_EDGE('',*,*,#1893,.T.);
#1162=ORIENTED_EDGE('',*,*,#1886,.T.);
#1163=ORIENTED_EDGE('',*,*,#1751,.F.);
#1164=ORIENTED_EDGE('',*,*,#1883,.F.);
#1165=ORIENTED_EDGE('',*,*,#1884,.T.);
#1166=ORIENTED_EDGE('',*,*,#1729,.T.);
#1167=ORIENTED_EDGE('',*,*,#1655,.T.);
#1168=ORIENTED_EDGE('',*,*,#1900,.F.);
#1169=ORIENTED_EDGE('',*,*,#1898,.T.);
#1170=ORIENTED_EDGE('',*,*,#1901,.T.);
#1171=ORIENTED_EDGE('',*,*,#1902,.F.);
#1172=ORIENTED_EDGE('',*,*,#1903,.T.);
#1173=ORIENTED_EDGE('',*,*,#1902,.T.);
#1174=ORIENTED_EDGE('',*,*,#1904,.T.);
#1175=ORIENTED_EDGE('',*,*,#1905,.F.);
#1176=ORIENTED_EDGE('',*,*,#1906,.T.);
#1177=ORIENTED_EDGE('',*,*,#1905,.T.);
#1178=ORIENTED_EDGE('',*,*,#1907,.T.);
#1179=ORIENTED_EDGE('',*,*,#1908,.F.);
#1180=ORIENTED_EDGE('',*,*,#1909,.T.);
#1181=ORIENTED_EDGE('',*,*,#1910,.T.);
#1182=ORIENTED_EDGE('',*,*,#1911,.T.);
#1183=ORIENTED_EDGE('',*,*,#1912,.T.);
#1184=ORIENTED_EDGE('',*,*,#1913,.F.);
#1185=ORIENTED_EDGE('',*,*,#1653,.T.);
#1186=ORIENTED_EDGE('',*,*,#1728,.T.);
#1187=ORIENTED_EDGE('',*,*,#1914,.T.);
#1188=ORIENTED_EDGE('',*,*,#1915,.F.);
#1189=ORIENTED_EDGE('',*,*,#1753,.F.);
#1190=ORIENTED_EDGE('',*,*,#1885,.T.);
#1191=ORIENTED_EDGE('',*,*,#1916,.F.);
#1192=ORIENTED_EDGE('',*,*,#1917,.T.);
#1193=ORIENTED_EDGE('',*,*,#1908,.T.);
#1194=ORIENTED_EDGE('',*,*,#1916,.T.);
#1195=ORIENTED_EDGE('',*,*,#1889,.T.);
#1196=ORIENTED_EDGE('',*,*,#1890,.F.);
#1197=ORIENTED_EDGE('',*,*,#1918,.T.);
#1198=ORIENTED_EDGE('',*,*,#1892,.F.);
#1199=ORIENTED_EDGE('',*,*,#1894,.F.);
#1200=ORIENTED_EDGE('',*,*,#1899,.F.);
#1201=ORIENTED_EDGE('',*,*,#1903,.F.);
#1202=ORIENTED_EDGE('',*,*,#1906,.F.);
#1203=ORIENTED_EDGE('',*,*,#1909,.F.);
#1204=ORIENTED_EDGE('',*,*,#1917,.F.);
#1205=ORIENTED_EDGE('',*,*,#1918,.F.);
#1206=ORIENTED_EDGE('',*,*,#1919,.F.);
#1207=ORIENTED_EDGE('',*,*,#1910,.F.);
#1208=ORIENTED_EDGE('',*,*,#1907,.F.);
#1209=ORIENTED_EDGE('',*,*,#1904,.F.);
#1210=ORIENTED_EDGE('',*,*,#1901,.F.);
#1211=ORIENTED_EDGE('',*,*,#1897,.F.);
#1212=ORIENTED_EDGE('',*,*,#1754,.T.);
#1213=ORIENTED_EDGE('',*,*,#1915,.T.);
#1214=ORIENTED_EDGE('',*,*,#1920,.F.);
#1215=ORIENTED_EDGE('',*,*,#1921,.T.);
#1216=ORIENTED_EDGE('',*,*,#1914,.F.);
#1217=ORIENTED_EDGE('',*,*,#1727,.F.);
#1218=ORIENTED_EDGE('',*,*,#1922,.F.);
#1219=ORIENTED_EDGE('',*,*,#1920,.T.);
#1220=ORIENTED_EDGE('',*,*,#1923,.F.);
#1221=ORIENTED_EDGE('',*,*,#1756,.T.);
#1222=ORIENTED_EDGE('',*,*,#1924,.F.);
#1223=ORIENTED_EDGE('',*,*,#1925,.F.);
#1224=ORIENTED_EDGE('',*,*,#1926,.F.);
#1225=ORIENTED_EDGE('',*,*,#1927,.F.);
#1226=ORIENTED_EDGE('',*,*,#1928,.T.);
#1227=ORIENTED_EDGE('',*,*,#1926,.T.);
#1228=ORIENTED_EDGE('',*,*,#1929,.F.);
#1229=ORIENTED_EDGE('',*,*,#1930,.T.);
#1230=ORIENTED_EDGE('',*,*,#1929,.T.);
#1231=ORIENTED_EDGE('',*,*,#1925,.T.);
#1232=ORIENTED_EDGE('',*,*,#1931,.F.);
#1233=ORIENTED_EDGE('',*,*,#1932,.T.);
#1234=ORIENTED_EDGE('',*,*,#1933,.T.);
#1235=ORIENTED_EDGE('',*,*,#1934,.T.);
#1236=ORIENTED_EDGE('',*,*,#1935,.T.);
#1237=ORIENTED_EDGE('',*,*,#1936,.F.);
#1238=ORIENTED_EDGE('',*,*,#1937,.T.);
#1239=ORIENTED_EDGE('',*,*,#1931,.T.);
#1240=ORIENTED_EDGE('',*,*,#1924,.T.);
#1241=ORIENTED_EDGE('',*,*,#1755,.F.);
#1242=ORIENTED_EDGE('',*,*,#1921,.F.);
#1243=ORIENTED_EDGE('',*,*,#1922,.T.);
#1244=ORIENTED_EDGE('',*,*,#1726,.T.);
#1245=ORIENTED_EDGE('',*,*,#1659,.T.);
#1246=ORIENTED_EDGE('',*,*,#1938,.F.);
#1247=ORIENTED_EDGE('',*,*,#1936,.T.);
#1248=ORIENTED_EDGE('',*,*,#1939,.T.);
#1249=ORIENTED_EDGE('',*,*,#1940,.F.);
#1250=ORIENTED_EDGE('',*,*,#1941,.T.);
#1251=ORIENTED_EDGE('',*,*,#1940,.T.);
#1252=ORIENTED_EDGE('',*,*,#1942,.T.);
#1253=ORIENTED_EDGE('',*,*,#1943,.F.);
#1254=ORIENTED_EDGE('',*,*,#1944,.T.);
#1255=ORIENTED_EDGE('',*,*,#1943,.T.);
#1256=ORIENTED_EDGE('',*,*,#1945,.T.);
#1257=ORIENTED_EDGE('',*,*,#1946,.F.);
#1258=ORIENTED_EDGE('',*,*,#1947,.T.);
#1259=ORIENTED_EDGE('',*,*,#1948,.T.);
#1260=ORIENTED_EDGE('',*,*,#1949,.T.);
#1261=ORIENTED_EDGE('',*,*,#1950,.T.);
#1262=ORIENTED_EDGE('',*,*,#1951,.F.);
#1263=ORIENTED_EDGE('',*,*,#1657,.T.);
#1264=ORIENTED_EDGE('',*,*,#1725,.T.);
#1265=ORIENTED_EDGE('',*,*,#1952,.T.);
#1266=ORIENTED_EDGE('',*,*,#1953,.F.);
#1267=ORIENTED_EDGE('',*,*,#1757,.F.);
#1268=ORIENTED_EDGE('',*,*,#1923,.T.);
#1269=ORIENTED_EDGE('',*,*,#1954,.F.);
#1270=ORIENTED_EDGE('',*,*,#1955,.T.);
#1271=ORIENTED_EDGE('',*,*,#1946,.T.);
#1272=ORIENTED_EDGE('',*,*,#1954,.T.);
#1273=ORIENTED_EDGE('',*,*,#1927,.T.);
#1274=ORIENTED_EDGE('',*,*,#1928,.F.);
#1275=ORIENTED_EDGE('',*,*,#1956,.T.);
#1276=ORIENTED_EDGE('',*,*,#1930,.F.);
#1277=ORIENTED_EDGE('',*,*,#1932,.F.);
#1278=ORIENTED_EDGE('',*,*,#1937,.F.);
#1279=ORIENTED_EDGE('',*,*,#1941,.F.);
#1280=ORIENTED_EDGE('',*,*,#1944,.F.);
#1281=ORIENTED_EDGE('',*,*,#1947,.F.);
#1282=ORIENTED_EDGE('',*,*,#1955,.F.);
#1283=ORIENTED_EDGE('',*,*,#1956,.F.);
#1284=ORIENTED_EDGE('',*,*,#1957,.F.);
#1285=ORIENTED_EDGE('',*,*,#1948,.F.);
#1286=ORIENTED_EDGE('',*,*,#1945,.F.);
#1287=ORIENTED_EDGE('',*,*,#1942,.F.);
#1288=ORIENTED_EDGE('',*,*,#1939,.F.);
#1289=ORIENTED_EDGE('',*,*,#1935,.F.);
#1290=ORIENTED_EDGE('',*,*,#1758,.T.);
#1291=ORIENTED_EDGE('',*,*,#1953,.T.);
#1292=ORIENTED_EDGE('',*,*,#1958,.F.);
#1293=ORIENTED_EDGE('',*,*,#1959,.T.);
#1294=ORIENTED_EDGE('',*,*,#1952,.F.);
#1295=ORIENTED_EDGE('',*,*,#1724,.F.);
#1296=ORIENTED_EDGE('',*,*,#1960,.F.);
#1297=ORIENTED_EDGE('',*,*,#1958,.T.);
#1298=ORIENTED_EDGE('',*,*,#1961,.F.);
#1299=ORIENTED_EDGE('',*,*,#1760,.T.);
#1300=ORIENTED_EDGE('',*,*,#1962,.F.);
#1301=ORIENTED_EDGE('',*,*,#1963,.F.);
#1302=ORIENTED_EDGE('',*,*,#1964,.F.);
#1303=ORIENTED_EDGE('',*,*,#1965,.F.);
#1304=ORIENTED_EDGE('',*,*,#1966,.T.);
#1305=ORIENTED_EDGE('',*,*,#1964,.T.);
#1306=ORIENTED_EDGE('',*,*,#1967,.F.);
#1307=ORIENTED_EDGE('',*,*,#1968,.T.);
#1308=ORIENTED_EDGE('',*,*,#1967,.T.);
#1309=ORIENTED_EDGE('',*,*,#1963,.T.);
#1310=ORIENTED_EDGE('',*,*,#1969,.F.);
#1311=ORIENTED_EDGE('',*,*,#1970,.T.);
#1312=ORIENTED_EDGE('',*,*,#1971,.T.);
#1313=ORIENTED_EDGE('',*,*,#1972,.T.);
#1314=ORIENTED_EDGE('',*,*,#1973,.T.);
#1315=ORIENTED_EDGE('',*,*,#1974,.F.);
#1316=ORIENTED_EDGE('',*,*,#1975,.T.);
#1317=ORIENTED_EDGE('',*,*,#1969,.T.);
#1318=ORIENTED_EDGE('',*,*,#1962,.T.);
#1319=ORIENTED_EDGE('',*,*,#1759,.F.);
#1320=ORIENTED_EDGE('',*,*,#1959,.F.);
#1321=ORIENTED_EDGE('',*,*,#1960,.T.);
#1322=ORIENTED_EDGE('',*,*,#1723,.T.);
#1323=ORIENTED_EDGE('',*,*,#1663,.T.);
#1324=ORIENTED_EDGE('',*,*,#1976,.F.);
#1325=ORIENTED_EDGE('',*,*,#1974,.T.);
#1326=ORIENTED_EDGE('',*,*,#1977,.T.);
#1327=ORIENTED_EDGE('',*,*,#1978,.F.);
#1328=ORIENTED_EDGE('',*,*,#1979,.T.);
#1329=ORIENTED_EDGE('',*,*,#1978,.T.);
#1330=ORIENTED_EDGE('',*,*,#1980,.T.);
#1331=ORIENTED_EDGE('',*,*,#1981,.F.);
#1332=ORIENTED_EDGE('',*,*,#1982,.T.);
#1333=ORIENTED_EDGE('',*,*,#1981,.T.);
#1334=ORIENTED_EDGE('',*,*,#1983,.T.);
#1335=ORIENTED_EDGE('',*,*,#1984,.F.);
#1336=ORIENTED_EDGE('',*,*,#1985,.T.);
#1337=ORIENTED_EDGE('',*,*,#1986,.T.);
#1338=ORIENTED_EDGE('',*,*,#1987,.T.);
#1339=ORIENTED_EDGE('',*,*,#1988,.T.);
#1340=ORIENTED_EDGE('',*,*,#1989,.F.);
#1341=ORIENTED_EDGE('',*,*,#1661,.T.);
#1342=ORIENTED_EDGE('',*,*,#1722,.T.);
#1343=ORIENTED_EDGE('',*,*,#1990,.T.);
#1344=ORIENTED_EDGE('',*,*,#1991,.F.);
#1345=ORIENTED_EDGE('',*,*,#1761,.F.);
#1346=ORIENTED_EDGE('',*,*,#1961,.T.);
#1347=ORIENTED_EDGE('',*,*,#1992,.F.);
#1348=ORIENTED_EDGE('',*,*,#1993,.T.);
#1349=ORIENTED_EDGE('',*,*,#1984,.T.);
#1350=ORIENTED_EDGE('',*,*,#1992,.T.);
#1351=ORIENTED_EDGE('',*,*,#1965,.T.);
#1352=ORIENTED_EDGE('',*,*,#1966,.F.);
#1353=ORIENTED_EDGE('',*,*,#1994,.T.);
#1354=ORIENTED_EDGE('',*,*,#1968,.F.);
#1355=ORIENTED_EDGE('',*,*,#1970,.F.);
#1356=ORIENTED_EDGE('',*,*,#1975,.F.);
#1357=ORIENTED_EDGE('',*,*,#1979,.F.);
#1358=ORIENTED_EDGE('',*,*,#1982,.F.);
#1359=ORIENTED_EDGE('',*,*,#1985,.F.);
#1360=ORIENTED_EDGE('',*,*,#1993,.F.);
#1361=ORIENTED_EDGE('',*,*,#1994,.F.);
#1362=ORIENTED_EDGE('',*,*,#1995,.F.);
#1363=ORIENTED_EDGE('',*,*,#1986,.F.);
#1364=ORIENTED_EDGE('',*,*,#1983,.F.);
#1365=ORIENTED_EDGE('',*,*,#1980,.F.);
#1366=ORIENTED_EDGE('',*,*,#1977,.F.);
#1367=ORIENTED_EDGE('',*,*,#1973,.F.);
#1368=ORIENTED_EDGE('',*,*,#1762,.T.);
#1369=ORIENTED_EDGE('',*,*,#1991,.T.);
#1370=ORIENTED_EDGE('',*,*,#1996,.F.);
#1371=ORIENTED_EDGE('',*,*,#1997,.T.);
#1372=ORIENTED_EDGE('',*,*,#1990,.F.);
#1373=ORIENTED_EDGE('',*,*,#1721,.F.);
#1374=ORIENTED_EDGE('',*,*,#1998,.F.);
#1375=ORIENTED_EDGE('',*,*,#1996,.T.);
#1376=ORIENTED_EDGE('',*,*,#1999,.F.);
#1377=ORIENTED_EDGE('',*,*,#1764,.T.);
#1378=ORIENTED_EDGE('',*,*,#2000,.F.);
#1379=ORIENTED_EDGE('',*,*,#2001,.F.);
#1380=ORIENTED_EDGE('',*,*,#2002,.F.);
#1381=ORIENTED_EDGE('',*,*,#2003,.F.);
#1382=ORIENTED_EDGE('',*,*,#2004,.T.);
#1383=ORIENTED_EDGE('',*,*,#2002,.T.);
#1384=ORIENTED_EDGE('',*,*,#2005,.F.);
#1385=ORIENTED_EDGE('',*,*,#2006,.T.);
#1386=ORIENTED_EDGE('',*,*,#2005,.T.);
#1387=ORIENTED_EDGE('',*,*,#2001,.T.);
#1388=ORIENTED_EDGE('',*,*,#2007,.F.);
#1389=ORIENTED_EDGE('',*,*,#2008,.T.);
#1390=ORIENTED_EDGE('',*,*,#2009,.T.);
#1391=ORIENTED_EDGE('',*,*,#2010,.T.);
#1392=ORIENTED_EDGE('',*,*,#2011,.T.);
#1393=ORIENTED_EDGE('',*,*,#2012,.F.);
#1394=ORIENTED_EDGE('',*,*,#2013,.T.);
#1395=ORIENTED_EDGE('',*,*,#2007,.T.);
#1396=ORIENTED_EDGE('',*,*,#2000,.T.);
#1397=ORIENTED_EDGE('',*,*,#1763,.F.);
#1398=ORIENTED_EDGE('',*,*,#1997,.F.);
#1399=ORIENTED_EDGE('',*,*,#1998,.T.);
#1400=ORIENTED_EDGE('',*,*,#1720,.T.);
#1401=ORIENTED_EDGE('',*,*,#1667,.T.);
#1402=ORIENTED_EDGE('',*,*,#2014,.F.);
#1403=ORIENTED_EDGE('',*,*,#2012,.T.);
#1404=ORIENTED_EDGE('',*,*,#2015,.T.);
#1405=ORIENTED_EDGE('',*,*,#2016,.F.);
#1406=ORIENTED_EDGE('',*,*,#2017,.T.);
#1407=ORIENTED_EDGE('',*,*,#2016,.T.);
#1408=ORIENTED_EDGE('',*,*,#2018,.T.);
#1409=ORIENTED_EDGE('',*,*,#2019,.F.);
#1410=ORIENTED_EDGE('',*,*,#2020,.T.);
#1411=ORIENTED_EDGE('',*,*,#2019,.T.);
#1412=ORIENTED_EDGE('',*,*,#2021,.T.);
#1413=ORIENTED_EDGE('',*,*,#2022,.F.);
#1414=ORIENTED_EDGE('',*,*,#2023,.T.);
#1415=ORIENTED_EDGE('',*,*,#2024,.T.);
#1416=ORIENTED_EDGE('',*,*,#2025,.T.);
#1417=ORIENTED_EDGE('',*,*,#2026,.T.);
#1418=ORIENTED_EDGE('',*,*,#2027,.F.);
#1419=ORIENTED_EDGE('',*,*,#1665,.T.);
#1420=ORIENTED_EDGE('',*,*,#1719,.T.);
#1421=ORIENTED_EDGE('',*,*,#2028,.T.);
#1422=ORIENTED_EDGE('',*,*,#2029,.F.);
#1423=ORIENTED_EDGE('',*,*,#1765,.F.);
#1424=ORIENTED_EDGE('',*,*,#1999,.T.);
#1425=ORIENTED_EDGE('',*,*,#2030,.F.);
#1426=ORIENTED_EDGE('',*,*,#2031,.T.);
#1427=ORIENTED_EDGE('',*,*,#2022,.T.);
#1428=ORIENTED_EDGE('',*,*,#2030,.T.);
#1429=ORIENTED_EDGE('',*,*,#2003,.T.);
#1430=ORIENTED_EDGE('',*,*,#2004,.F.);
#1431=ORIENTED_EDGE('',*,*,#2032,.T.);
#1432=ORIENTED_EDGE('',*,*,#2006,.F.);
#1433=ORIENTED_EDGE('',*,*,#2008,.F.);
#1434=ORIENTED_EDGE('',*,*,#2013,.F.);
#1435=ORIENTED_EDGE('',*,*,#2017,.F.);
#1436=ORIENTED_EDGE('',*,*,#2020,.F.);
#1437=ORIENTED_EDGE('',*,*,#2023,.F.);
#1438=ORIENTED_EDGE('',*,*,#2031,.F.);
#1439=ORIENTED_EDGE('',*,*,#2032,.F.);
#1440=ORIENTED_EDGE('',*,*,#2033,.F.);
#1441=ORIENTED_EDGE('',*,*,#2024,.F.);
#1442=ORIENTED_EDGE('',*,*,#2021,.F.);
#1443=ORIENTED_EDGE('',*,*,#2018,.F.);
#1444=ORIENTED_EDGE('',*,*,#2015,.F.);
#1445=ORIENTED_EDGE('',*,*,#2011,.F.);
#1446=ORIENTED_EDGE('',*,*,#1766,.T.);
#1447=ORIENTED_EDGE('',*,*,#2029,.T.);
#1448=ORIENTED_EDGE('',*,*,#2034,.F.);
#1449=ORIENTED_EDGE('',*,*,#2035,.T.);
#1450=ORIENTED_EDGE('',*,*,#2028,.F.);
#1451=ORIENTED_EDGE('',*,*,#1718,.F.);
#1452=ORIENTED_EDGE('',*,*,#2036,.F.);
#1453=ORIENTED_EDGE('',*,*,#2034,.T.);
#1454=ORIENTED_EDGE('',*,*,#2037,.T.);
#1455=ORIENTED_EDGE('',*,*,#2038,.T.);
#1456=ORIENTED_EDGE('',*,*,#2039,.F.);
#1457=ORIENTED_EDGE('',*,*,#2040,.T.);
#1458=ORIENTED_EDGE('',*,*,#2039,.T.);
#1459=ORIENTED_EDGE('',*,*,#2041,.T.);
#1460=ORIENTED_EDGE('',*,*,#2042,.F.);
#1461=ORIENTED_EDGE('',*,*,#2043,.T.);
#1462=ORIENTED_EDGE('',*,*,#2044,.T.);
#1463=ORIENTED_EDGE('',*,*,#2045,.T.);
#1464=ORIENTED_EDGE('',*,*,#2046,.T.);
#1465=ORIENTED_EDGE('',*,*,#2047,.F.);
#1466=ORIENTED_EDGE('',*,*,#2048,.T.);
#1467=ORIENTED_EDGE('',*,*,#2042,.T.);
#1468=ORIENTED_EDGE('',*,*,#2049,.T.);
#1469=ORIENTED_EDGE('',*,*,#1767,.F.);
#1470=ORIENTED_EDGE('',*,*,#2035,.F.);
#1471=ORIENTED_EDGE('',*,*,#2036,.T.);
#1472=ORIENTED_EDGE('',*,*,#1717,.T.);
#1473=ORIENTED_EDGE('',*,*,#2050,.T.);
#1474=ORIENTED_EDGE('',*,*,#2051,.F.);
#1475=ORIENTED_EDGE('',*,*,#2047,.T.);
#1476=ORIENTED_EDGE('',*,*,#2052,.T.);
#1477=ORIENTED_EDGE('',*,*,#2053,.F.);
#1478=ORIENTED_EDGE('',*,*,#2054,.T.);
#1479=ORIENTED_EDGE('',*,*,#2053,.T.);
#1480=ORIENTED_EDGE('',*,*,#2055,.T.);
#1481=ORIENTED_EDGE('',*,*,#2056,.F.);
#1482=ORIENTED_EDGE('',*,*,#2057,.T.);
#1483=ORIENTED_EDGE('',*,*,#2056,.T.);
#1484=ORIENTED_EDGE('',*,*,#2058,.T.);
#1485=ORIENTED_EDGE('',*,*,#2059,.F.);
#1486=ORIENTED_EDGE('',*,*,#2060,.T.);
#1487=ORIENTED_EDGE('',*,*,#2059,.T.);
#1488=ORIENTED_EDGE('',*,*,#2061,.T.);
#1489=ORIENTED_EDGE('',*,*,#2062,.F.);
#1490=ORIENTED_EDGE('',*,*,#2063,.T.);
#1491=ORIENTED_EDGE('',*,*,#2062,.T.);
#1492=ORIENTED_EDGE('',*,*,#2064,.T.);
#1493=ORIENTED_EDGE('',*,*,#2037,.F.);
#1494=ORIENTED_EDGE('',*,*,#2065,.T.);
#1495=ORIENTED_EDGE('',*,*,#2040,.F.);
#1496=ORIENTED_EDGE('',*,*,#2043,.F.);
#1497=ORIENTED_EDGE('',*,*,#2048,.F.);
#1498=ORIENTED_EDGE('',*,*,#2054,.F.);
#1499=ORIENTED_EDGE('',*,*,#2057,.F.);
#1500=ORIENTED_EDGE('',*,*,#2060,.F.);
#1501=ORIENTED_EDGE('',*,*,#2063,.F.);
#1502=ORIENTED_EDGE('',*,*,#2065,.F.);
#1503=ORIENTED_EDGE('',*,*,#2066,.F.);
#1504=ORIENTED_EDGE('',*,*,#2067,.T.);
#1505=ORIENTED_EDGE('',*,*,#2068,.T.);
#1506=ORIENTED_EDGE('',*,*,#2050,.F.);
#1507=ORIENTED_EDGE('',*,*,#1716,.F.);
#1508=ORIENTED_EDGE('',*,*,#2069,.T.);
#1509=ORIENTED_EDGE('',*,*,#1768,.T.);
#1510=ORIENTED_EDGE('',*,*,#2049,.F.);
#1511=ORIENTED_EDGE('',*,*,#2041,.F.);
#1512=ORIENTED_EDGE('',*,*,#2038,.F.);
#1513=ORIENTED_EDGE('',*,*,#2064,.F.);
#1514=ORIENTED_EDGE('',*,*,#2061,.F.);
#1515=ORIENTED_EDGE('',*,*,#2058,.F.);
#1516=ORIENTED_EDGE('',*,*,#2055,.F.);
#1517=ORIENTED_EDGE('',*,*,#2052,.F.);
#1518=ORIENTED_EDGE('',*,*,#2046,.F.);
#1519=ORIENTED_EDGE('',*,*,#2069,.F.);
#1520=ORIENTED_EDGE('',*,*,#1715,.T.);
#1521=ORIENTED_EDGE('',*,*,#1769,.T.);
#1522=ORIENTED_EDGE('',*,*,#1713,.F.);
#1523=ORIENTED_EDGE('',*,*,#1704,.T.);
#1524=ORIENTED_EDGE('',*,*,#1770,.F.);
#1525=ORIENTED_EDGE('',*,*,#1690,.F.);
#1526=ORIENTED_EDGE('',*,*,#2070,.F.);
#1527=ORIENTED_EDGE('',*,*,#1781,.F.);
#1528=ORIENTED_EDGE('',*,*,#2071,.T.);
#1529=ORIENTED_EDGE('',*,*,#1798,.F.);
#1530=ORIENTED_EDGE('',*,*,#2072,.F.);
#1531=ORIENTED_EDGE('',*,*,#1819,.F.);
#1532=ORIENTED_EDGE('',*,*,#2073,.T.);
#1533=ORIENTED_EDGE('',*,*,#1836,.F.);
#1534=ORIENTED_EDGE('',*,*,#2074,.F.);
#1535=ORIENTED_EDGE('',*,*,#1857,.F.);
#1536=ORIENTED_EDGE('',*,*,#2075,.T.);
#1537=ORIENTED_EDGE('',*,*,#1874,.F.);
#1538=ORIENTED_EDGE('',*,*,#2076,.F.);
#1539=ORIENTED_EDGE('',*,*,#1895,.F.);
#1540=ORIENTED_EDGE('',*,*,#2077,.T.);
#1541=ORIENTED_EDGE('',*,*,#1912,.F.);
#1542=ORIENTED_EDGE('',*,*,#2078,.F.);
#1543=ORIENTED_EDGE('',*,*,#1933,.F.);
#1544=ORIENTED_EDGE('',*,*,#2079,.T.);
#1545=ORIENTED_EDGE('',*,*,#1950,.F.);
#1546=ORIENTED_EDGE('',*,*,#2080,.F.);
#1547=ORIENTED_EDGE('',*,*,#1971,.F.);
#1548=ORIENTED_EDGE('',*,*,#2081,.T.);
#1549=ORIENTED_EDGE('',*,*,#1988,.F.);
#1550=ORIENTED_EDGE('',*,*,#2082,.F.);
#1551=ORIENTED_EDGE('',*,*,#2009,.F.);
#1552=ORIENTED_EDGE('',*,*,#2083,.T.);
#1553=ORIENTED_EDGE('',*,*,#2026,.F.);
#1554=ORIENTED_EDGE('',*,*,#2084,.F.);
#1555=ORIENTED_EDGE('',*,*,#2044,.F.);
#1556=ORIENTED_EDGE('',*,*,#2085,.T.);
#1557=ORIENTED_EDGE('',*,*,#1689,.F.);
#1558=ORIENTED_EDGE('',*,*,#1702,.T.);
#1559=ORIENTED_EDGE('',*,*,#2086,.T.);
#1560=ORIENTED_EDGE('',*,*,#2087,.F.);
#1561=ORIENTED_EDGE('',*,*,#2088,.F.);
#1562=ORIENTED_EDGE('',*,*,#2066,.T.);
#1563=ORIENTED_EDGE('',*,*,#2045,.F.);
#1564=ORIENTED_EDGE('',*,*,#2084,.T.);
#1565=ORIENTED_EDGE('',*,*,#2025,.F.);
#1566=ORIENTED_EDGE('',*,*,#2033,.T.);
#1567=ORIENTED_EDGE('',*,*,#2010,.F.);
#1568=ORIENTED_EDGE('',*,*,#2082,.T.);
#1569=ORIENTED_EDGE('',*,*,#1987,.F.);
#1570=ORIENTED_EDGE('',*,*,#1995,.T.);
#1571=ORIENTED_EDGE('',*,*,#1972,.F.);
#1572=ORIENTED_EDGE('',*,*,#2080,.T.);
#1573=ORIENTED_EDGE('',*,*,#1949,.F.);
#1574=ORIENTED_EDGE('',*,*,#1957,.T.);
#1575=ORIENTED_EDGE('',*,*,#1934,.F.);
#1576=ORIENTED_EDGE('',*,*,#2078,.T.);
#1577=ORIENTED_EDGE('',*,*,#1911,.F.);
#1578=ORIENTED_EDGE('',*,*,#1919,.T.);
#1579=ORIENTED_EDGE('',*,*,#1896,.F.);
#1580=ORIENTED_EDGE('',*,*,#2076,.T.);
#1581=ORIENTED_EDGE('',*,*,#1873,.F.);
#1582=ORIENTED_EDGE('',*,*,#1881,.T.);
#1583=ORIENTED_EDGE('',*,*,#1858,.F.);
#1584=ORIENTED_EDGE('',*,*,#2074,.T.);
#1585=ORIENTED_EDGE('',*,*,#1835,.F.);
#1586=ORIENTED_EDGE('',*,*,#1843,.T.);
#1587=ORIENTED_EDGE('',*,*,#1820,.F.);
#1588=ORIENTED_EDGE('',*,*,#2072,.T.);
#1589=ORIENTED_EDGE('',*,*,#1797,.F.);
#1590=ORIENTED_EDGE('',*,*,#1805,.T.);
#1591=ORIENTED_EDGE('',*,*,#1782,.F.);
#1592=ORIENTED_EDGE('',*,*,#2070,.T.);
#1593=ORIENTED_EDGE('',*,*,#1706,.F.);
#1594=ORIENTED_EDGE('',*,*,#1691,.T.);
#1595=ORIENTED_EDGE('',*,*,#2071,.F.);
#1596=ORIENTED_EDGE('',*,*,#1786,.T.);
#1597=ORIENTED_EDGE('',*,*,#1642,.F.);
#1598=ORIENTED_EDGE('',*,*,#1799,.T.);
#1599=ORIENTED_EDGE('',*,*,#2073,.F.);
#1600=ORIENTED_EDGE('',*,*,#1824,.T.);
#1601=ORIENTED_EDGE('',*,*,#1646,.F.);
#1602=ORIENTED_EDGE('',*,*,#1837,.T.);
#1603=ORIENTED_EDGE('',*,*,#2075,.F.);
#1604=ORIENTED_EDGE('',*,*,#1862,.T.);
#1605=ORIENTED_EDGE('',*,*,#1650,.F.);
#1606=ORIENTED_EDGE('',*,*,#1875,.T.);
#1607=ORIENTED_EDGE('',*,*,#2077,.F.);
#1608=ORIENTED_EDGE('',*,*,#1900,.T.);
#1609=ORIENTED_EDGE('',*,*,#1654,.F.);
#1610=ORIENTED_EDGE('',*,*,#1913,.T.);
#1611=ORIENTED_EDGE('',*,*,#2079,.F.);
#1612=ORIENTED_EDGE('',*,*,#1938,.T.);
#1613=ORIENTED_EDGE('',*,*,#1658,.F.);
#1614=ORIENTED_EDGE('',*,*,#1951,.T.);
#1615=ORIENTED_EDGE('',*,*,#2081,.F.);
#1616=ORIENTED_EDGE('',*,*,#1976,.T.);
#1617=ORIENTED_EDGE('',*,*,#1662,.F.);
#1618=ORIENTED_EDGE('',*,*,#1989,.T.);
#1619=ORIENTED_EDGE('',*,*,#2083,.F.);
#1620=ORIENTED_EDGE('',*,*,#2014,.T.);
#1621=ORIENTED_EDGE('',*,*,#1666,.F.);
#1622=ORIENTED_EDGE('',*,*,#2027,.T.);
#1623=ORIENTED_EDGE('',*,*,#2085,.F.);
#1624=ORIENTED_EDGE('',*,*,#2051,.T.);
#1625=ORIENTED_EDGE('',*,*,#2068,.F.);
#1626=ORIENTED_EDGE('',*,*,#2089,.T.);
#1627=ORIENTED_EDGE('',*,*,#2090,.T.);
#1628=ORIENTED_EDGE('',*,*,#2091,.F.);
#1629=ORIENTED_EDGE('',*,*,#2067,.F.);
#1630=ORIENTED_EDGE('',*,*,#2088,.T.);
#1631=ORIENTED_EDGE('',*,*,#2092,.T.);
#1632=ORIENTED_EDGE('',*,*,#2089,.F.);
#1633=ORIENTED_EDGE('',*,*,#2086,.F.);
#1634=ORIENTED_EDGE('',*,*,#1707,.T.);
#1635=ORIENTED_EDGE('',*,*,#2091,.T.);
#1636=ORIENTED_EDGE('',*,*,#2093,.F.);
#1637=ORIENTED_EDGE('',*,*,#2087,.T.);
#1638=ORIENTED_EDGE('',*,*,#2093,.T.);
#1639=ORIENTED_EDGE('',*,*,#2090,.F.);
#1640=ORIENTED_EDGE('',*,*,#2092,.F.);
#1641=EDGE_CURVE('',#2094,#2095,#2396,.T.);
#1642=EDGE_CURVE('',#2094,#2096,#117,.F.);
#1643=EDGE_CURVE('',#2097,#2096,#2397,.T.);
#1644=EDGE_CURVE('',#2095,#2097,#118,.F.);
#1645=EDGE_CURVE('',#2098,#2099,#2398,.T.);
#1646=EDGE_CURVE('',#2098,#2100,#119,.F.);
#1647=EDGE_CURVE('',#2101,#2100,#2399,.T.);
#1648=EDGE_CURVE('',#2099,#2101,#120,.F.);
#1649=EDGE_CURVE('',#2102,#2103,#2400,.T.);
#1650=EDGE_CURVE('',#2102,#2104,#121,.F.);
#1651=EDGE_CURVE('',#2105,#2104,#2401,.T.);
#1652=EDGE_CURVE('',#2103,#2105,#122,.F.);
#1653=EDGE_CURVE('',#2106,#2107,#2402,.T.);
#1654=EDGE_CURVE('',#2106,#2108,#123,.F.);
#1655=EDGE_CURVE('',#2109,#2108,#2403,.T.);
#1656=EDGE_CURVE('',#2107,#2109,#124,.F.);
#1657=EDGE_CURVE('',#2110,#2111,#2404,.T.);
#1658=EDGE_CURVE('',#2110,#2112,#125,.F.);
#1659=EDGE_CURVE('',#2113,#2112,#2405,.T.);
#1660=EDGE_CURVE('',#2111,#2113,#126,.F.);
#1661=EDGE_CURVE('',#2114,#2115,#2406,.T.);
#1662=EDGE_CURVE('',#2114,#2116,#127,.F.);
#1663=EDGE_CURVE('',#2117,#2116,#2407,.T.);
#1664=EDGE_CURVE('',#2115,#2117,#128,.F.);
#1665=EDGE_CURVE('',#2118,#2119,#2408,.T.);
#1666=EDGE_CURVE('',#2118,#2120,#129,.F.);
#1667=EDGE_CURVE('',#2121,#2120,#2409,.T.);
#1668=EDGE_CURVE('',#2119,#2121,#130,.F.);
#1669=EDGE_CURVE('',#2122,#2123,#131,.T.);
#1670=EDGE_CURVE('',#2123,#2124,#132,.F.);
#1671=EDGE_CURVE('',#2125,#2124,#133,.T.);
#1672=EDGE_CURVE('',#2125,#2122,#134,.F.);
#1673=EDGE_CURVE('',#2124,#2126,#2410,.T.);
#1674=EDGE_CURVE('',#2127,#2126,#135,.T.);
#1675=EDGE_CURVE('',#2127,#2125,#2411,.T.);
#1676=EDGE_CURVE('',#2126,#2128,#2412,.T.);
#1677=EDGE_CURVE('',#2129,#2128,#136,.T.);
#1678=EDGE_CURVE('',#2129,#2127,#2413,.T.);
#1679=EDGE_CURVE('',#2128,#2130,#2414,.T.);
#1680=EDGE_CURVE('',#2131,#2130,#137,.T.);
#1681=EDGE_CURVE('',#2131,#2129,#2415,.T.);
#1682=EDGE_CURVE('',#2130,#2132,#138,.T.);
#1683=EDGE_CURVE('',#2133,#2132,#139,.T.);
#1684=EDGE_CURVE('',#2133,#2131,#140,.T.);
#1685=EDGE_CURVE('',#2132,#2134,#2416,.T.);
#1686=EDGE_CURVE('',#2135,#2134,#141,.T.);
#1687=EDGE_CURVE('',#2135,#2133,#2417,.T.);
#1688=EDGE_CURVE('',#2134,#2136,#2418,.T.);
#1689=EDGE_CURVE('',#2136,#2137,#142,.T.);
#1690=EDGE_CURVE('',#2137,#2138,#143,.T.);
#1691=EDGE_CURVE('',#2139,#2138,#144,.T.);
#1692=EDGE_CURVE('',#2139,#2140,#2419,.T.);
#1693=EDGE_CURVE('',#2140,#2141,#145,.T.);
#1694=EDGE_CURVE('',#2141,#2142,#146,.T.);
#1695=EDGE_CURVE('',#2143,#2142,#147,.T.);
#1696=EDGE_CURVE('',#2144,#2143,#148,.T.);
#1697=EDGE_CURVE('',#2144,#2145,#2420,.T.);
#1698=EDGE_CURVE('',#2146,#2145,#149,.T.);
#1699=EDGE_CURVE('',#2146,#2135,#2421,.T.);
#1700=EDGE_CURVE('',#2145,#2123,#2422,.T.);
#1701=EDGE_CURVE('',#2122,#2146,#2423,.T.);
#1702=EDGE_CURVE('',#2136,#2147,#150,.F.);
#1703=EDGE_CURVE('',#2144,#2148,#151,.F.);
#1704=EDGE_CURVE('',#2149,#2148,#2424,.T.);
#1705=EDGE_CURVE('',#2140,#2149,#152,.F.);
#1706=EDGE_CURVE('',#2139,#2150,#153,.F.);
#1707=EDGE_CURVE('',#2147,#2150,#2425,.T.);
#1708=EDGE_CURVE('',#2151,#2143,#154,.T.);
#1709=EDGE_CURVE('',#2152,#2142,#155,.T.);
#1710=EDGE_CURVE('',#2152,#2151,#156,.T.);
#1711=EDGE_CURVE('',#2153,#2141,#157,.T.);
#1712=EDGE_CURVE('',#2152,#2153,#158,.T.);
#1713=EDGE_CURVE('',#2149,#2154,#159,.T.);
#1714=EDGE_CURVE('',#2155,#2154,#160,.T.);
#1715=EDGE_CURVE('',#2156,#2155,#161,.T.);
#1716=EDGE_CURVE('',#2156,#2157,#162,.F.);
#1717=EDGE_CURVE('',#2158,#2157,#163,.T.);
#1718=EDGE_CURVE('',#2158,#2159,#164,.T.);
#1719=EDGE_CURVE('',#2119,#2159,#165,.T.);
#1720=EDGE_CURVE('',#2160,#2121,#166,.T.);
#1721=EDGE_CURVE('',#2160,#2161,#167,.T.);
#1722=EDGE_CURVE('',#2115,#2161,#168,.T.);
#1723=EDGE_CURVE('',#2162,#2117,#169,.T.);
#1724=EDGE_CURVE('',#2162,#2163,#170,.T.);
#1725=EDGE_CURVE('',#2111,#2163,#171,.T.);
#1726=EDGE_CURVE('',#2164,#2113,#172,.T.);
#1727=EDGE_CURVE('',#2164,#2165,#173,.T.);
#1728=EDGE_CURVE('',#2107,#2165,#174,.T.);
#1729=EDGE_CURVE('',#2166,#2109,#175,.T.);
#1730=EDGE_CURVE('',#2166,#2167,#176,.T.);
#1731=EDGE_CURVE('',#2103,#2167,#177,.T.);
#1732=EDGE_CURVE('',#2168,#2105,#178,.T.);
#1733=EDGE_CURVE('',#2168,#2169,#179,.T.);
#1734=EDGE_CURVE('',#2099,#2169,#180,.T.);
#1735=EDGE_CURVE('',#2170,#2101,#181,.T.);
#1736=EDGE_CURVE('',#2170,#2171,#182,.T.);
#1737=EDGE_CURVE('',#2095,#2171,#183,.T.);
#1738=EDGE_CURVE('',#2153,#2097,#184,.T.);
#1739=EDGE_CURVE('',#2151,#2172,#185,.T.);
#1740=EDGE_CURVE('',#2173,#2172,#186,.F.);
#1741=EDGE_CURVE('',#2173,#2174,#187,.T.);
#1742=EDGE_CURVE('',#2175,#2174,#188,.T.);
#1743=EDGE_CURVE('',#2175,#2176,#189,.T.);
#1744=EDGE_CURVE('',#2177,#2176,#190,.F.);
#1745=EDGE_CURVE('',#2177,#2178,#191,.T.);
#1746=EDGE_CURVE('',#2179,#2178,#192,.T.);
#1747=EDGE_CURVE('',#2179,#2180,#193,.T.);
#1748=EDGE_CURVE('',#2181,#2180,#194,.F.);
#1749=EDGE_CURVE('',#2181,#2182,#195,.T.);
#1750=EDGE_CURVE('',#2183,#2182,#196,.T.);
#1751=EDGE_CURVE('',#2183,#2184,#197,.T.);
#1752=EDGE_CURVE('',#2185,#2184,#198,.F.);
#1753=EDGE_CURVE('',#2185,#2186,#199,.T.);
#1754=EDGE_CURVE('',#2187,#2186,#200,.T.);
#1755=EDGE_CURVE('',#2187,#2188,#201,.T.);
#1756=EDGE_CURVE('',#2189,#2188,#202,.F.);
#1757=EDGE_CURVE('',#2189,#2190,#203,.T.);
#1758=EDGE_CURVE('',#2191,#2190,#204,.T.);
#1759=EDGE_CURVE('',#2191,#2192,#205,.T.);
#1760=EDGE_CURVE('',#2193,#2192,#206,.F.);
#1761=EDGE_CURVE('',#2193,#2194,#207,.T.);
#1762=EDGE_CURVE('',#2195,#2194,#208,.T.);
#1763=EDGE_CURVE('',#2195,#2196,#209,.T.);
#1764=EDGE_CURVE('',#2197,#2196,#210,.F.);
#1765=EDGE_CURVE('',#2197,#2198,#211,.T.);
#1766=EDGE_CURVE('',#2199,#2198,#212,.T.);
#1767=EDGE_CURVE('',#2199,#2200,#213,.T.);
#1768=EDGE_CURVE('',#2201,#2200,#214,.F.);
#1769=EDGE_CURVE('',#2155,#2201,#215,.T.);
#1770=EDGE_CURVE('',#2154,#2148,#216,.T.);
#1771=EDGE_CURVE('',#2173,#2202,#2426,.T.);
#1772=EDGE_CURVE('',#2203,#2172,#2427,.T.);
#1773=EDGE_CURVE('',#2204,#2203,#2428,.T.);
#1774=EDGE_CURVE('',#2205,#2204,#217,.F.);
#1775=EDGE_CURVE('',#2202,#2205,#2429,.T.);
#1776=EDGE_CURVE('',#2206,#2205,#218,.T.);
#1777=EDGE_CURVE('',#2207,#2204,#219,.T.);
#1778=EDGE_CURVE('',#2207,#2206,#220,.F.);
#1779=EDGE_CURVE('',#2208,#2203,#221,.T.);
#1780=EDGE_CURVE('',#2208,#2207,#2430,.T.);
#1781=EDGE_CURVE('',#2209,#2210,#222,.T.);
#1782=EDGE_CURVE('',#2210,#2211,#223,.T.);
#1783=EDGE_CURVE('',#2211,#2212,#2431,.T.);
#1784=EDGE_CURVE('',#2213,#2212,#224,.T.);
#1785=EDGE_CURVE('',#2213,#2208,#2432,.T.);
#1786=EDGE_CURVE('',#2209,#2096,#225,.T.);
#1787=EDGE_CURVE('',#2212,#2214,#2433,.T.);
#1788=EDGE_CURVE('',#2215,#2214,#226,.T.);
#1789=EDGE_CURVE('',#2215,#2213,#2434,.T.);
#1790=EDGE_CURVE('',#2214,#2216,#227,.T.);
#1791=EDGE_CURVE('',#2217,#2216,#228,.T.);
#1792=EDGE_CURVE('',#2217,#2215,#229,.T.);
#1793=EDGE_CURVE('',#2216,#2218,#2435,.T.);
#1794=EDGE_CURVE('',#2219,#2218,#230,.T.);
#1795=EDGE_CURVE('',#2219,#2217,#2436,.T.);
#1796=EDGE_CURVE('',#2218,#2220,#2437,.T.);
#1797=EDGE_CURVE('',#2220,#2221,#231,.T.);
#1798=EDGE_CURVE('',#2221,#2222,#232,.T.);
#1799=EDGE_CURVE('',#2094,#2222,#233,.T.);
#1800=EDGE_CURVE('',#2171,#2223,#234,.T.);
#1801=EDGE_CURVE('',#2174,#2223,#235,.T.);
#1802=EDGE_CURVE('',#2224,#2202,#236,.T.);
#1803=EDGE_CURVE('',#2224,#2219,#2438,.T.);
#1804=EDGE_CURVE('',#2206,#2224,#2439,.T.);
#1805=EDGE_CURVE('',#2220,#2211,#237,.F.);
#1806=EDGE_CURVE('',#2225,#2223,#238,.T.);
#1807=EDGE_CURVE('',#2225,#2175,#239,.T.);
#1808=EDGE_CURVE('',#2225,#2170,#240,.T.);
#1809=EDGE_CURVE('',#2177,#2226,#2440,.T.);
#1810=EDGE_CURVE('',#2227,#2176,#2441,.T.);
#1811=EDGE_CURVE('',#2228,#2227,#2442,.T.);
#1812=EDGE_CURVE('',#2229,#2228,#241,.F.);
#1813=EDGE_CURVE('',#2226,#2229,#2443,.T.);
#1814=EDGE_CURVE('',#2230,#2229,#242,.T.);
#1815=EDGE_CURVE('',#2231,#2228,#243,.T.);
#1816=EDGE_CURVE('',#2231,#2230,#244,.F.);
#1817=EDGE_CURVE('',#2232,#2227,#245,.T.);
#1818=EDGE_CURVE('',#2232,#2231,#2444,.T.);
#1819=EDGE_CURVE('',#2233,#2234,#246,.T.);
#1820=EDGE_CURVE('',#2234,#2235,#247,.T.);
#1821=EDGE_CURVE('',#2235,#2236,#2445,.T.);
#1822=EDGE_CURVE('',#2237,#2236,#248,.T.);
#1823=EDGE_CURVE('',#2237,#2232,#2446,.T.);
#1824=EDGE_CURVE('',#2233,#2100,#249,.T.);
#1825=EDGE_CURVE('',#2236,#2238,#2447,.T.);
#1826=EDGE_CURVE('',#2239,#2238,#250,.T.);
#1827=EDGE_CURVE('',#2239,#2237,#2448,.T.);
#1828=EDGE_CURVE('',#2238,#2240,#251,.T.);
#1829=EDGE_CURVE('',#2241,#2240,#252,.T.);
#1830=EDGE_CURVE('',#2241,#2239,#253,.T.);
#1831=EDGE_CURVE('',#2240,#2242,#2449,.T.);
#1832=EDGE_CURVE('',#2243,#2242,#254,.T.);
#1833=EDGE_CURVE('',#2243,#2241,#2450,.T.);
#1834=EDGE_CURVE('',#2242,#2244,#2451,.T.);
#1835=EDGE_CURVE('',#2244,#2245,#255,.T.);
#1836=EDGE_CURVE('',#2245,#2246,#256,.T.);
#1837=EDGE_CURVE('',#2098,#2246,#257,.T.);
#1838=EDGE_CURVE('',#2169,#2247,#258,.T.);
#1839=EDGE_CURVE('',#2178,#2247,#259,.T.);
#1840=EDGE_CURVE('',#2248,#2226,#260,.T.);
#1841=EDGE_CURVE('',#2248,#2243,#2452,.T.);
#1842=EDGE_CURVE('',#2230,#2248,#2453,.T.);
#1843=EDGE_CURVE('',#2244,#2235,#261,.F.);
#1844=EDGE_CURVE('',#2249,#2247,#262,.T.);
#1845=EDGE_CURVE('',#2249,#2179,#263,.T.);
#1846=EDGE_CURVE('',#2249,#2168,#264,.T.);
#1847=EDGE_CURVE('',#2181,#2250,#2454,.T.);
#1848=EDGE_CURVE('',#2251,#2180,#2455,.T.);
#1849=EDGE_CURVE('',#2252,#2251,#2456,.T.);
#1850=EDGE_CURVE('',#2253,#2252,#265,.F.);
#1851=EDGE_CURVE('',#2250,#2253,#2457,.T.);
#1852=EDGE_CURVE('',#2254,#2253,#266,.T.);
#1853=EDGE_CURVE('',#2255,#2252,#267,.T.);
#1854=EDGE_CURVE('',#2255,#2254,#268,.F.);
#1855=EDGE_CURVE('',#2256,#2251,#269,.T.);
#1856=EDGE_CURVE('',#2256,#2255,#2458,.T.);
#1857=EDGE_CURVE('',#2257,#2258,#270,.T.);
#1858=EDGE_CURVE('',#2258,#2259,#271,.T.);
#1859=EDGE_CURVE('',#2259,#2260,#2459,.T.);
#1860=EDGE_CURVE('',#2261,#2260,#272,.T.);
#1861=EDGE_CURVE('',#2261,#2256,#2460,.T.);
#1862=EDGE_CURVE('',#2257,#2104,#273,.T.);
#1863=EDGE_CURVE('',#2260,#2262,#2461,.T.);
#1864=EDGE_CURVE('',#2263,#2262,#274,.T.);
#1865=EDGE_CURVE('',#2263,#2261,#2462,.T.);
#1866=EDGE_CURVE('',#2262,#2264,#275,.T.);
#1867=EDGE_CURVE('',#2265,#2264,#276,.T.);
#1868=EDGE_CURVE('',#2265,#2263,#277,.T.);
#1869=EDGE_CURVE('',#2264,#2266,#2463,.T.);
#1870=EDGE_CURVE('',#2267,#2266,#278,.T.);
#1871=EDGE_CURVE('',#2267,#2265,#2464,.T.);
#1872=EDGE_CURVE('',#2266,#2268,#2465,.T.);
#1873=EDGE_CURVE('',#2268,#2269,#279,.T.);
#1874=EDGE_CURVE('',#2269,#2270,#280,.T.);
#1875=EDGE_CURVE('',#2102,#2270,#281,.T.);
#1876=EDGE_CURVE('',#2167,#2271,#282,.T.);
#1877=EDGE_CURVE('',#2182,#2271,#283,.T.);
#1878=EDGE_CURVE('',#2272,#2250,#284,.T.);
#1879=EDGE_CURVE('',#2272,#2267,#2466,.T.);
#1880=EDGE_CURVE('',#2254,#2272,#2467,.T.);
#1881=EDGE_CURVE('',#2268,#2259,#285,.F.);
#1882=EDGE_CURVE('',#2273,#2271,#286,.T.);
#1883=EDGE_CURVE('',#2273,#2183,#287,.T.);
#1884=EDGE_CURVE('',#2273,#2166,#288,.T.);
#1885=EDGE_CURVE('',#2185,#2274,#2468,.T.);
#1886=EDGE_CURVE('',#2275,#2184,#2469,.T.);
#1887=EDGE_CURVE('',#2276,#2275,#2470,.T.);
#1888=EDGE_CURVE('',#2277,#2276,#289,.F.);
#1889=EDGE_CURVE('',#2274,#2277,#2471,.T.);
#1890=EDGE_CURVE('',#2278,#2277,#290,.T.);
#1891=EDGE_CURVE('',#2279,#2276,#291,.T.);
#1892=EDGE_CURVE('',#2279,#2278,#292,.F.);
#1893=EDGE_CURVE('',#2280,#2275,#293,.T.);
#1894=EDGE_CURVE('',#2280,#2279,#2472,.T.);
#1895=EDGE_CURVE('',#2281,#2282,#294,.T.);
#1896=EDGE_CURVE('',#2282,#2283,#295,.T.);
#1897=EDGE_CURVE('',#2283,#2284,#2473,.T.);
#1898=EDGE_CURVE('',#2285,#2284,#296,.T.);
#1899=EDGE_CURVE('',#2285,#2280,#2474,.T.);
#1900=EDGE_CURVE('',#2281,#2108,#297,.T.);
#1901=EDGE_CURVE('',#2284,#2286,#2475,.T.);
#1902=EDGE_CURVE('',#2287,#2286,#298,.T.);
#1903=EDGE_CURVE('',#2287,#2285,#2476,.T.);
#1904=EDGE_CURVE('',#2286,#2288,#299,.T.);
#1905=EDGE_CURVE('',#2289,#2288,#300,.T.);
#1906=EDGE_CURVE('',#2289,#2287,#301,.T.);
#1907=EDGE_CURVE('',#2288,#2290,#2477,.T.);
#1908=EDGE_CURVE('',#2291,#2290,#302,.T.);
#1909=EDGE_CURVE('',#2291,#2289,#2478,.T.);
#1910=EDGE_CURVE('',#2290,#2292,#2479,.T.);
#1911=EDGE_CURVE('',#2292,#2293,#303,.T.);
#1912=EDGE_CURVE('',#2293,#2294,#304,.T.);
#1913=EDGE_CURVE('',#2106,#2294,#305,.T.);
#1914=EDGE_CURVE('',#2165,#2295,#306,.T.);
#1915=EDGE_CURVE('',#2186,#2295,#307,.T.);
#1916=EDGE_CURVE('',#2296,#2274,#308,.T.);
#1917=EDGE_CURVE('',#2296,#2291,#2480,.T.);
#1918=EDGE_CURVE('',#2278,#2296,#2481,.T.);
#1919=EDGE_CURVE('',#2292,#2283,#309,.F.);
#1920=EDGE_CURVE('',#2297,#2295,#310,.T.);
#1921=EDGE_CURVE('',#2297,#2187,#311,.T.);
#1922=EDGE_CURVE('',#2297,#2164,#312,.T.);
#1923=EDGE_CURVE('',#2189,#2298,#2482,.T.);
#1924=EDGE_CURVE('',#2299,#2188,#2483,.T.);
#1925=EDGE_CURVE('',#2300,#2299,#2484,.T.);
#1926=EDGE_CURVE('',#2301,#2300,#313,.F.);
#1927=EDGE_CURVE('',#2298,#2301,#2485,.T.);
#1928=EDGE_CURVE('',#2302,#2301,#314,.T.);
#1929=EDGE_CURVE('',#2303,#2300,#315,.T.);
#1930=EDGE_CURVE('',#2303,#2302,#316,.F.);
#1931=EDGE_CURVE('',#2304,#2299,#317,.T.);
#1932=EDGE_CURVE('',#2304,#2303,#2486,.T.);
#1933=EDGE_CURVE('',#2305,#2306,#318,.T.);
#1934=EDGE_CURVE('',#2306,#2307,#319,.T.);
#1935=EDGE_CURVE('',#2307,#2308,#2487,.T.);
#1936=EDGE_CURVE('',#2309,#2308,#320,.T.);
#1937=EDGE_CURVE('',#2309,#2304,#2488,.T.);
#1938=EDGE_CURVE('',#2305,#2112,#321,.T.);
#1939=EDGE_CURVE('',#2308,#2310,#2489,.T.);
#1940=EDGE_CURVE('',#2311,#2310,#322,.T.);
#1941=EDGE_CURVE('',#2311,#2309,#2490,.T.);
#1942=EDGE_CURVE('',#2310,#2312,#323,.T.);
#1943=EDGE_CURVE('',#2313,#2312,#324,.T.);
#1944=EDGE_CURVE('',#2313,#2311,#325,.T.);
#1945=EDGE_CURVE('',#2312,#2314,#2491,.T.);
#1946=EDGE_CURVE('',#2315,#2314,#326,.T.);
#1947=EDGE_CURVE('',#2315,#2313,#2492,.T.);
#1948=EDGE_CURVE('',#2314,#2316,#2493,.T.);
#1949=EDGE_CURVE('',#2316,#2317,#327,.T.);
#1950=EDGE_CURVE('',#2317,#2318,#328,.T.);
#1951=EDGE_CURVE('',#2110,#2318,#329,.T.);
#1952=EDGE_CURVE('',#2163,#2319,#330,.T.);
#1953=EDGE_CURVE('',#2190,#2319,#331,.T.);
#1954=EDGE_CURVE('',#2320,#2298,#332,.T.);
#1955=EDGE_CURVE('',#2320,#2315,#2494,.T.);
#1956=EDGE_CURVE('',#2302,#2320,#2495,.T.);
#1957=EDGE_CURVE('',#2316,#2307,#333,.F.);
#1958=EDGE_CURVE('',#2321,#2319,#334,.T.);
#1959=EDGE_CURVE('',#2321,#2191,#335,.T.);
#1960=EDGE_CURVE('',#2321,#2162,#336,.T.);
#1961=EDGE_CURVE('',#2193,#2322,#2496,.T.);
#1962=EDGE_CURVE('',#2323,#2192,#2497,.T.);
#1963=EDGE_CURVE('',#2324,#2323,#2498,.T.);
#1964=EDGE_CURVE('',#2325,#2324,#337,.F.);
#1965=EDGE_CURVE('',#2322,#2325,#2499,.T.);
#1966=EDGE_CURVE('',#2326,#2325,#338,.T.);
#1967=EDGE_CURVE('',#2327,#2324,#339,.T.);
#1968=EDGE_CURVE('',#2327,#2326,#340,.F.);
#1969=EDGE_CURVE('',#2328,#2323,#341,.T.);
#1970=EDGE_CURVE('',#2328,#2327,#2500,.T.);
#1971=EDGE_CURVE('',#2329,#2330,#342,.T.);
#1972=EDGE_CURVE('',#2330,#2331,#343,.T.);
#1973=EDGE_CURVE('',#2331,#2332,#2501,.T.);
#1974=EDGE_CURVE('',#2333,#2332,#344,.T.);
#1975=EDGE_CURVE('',#2333,#2328,#2502,.T.);
#1976=EDGE_CURVE('',#2329,#2116,#345,.T.);
#1977=EDGE_CURVE('',#2332,#2334,#2503,.T.);
#1978=EDGE_CURVE('',#2335,#2334,#346,.T.);
#1979=EDGE_CURVE('',#2335,#2333,#2504,.T.);
#1980=EDGE_CURVE('',#2334,#2336,#347,.T.);
#1981=EDGE_CURVE('',#2337,#2336,#348,.T.);
#1982=EDGE_CURVE('',#2337,#2335,#349,.T.);
#1983=EDGE_CURVE('',#2336,#2338,#2505,.T.);
#1984=EDGE_CURVE('',#2339,#2338,#350,.T.);
#1985=EDGE_CURVE('',#2339,#2337,#2506,.T.);
#1986=EDGE_CURVE('',#2338,#2340,#2507,.T.);
#1987=EDGE_CURVE('',#2340,#2341,#351,.T.);
#1988=EDGE_CURVE('',#2341,#2342,#352,.T.);
#1989=EDGE_CURVE('',#2114,#2342,#353,.T.);
#1990=EDGE_CURVE('',#2161,#2343,#354,.T.);
#1991=EDGE_CURVE('',#2194,#2343,#355,.T.);
#1992=EDGE_CURVE('',#2344,#2322,#356,.T.);
#1993=EDGE_CURVE('',#2344,#2339,#2508,.T.);
#1994=EDGE_CURVE('',#2326,#2344,#2509,.T.);
#1995=EDGE_CURVE('',#2340,#2331,#357,.F.);
#1996=EDGE_CURVE('',#2345,#2343,#358,.T.);
#1997=EDGE_CURVE('',#2345,#2195,#359,.T.);
#1998=EDGE_CURVE('',#2345,#2160,#360,.T.);
#1999=EDGE_CURVE('',#2197,#2346,#2510,.T.);
#2000=EDGE_CURVE('',#2347,#2196,#2511,.T.);
#2001=EDGE_CURVE('',#2348,#2347,#2512,.T.);
#2002=EDGE_CURVE('',#2349,#2348,#361,.F.);
#2003=EDGE_CURVE('',#2346,#2349,#2513,.T.);
#2004=EDGE_CURVE('',#2350,#2349,#362,.T.);
#2005=EDGE_CURVE('',#2351,#2348,#363,.T.);
#2006=EDGE_CURVE('',#2351,#2350,#364,.F.);
#2007=EDGE_CURVE('',#2352,#2347,#365,.T.);
#2008=EDGE_CURVE('',#2352,#2351,#2514,.T.);
#2009=EDGE_CURVE('',#2353,#2354,#366,.T.);
#2010=EDGE_CURVE('',#2354,#2355,#367,.T.);
#2011=EDGE_CURVE('',#2355,#2356,#2515,.T.);
#2012=EDGE_CURVE('',#2357,#2356,#368,.T.);
#2013=EDGE_CURVE('',#2357,#2352,#2516,.T.);
#2014=EDGE_CURVE('',#2353,#2120,#369,.T.);
#2015=EDGE_CURVE('',#2356,#2358,#2517,.T.);
#2016=EDGE_CURVE('',#2359,#2358,#370,.T.);
#2017=EDGE_CURVE('',#2359,#2357,#2518,.T.);
#2018=EDGE_CURVE('',#2358,#2360,#371,.T.);
#2019=EDGE_CURVE('',#2361,#2360,#372,.T.);
#2020=EDGE_CURVE('',#2361,#2359,#373,.T.);
#2021=EDGE_CURVE('',#2360,#2362,#2519,.T.);
#2022=EDGE_CURVE('',#2363,#2362,#374,.T.);
#2023=EDGE_CURVE('',#2363,#2361,#2520,.T.);
#2024=EDGE_CURVE('',#2362,#2364,#2521,.T.);
#2025=EDGE_CURVE('',#2364,#2365,#375,.T.);
#2026=EDGE_CURVE('',#2365,#2366,#376,.T.);
#2027=EDGE_CURVE('',#2118,#2366,#377,.T.);
#2028=EDGE_CURVE('',#2159,#2367,#378,.T.);
#2029=EDGE_CURVE('',#2198,#2367,#379,.T.);
#2030=EDGE_CURVE('',#2368,#2346,#380,.T.);
#2031=EDGE_CURVE('',#2368,#2363,#2522,.T.);
#2032=EDGE_CURVE('',#2350,#2368,#2523,.T.);
#2033=EDGE_CURVE('',#2364,#2355,#381,.F.);
#2034=EDGE_CURVE('',#2369,#2367,#382,.T.);
#2035=EDGE_CURVE('',#2369,#2199,#383,.T.);
#2036=EDGE_CURVE('',#2369,#2158,#384,.T.);
#2037=EDGE_CURVE('',#2370,#2371,#385,.T.);
#2038=EDGE_CURVE('',#2371,#2372,#386,.F.);
#2039=EDGE_CURVE('',#2373,#2372,#387,.T.);
#2040=EDGE_CURVE('',#2373,#2370,#388,.F.);
#2041=EDGE_CURVE('',#2372,#2374,#2524,.T.);
#2042=EDGE_CURVE('',#2375,#2374,#389,.T.);
#2043=EDGE_CURVE('',#2375,#2373,#2525,.T.);
#2044=EDGE_CURVE('',#2376,#2377,#390,.T.);
#2045=EDGE_CURVE('',#2377,#2378,#391,.T.);
#2046=EDGE_CURVE('',#2378,#2379,#2526,.T.);
#2047=EDGE_CURVE('',#2380,#2379,#392,.T.);
#2048=EDGE_CURVE('',#2380,#2375,#2527,.T.);
#2049=EDGE_CURVE('',#2374,#2200,#2528,.T.);
#2050=EDGE_CURVE('',#2157,#2381,#2529,.T.);
#2051=EDGE_CURVE('',#2376,#2381,#393,.T.);
#2052=EDGE_CURVE('',#2379,#2382,#2530,.T.);
#2053=EDGE_CURVE('',#2383,#2382,#394,.T.);
#2054=EDGE_CURVE('',#2383,#2380,#2531,.T.);
#2055=EDGE_CURVE('',#2382,#2384,#395,.T.);
#2056=EDGE_CURVE('',#2385,#2384,#396,.T.);
#2057=EDGE_CURVE('',#2385,#2383,#397,.T.);
#2058=EDGE_CURVE('',#2384,#2386,#2532,.T.);
#2059=EDGE_CURVE('',#2387,#2386,#398,.T.);
#2060=EDGE_CURVE('',#2387,#2385,#2533,.T.);
#2061=EDGE_CURVE('',#2386,#2388,#2534,.T.);
#2062=EDGE_CURVE('',#2389,#2388,#399,.T.);
#2063=EDGE_CURVE('',#2389,#2387,#2535,.T.);
#2064=EDGE_CURVE('',#2388,#2371,#2536,.T.);
#2065=EDGE_CURVE('',#2370,#2389,#2537,.T.);
#2066=EDGE_CURVE('',#2390,#2378,#400,.F.);
#2067=EDGE_CURVE('',#2390,#2391,#2538,.T.);
#2068=EDGE_CURVE('',#2391,#2381,#401,.F.);
#2069=EDGE_CURVE('',#2156,#2201,#2539,.T.);
#2070=EDGE_CURVE('',#2210,#2137,#402,.T.);
#2071=EDGE_CURVE('',#2209,#2138,#403,.T.);
#2072=EDGE_CURVE('',#2234,#2221,#404,.T.);
#2073=EDGE_CURVE('',#2233,#2222,#405,.T.);
#2074=EDGE_CURVE('',#2258,#2245,#406,.T.);
#2075=EDGE_CURVE('',#2257,#2246,#407,.T.);
#2076=EDGE_CURVE('',#2282,#2269,#408,.T.);
#2077=EDGE_CURVE('',#2281,#2270,#409,.T.);
#2078=EDGE_CURVE('',#2306,#2293,#410,.T.);
#2079=EDGE_CURVE('',#2305,#2294,#411,.T.);
#2080=EDGE_CURVE('',#2330,#2317,#412,.T.);
#2081=EDGE_CURVE('',#2329,#2318,#413,.T.);
#2082=EDGE_CURVE('',#2354,#2341,#414,.T.);
#2083=EDGE_CURVE('',#2353,#2342,#415,.T.);
#2084=EDGE_CURVE('',#2377,#2365,#416,.T.);
#2085=EDGE_CURVE('',#2376,#2366,#417,.T.);
#2086=EDGE_CURVE('',#2147,#2392,#418,.T.);
#2087=EDGE_CURVE('',#2393,#2392,#419,.T.);
#2088=EDGE_CURVE('',#2390,#2393,#420,.T.);
#2089=EDGE_CURVE('',#2391,#2394,#421,.T.);
#2090=EDGE_CURVE('',#2394,#2395,#422,.T.);
#2091=EDGE_CURVE('',#2150,#2395,#423,.T.);
#2092=EDGE_CURVE('',#2393,#2394,#424,.T.);
#2093=EDGE_CURVE('',#2392,#2395,#425,.T.);
#2094=VERTEX_POINT('',#3635);
#2095=VERTEX_POINT('',#3636);
#2096=VERTEX_POINT('',#3638);
#2097=VERTEX_POINT('',#3643);
#2098=VERTEX_POINT('',#3657);
#2099=VERTEX_POINT('',#3658);
#2100=VERTEX_POINT('',#3660);
#2101=VERTEX_POINT('',#3665);
#2102=VERTEX_POINT('',#3679);
#2103=VERTEX_POINT('',#3680);
#2104=VERTEX_POINT('',#3682);
#2105=VERTEX_POINT('',#3687);
#2106=VERTEX_POINT('',#3701);
#2107=VERTEX_POINT('',#3702);
#2108=VERTEX_POINT('',#3704);
#2109=VERTEX_POINT('',#3709);
#2110=VERTEX_POINT('',#3723);
#2111=VERTEX_POINT('',#3724);
#2112=VERTEX_POINT('',#3726);
#2113=VERTEX_POINT('',#3731);
#2114=VERTEX_POINT('',#3745);
#2115=VERTEX_POINT('',#3746);
#2116=VERTEX_POINT('',#3748);
#2117=VERTEX_POINT('',#3753);
#2118=VERTEX_POINT('',#3767);
#2119=VERTEX_POINT('',#3768);
#2120=VERTEX_POINT('',#3770);
#2121=VERTEX_POINT('',#3775);
#2122=VERTEX_POINT('',#3779);
#2123=VERTEX_POINT('',#3780);
#2124=VERTEX_POINT('',#3782);
#2125=VERTEX_POINT('',#3784);
#2126=VERTEX_POINT('',#3791);
#2127=VERTEX_POINT('',#3793);
#2128=VERTEX_POINT('',#3807);
#2129=VERTEX_POINT('',#3809);
#2130=VERTEX_POINT('',#3823);
#2131=VERTEX_POINT('',#3825);
#2132=VERTEX_POINT('',#3832);
#2133=VERTEX_POINT('',#3834);
#2134=VERTEX_POINT('',#3841);
#2135=VERTEX_POINT('',#3843);
#2136=VERTEX_POINT('',#3853);
#2137=VERTEX_POINT('',#3855);
#2138=VERTEX_POINT('',#3857);
#2139=VERTEX_POINT('',#3859);
#2140=VERTEX_POINT('',#3864);
#2141=VERTEX_POINT('',#3866);
#2142=VERTEX_POINT('',#3868);
#2143=VERTEX_POINT('',#3870);
#2144=VERTEX_POINT('',#3872);
#2145=VERTEX_POINT('',#3877);
#2146=VERTEX_POINT('',#3879);
#2147=VERTEX_POINT('',#3918);
#2148=VERTEX_POINT('',#3920);
#2149=VERTEX_POINT('',#3925);
#2150=VERTEX_POINT('',#3928);
#2151=VERTEX_POINT('',#3935);
#2152=VERTEX_POINT('',#3937);
#2153=VERTEX_POINT('',#3941);
#2154=VERTEX_POINT('',#3945);
#2155=VERTEX_POINT('',#3947);
#2156=VERTEX_POINT('',#3949);
#2157=VERTEX_POINT('',#3951);
#2158=VERTEX_POINT('',#3953);
#2159=VERTEX_POINT('',#3955);
#2160=VERTEX_POINT('',#3958);
#2161=VERTEX_POINT('',#3960);
#2162=VERTEX_POINT('',#3963);
#2163=VERTEX_POINT('',#3965);
#2164=VERTEX_POINT('',#3968);
#2165=VERTEX_POINT('',#3970);
#2166=VERTEX_POINT('',#3973);
#2167=VERTEX_POINT('',#3975);
#2168=VERTEX_POINT('',#3978);
#2169=VERTEX_POINT('',#3980);
#2170=VERTEX_POINT('',#3983);
#2171=VERTEX_POINT('',#3985);
#2172=VERTEX_POINT('',#3990);
#2173=VERTEX_POINT('',#3992);
#2174=VERTEX_POINT('',#3994);
#2175=VERTEX_POINT('',#3996);
#2176=VERTEX_POINT('',#3998);
#2177=VERTEX_POINT('',#4000);
#2178=VERTEX_POINT('',#4002);
#2179=VERTEX_POINT('',#4004);
#2180=VERTEX_POINT('',#4006);
#2181=VERTEX_POINT('',#4008);
#2182=VERTEX_POINT('',#4010);
#2183=VERTEX_POINT('',#4012);
#2184=VERTEX_POINT('',#4014);
#2185=VERTEX_POINT('',#4016);
#2186=VERTEX_POINT('',#4018);
#2187=VERTEX_POINT('',#4020);
#2188=VERTEX_POINT('',#4022);
#2189=VERTEX_POINT('',#4024);
#2190=VERTEX_POINT('',#4026);
#2191=VERTEX_POINT('',#4028);
#2192=VERTEX_POINT('',#4030);
#2193=VERTEX_POINT('',#4032);
#2194=VERTEX_POINT('',#4034);
#2195=VERTEX_POINT('',#4036);
#2196=VERTEX_POINT('',#4038);
#2197=VERTEX_POINT('',#4040);
#2198=VERTEX_POINT('',#4042);
#2199=VERTEX_POINT('',#4044);
#2200=VERTEX_POINT('',#4046);
#2201=VERTEX_POINT('',#4048);
#2202=VERTEX_POINT('',#4063);
#2203=VERTEX_POINT('',#4068);
#2204=VERTEX_POINT('',#4073);
#2205=VERTEX_POINT('',#4075);
#2206=VERTEX_POINT('',#4082);
#2207=VERTEX_POINT('',#4084);
#2208=VERTEX_POINT('',#4088);
#2209=VERTEX_POINT('',#4095);
#2210=VERTEX_POINT('',#4096);
#2211=VERTEX_POINT('',#4098);
#2212=VERTEX_POINT('',#4103);
#2213=VERTEX_POINT('',#4105);
#2214=VERTEX_POINT('',#4120);
#2215=VERTEX_POINT('',#4122);
#2216=VERTEX_POINT('',#4129);
#2217=VERTEX_POINT('',#4131);
#2218=VERTEX_POINT('',#4138);
#2219=VERTEX_POINT('',#4140);
#2220=VERTEX_POINT('',#4150);
#2221=VERTEX_POINT('',#4152);
#2222=VERTEX_POINT('',#4154);
#2223=VERTEX_POINT('',#4157);
#2224=VERTEX_POINT('',#4160);
#2225=VERTEX_POINT('',#4195);
#2226=VERTEX_POINT('',#4211);
#2227=VERTEX_POINT('',#4216);
#2228=VERTEX_POINT('',#4221);
#2229=VERTEX_POINT('',#4223);
#2230=VERTEX_POINT('',#4230);
#2231=VERTEX_POINT('',#4232);
#2232=VERTEX_POINT('',#4236);
#2233=VERTEX_POINT('',#4243);
#2234=VERTEX_POINT('',#4244);
#2235=VERTEX_POINT('',#4246);
#2236=VERTEX_POINT('',#4251);
#2237=VERTEX_POINT('',#4253);
#2238=VERTEX_POINT('',#4268);
#2239=VERTEX_POINT('',#4270);
#2240=VERTEX_POINT('',#4277);
#2241=VERTEX_POINT('',#4279);
#2242=VERTEX_POINT('',#4286);
#2243=VERTEX_POINT('',#4288);
#2244=VERTEX_POINT('',#4298);
#2245=VERTEX_POINT('',#4300);
#2246=VERTEX_POINT('',#4302);
#2247=VERTEX_POINT('',#4305);
#2248=VERTEX_POINT('',#4308);
#2249=VERTEX_POINT('',#4343);
#2250=VERTEX_POINT('',#4359);
#2251=VERTEX_POINT('',#4364);
#2252=VERTEX_POINT('',#4369);
#2253=VERTEX_POINT('',#4371);
#2254=VERTEX_POINT('',#4378);
#2255=VERTEX_POINT('',#4380);
#2256=VERTEX_POINT('',#4384);
#2257=VERTEX_POINT('',#4391);
#2258=VERTEX_POINT('',#4392);
#2259=VERTEX_POINT('',#4394);
#2260=VERTEX_POINT('',#4399);
#2261=VERTEX_POINT('',#4401);
#2262=VERTEX_POINT('',#4416);
#2263=VERTEX_POINT('',#4418);
#2264=VERTEX_POINT('',#4425);
#2265=VERTEX_POINT('',#4427);
#2266=VERTEX_POINT('',#4434);
#2267=VERTEX_POINT('',#4436);
#2268=VERTEX_POINT('',#4446);
#2269=VERTEX_POINT('',#4448);
#2270=VERTEX_POINT('',#4450);
#2271=VERTEX_POINT('',#4453);
#2272=VERTEX_POINT('',#4456);
#2273=VERTEX_POINT('',#4491);
#2274=VERTEX_POINT('',#4507);
#2275=VERTEX_POINT('',#4512);
#2276=VERTEX_POINT('',#4517);
#2277=VERTEX_POINT('',#4519);
#2278=VERTEX_POINT('',#4526);
#2279=VERTEX_POINT('',#4528);
#2280=VERTEX_POINT('',#4532);
#2281=VERTEX_POINT('',#4539);
#2282=VERTEX_POINT('',#4540);
#2283=VERTEX_POINT('',#4542);
#2284=VERTEX_POINT('',#4547);
#2285=VERTEX_POINT('',#4549);
#2286=VERTEX_POINT('',#4564);
#2287=VERTEX_POINT('',#4566);
#2288=VERTEX_POINT('',#4573);
#2289=VERTEX_POINT('',#4575);
#2290=VERTEX_POINT('',#4582);
#2291=VERTEX_POINT('',#4584);
#2292=VERTEX_POINT('',#4594);
#2293=VERTEX_POINT('',#4596);
#2294=VERTEX_POINT('',#4598);
#2295=VERTEX_POINT('',#4601);
#2296=VERTEX_POINT('',#4604);
#2297=VERTEX_POINT('',#4639);
#2298=VERTEX_POINT('',#4655);
#2299=VERTEX_POINT('',#4660);
#2300=VERTEX_POINT('',#4665);
#2301=VERTEX_POINT('',#4667);
#2302=VERTEX_POINT('',#4674);
#2303=VERTEX_POINT('',#4676);
#2304=VERTEX_POINT('',#4680);
#2305=VERTEX_POINT('',#4687);
#2306=VERTEX_POINT('',#4688);
#2307=VERTEX_POINT('',#4690);
#2308=VERTEX_POINT('',#4695);
#2309=VERTEX_POINT('',#4697);
#2310=VERTEX_POINT('',#4712);
#2311=VERTEX_POINT('',#4714);
#2312=VERTEX_POINT('',#4721);
#2313=VERTEX_POINT('',#4723);
#2314=VERTEX_POINT('',#4730);
#2315=VERTEX_POINT('',#4732);
#2316=VERTEX_POINT('',#4742);
#2317=VERTEX_POINT('',#4744);
#2318=VERTEX_POINT('',#4746);
#2319=VERTEX_POINT('',#4749);
#2320=VERTEX_POINT('',#4752);
#2321=VERTEX_POINT('',#4787);
#2322=VERTEX_POINT('',#4803);
#2323=VERTEX_POINT('',#4808);
#2324=VERTEX_POINT('',#4813);
#2325=VERTEX_POINT('',#4815);
#2326=VERTEX_POINT('',#4822);
#2327=VERTEX_POINT('',#4824);
#2328=VERTEX_POINT('',#4828);
#2329=VERTEX_POINT('',#4835);
#2330=VERTEX_POINT('',#4836);
#2331=VERTEX_POINT('',#4838);
#2332=VERTEX_POINT('',#4843);
#2333=VERTEX_POINT('',#4845);
#2334=VERTEX_POINT('',#4860);
#2335=VERTEX_POINT('',#4862);
#2336=VERTEX_POINT('',#4869);
#2337=VERTEX_POINT('',#4871);
#2338=VERTEX_POINT('',#4878);
#2339=VERTEX_POINT('',#4880);
#2340=VERTEX_POINT('',#4890);
#2341=VERTEX_POINT('',#4892);
#2342=VERTEX_POINT('',#4894);
#2343=VERTEX_POINT('',#4897);
#2344=VERTEX_POINT('',#4900);
#2345=VERTEX_POINT('',#4935);
#2346=VERTEX_POINT('',#4951);
#2347=VERTEX_POINT('',#4956);
#2348=VERTEX_POINT('',#4961);
#2349=VERTEX_POINT('',#4963);
#2350=VERTEX_POINT('',#4970);
#2351=VERTEX_POINT('',#4972);
#2352=VERTEX_POINT('',#4976);
#2353=VERTEX_POINT('',#4983);
#2354=VERTEX_POINT('',#4984);
#2355=VERTEX_POINT('',#4986);
#2356=VERTEX_POINT('',#4991);
#2357=VERTEX_POINT('',#4993);
#2358=VERTEX_POINT('',#5008);
#2359=VERTEX_POINT('',#5010);
#2360=VERTEX_POINT('',#5017);
#2361=VERTEX_POINT('',#5019);
#2362=VERTEX_POINT('',#5026);
#2363=VERTEX_POINT('',#5028);
#2364=VERTEX_POINT('',#5038);
#2365=VERTEX_POINT('',#5040);
#2366=VERTEX_POINT('',#5042);
#2367=VERTEX_POINT('',#5045);
#2368=VERTEX_POINT('',#5048);
#2369=VERTEX_POINT('',#5083);
#2370=VERTEX_POINT('',#5089);
#2371=VERTEX_POINT('',#5090);
#2372=VERTEX_POINT('',#5092);
#2373=VERTEX_POINT('',#5094);
#2374=VERTEX_POINT('',#5101);
#2375=VERTEX_POINT('',#5103);
#2376=VERTEX_POINT('',#5110);
#2377=VERTEX_POINT('',#5111);
#2378=VERTEX_POINT('',#5113);
#2379=VERTEX_POINT('',#5118);
#2380=VERTEX_POINT('',#5120);
#2381=VERTEX_POINT('',#5137);
#2382=VERTEX_POINT('',#5144);
#2383=VERTEX_POINT('',#5146);
#2384=VERTEX_POINT('',#5153);
#2385=VERTEX_POINT('',#5155);
#2386=VERTEX_POINT('',#5162);
#2387=VERTEX_POINT('',#5164);
#2388=VERTEX_POINT('',#5178);
#2389=VERTEX_POINT('',#5180);
#2390=VERTEX_POINT('',#5219);
#2391=VERTEX_POINT('',#5224);
#2392=VERTEX_POINT('',#5258);
#2393=VERTEX_POINT('',#5260);
#2394=VERTEX_POINT('',#5264);
#2395=VERTEX_POINT('',#5266);
#2396=B_SPLINE_CURVE_WITH_KNOTS('',3,(#3631,#3632,#3633,#3634),
 .UNSPECIFIED.,.F.,.F.,(4,4),(7.80895363439692E-16,0.0446661455302952),
 .UNSPECIFIED.);
#2397=B_SPLINE_CURVE_WITH_KNOTS('',3,(#3639,#3640,#3641,#3642),
 .UNSPECIFIED.,.F.,.F.,(4,4),(1.11509126099392E-16,0.0446661455302917),
 .UNSPECIFIED.);
#2398=B_SPLINE_CURVE_WITH_KNOTS('',3,(#3653,#3654,#3655,#3656),
 .UNSPECIFIED.,.F.,.F.,(4,4),(7.80895363439692E-16,0.0446661455302952),
 .UNSPECIFIED.);
#2399=B_SPLINE_CURVE_WITH_KNOTS('',3,(#3661,#3662,#3663,#3664),
 .UNSPECIFIED.,.F.,.F.,(4,4),(1.11509126099392E-16,0.0446661455302917),
 .UNSPECIFIED.);
#2400=B_SPLINE_CURVE_WITH_KNOTS('',3,(#3675,#3676,#3677,#3678),
 .UNSPECIFIED.,.F.,.F.,(4,4),(7.80895363439692E-16,0.0446661455302953),
 .UNSPECIFIED.);
#2401=B_SPLINE_CURVE_WITH_KNOTS('',3,(#3683,#3684,#3685,#3686),
 .UNSPECIFIED.,.F.,.F.,(4,4),(1.11509126099392E-16,0.0446661455302918),
 .UNSPECIFIED.);
#2402=B_SPLINE_CURVE_WITH_KNOTS('',3,(#3697,#3698,#3699,#3700),
 .UNSPECIFIED.,.F.,.F.,(4,4),(7.80895363439692E-16,0.0446661455302954),
 .UNSPECIFIED.);
#2403=B_SPLINE_CURVE_WITH_KNOTS('',3,(#3705,#3706,#3707,#3708),
 .UNSPECIFIED.,.F.,.F.,(4,4),(1.11509126099392E-16,0.0446661455302918),
 .UNSPECIFIED.);
#2404=B_SPLINE_CURVE_WITH_KNOTS('',3,(#3719,#3720,#3721,#3722),
 .UNSPECIFIED.,.F.,.F.,(4,4),(7.80895363439692E-16,0.0446661455302954),
 .UNSPECIFIED.);
#2405=B_SPLINE_CURVE_WITH_KNOTS('',3,(#3727,#3728,#3729,#3730),
 .UNSPECIFIED.,.F.,.F.,(4,4),(1.11509126099392E-16,0.0446661455302918),
 .UNSPECIFIED.);
#2406=B_SPLINE_CURVE_WITH_KNOTS('',3,(#3741,#3742,#3743,#3744),
 .UNSPECIFIED.,.F.,.F.,(4,4),(7.80895363439692E-16,0.0446661455302954),
 .UNSPECIFIED.);
#2407=B_SPLINE_CURVE_WITH_KNOTS('',3,(#3749,#3750,#3751,#3752),
 .UNSPECIFIED.,.F.,.F.,(4,4),(1.11509126099392E-16,0.0446661455302919),
 .UNSPECIFIED.);
#2408=B_SPLINE_CURVE_WITH_KNOTS('',3,(#3763,#3764,#3765,#3766),
 .UNSPECIFIED.,.F.,.F.,(4,4),(7.80895363439692E-16,0.0446661455302955),
 .UNSPECIFIED.);
#2409=B_SPLINE_CURVE_WITH_KNOTS('',3,(#3771,#3772,#3773,#3774),
 .UNSPECIFIED.,.F.,.F.,(4,4),(1.25333020824156E-16,0.044666145530292),
 .UNSPECIFIED.);
#2410=B_SPLINE_CURVE_WITH_KNOTS('',3,(#3787,#3788,#3789,#3790),
 .UNSPECIFIED.,.F.,.F.,(4,4),(0.,0.0128556089480285),.UNSPECIFIED.);
#2411=B_SPLINE_CURVE_WITH_KNOTS('',3,(#3794,#3795,#3796,#3797),
 .UNSPECIFIED.,.F.,.F.,(4,4),(3.5381555418773E-17,0.0128547656716439),
 .UNSPECIFIED.);
#2412=B_SPLINE_CURVE_WITH_KNOTS('',3,(#3799,#3800,#3801,#3802,#3803,#3804,
#3805,#3806),.UNSPECIFIED.,.F.,.F.,(4,1,1,1,1,4),(2.12005555447327E-11,
0.0273683220727879,0.0547366441243753,0.0821049661759627,0.0957891272017564,
0.10947328822755),.UNSPECIFIED.);
#2413=B_SPLINE_CURVE_WITH_KNOTS('',3,(#3810,#3811,#3812,#3813,#3814,#3815,
#3816,#3817),.UNSPECIFIED.,.F.,.F.,(4,1,1,1,1,4),(0.,0.0136946760319798,
0.0273893520639596,0.0547787041279192,0.0821680561918788,0.109557408255838),
 .UNSPECIFIED.);
#2414=B_SPLINE_CURVE_WITH_KNOTS('',3,(#3819,#3820,#3821,#3822),
 .UNSPECIFIED.,.F.,.F.,(4,4),(3.15152805108321E-15,0.0127461362923351),
 .UNSPECIFIED.);
#2415=B_SPLINE_CURVE_WITH_KNOTS('',3,(#3826,#3827,#3828,#3829),
 .UNSPECIFIED.,.F.,.F.,(4,4),(3.70113487450324E-12,0.0127451972233821),
 .UNSPECIFIED.);
#2416=B_SPLINE_CURVE_WITH_KNOTS('',3,(#3837,#3838,#3839,#3840),
 .UNSPECIFIED.,.F.,.F.,(4,4),(3.75797852980036E-12,0.0127461362960966),
 .UNSPECIFIED.);
#2417=B_SPLINE_CURVE_WITH_KNOTS('',3,(#3844,#3845,#3846,#3847),
 .UNSPECIFIED.,.F.,.F.,(4,4),(9.06937871075724E-12,0.0127451972287506),
 .UNSPECIFIED.);
#2418=B_SPLINE_CURVE_WITH_KNOTS('',3,(#3849,#3850,#3851,#3852),
 .UNSPECIFIED.,.F.,.F.,(4,4),(4.47029724252441E-15,0.0259544317420424),
 .UNSPECIFIED.);
#2419=B_SPLINE_CURVE_WITH_KNOTS('',3,(#3860,#3861,#3862,#3863),
 .UNSPECIFIED.,.F.,.F.,(4,4),(7.9504858015724E-16,0.0446661455302947),
 .UNSPECIFIED.);
#2420=B_SPLINE_CURVE_WITH_KNOTS('',3,(#3873,#3874,#3875,#3876),
 .UNSPECIFIED.,.F.,.F.,(4,4),(8.44152876808032E-17,0.0282766174295341),
 .UNSPECIFIED.);
#2421=B_SPLINE_CURVE_WITH_KNOTS('',3,(#3880,#3881,#3882,#3883,#3884,#3885,
#3886,#3887),.UNSPECIFIED.,.F.,.F.,(4,1,1,1,1,4),(6.93889390390723E-18,
0.0273677324147184,0.0547354648294367,0.0821031972441551,0.0957870634515142,
0.109470929658873),.UNSPECIFIED.);
#2422=B_SPLINE_CURVE_WITH_KNOTS('',3,(#3889,#3890,#3891,#3892),
 .UNSPECIFIED.,.F.,.F.,(4,4),(0.,0.0128556089480592),.UNSPECIFIED.);
#2423=B_SPLINE_CURVE_WITH_KNOTS('',3,(#3893,#3894,#3895,#3896),
 .UNSPECIFIED.,.F.,.F.,(4,4),(6.40674503470779E-17,0.0128547656716438),
 .UNSPECIFIED.);
#2424=B_SPLINE_CURVE_WITH_KNOTS('',3,(#3921,#3922,#3923,#3924),
 .UNSPECIFIED.,.F.,.F.,(4,4),(1.40330444599023E-16,0.00454497425195119),
 .UNSPECIFIED.);
#2425=B_SPLINE_CURVE_WITH_KNOTS('',3,(#3929,#3930,#3931,#3932),
 .UNSPECIFIED.,.F.,.F.,(4,4),(1.66677951294662E-16,0.00635347141932913),
 .UNSPECIFIED.);
#2426=B_SPLINE_CURVE_WITH_KNOTS('',3,(#4059,#4060,#4061,#4062),
 .UNSPECIFIED.,.F.,.F.,(4,4),(7.75791922889773E-17,0.0282766174295328),
 .UNSPECIFIED.);
#2427=B_SPLINE_CURVE_WITH_KNOTS('',3,(#4064,#4065,#4066,#4067),
 .UNSPECIFIED.,.F.,.F.,(4,4),(2.13489590722157E-11,0.0282766174508831),
 .UNSPECIFIED.);
#2428=B_SPLINE_CURVE_WITH_KNOTS('',3,(#4069,#4070,#4071,#4072),
 .UNSPECIFIED.,.F.,.F.,(4,4),(0.,0.0128556089480286),.UNSPECIFIED.);
#2429=B_SPLINE_CURVE_WITH_KNOTS('',3,(#4076,#4077,#4078,#4079),
 .UNSPECIFIED.,.F.,.F.,(4,4),(0.,0.0128556089480595),.UNSPECIFIED.);
#2430=B_SPLINE_CURVE_WITH_KNOTS('',3,(#4089,#4090,#4091,#4092),
 .UNSPECIFIED.,.F.,.F.,(4,4),(6.24500451351651E-17,0.0128547656716439),
 .UNSPECIFIED.);
#2431=B_SPLINE_CURVE_WITH_KNOTS('',3,(#4099,#4100,#4101,#4102),
 .UNSPECIFIED.,.F.,.F.,(4,4),(1.66569589845592E-16,0.0259544317420381),
 .UNSPECIFIED.);
#2432=B_SPLINE_CURVE_WITH_KNOTS('',3,(#4106,#4107,#4108,#4109,#4110,#4111,
#4112,#4113),.UNSPECIFIED.,.F.,.F.,(4,1,1,1,1,4),(0.,0.0136946760319798,
0.0273893520639596,0.0547787041279192,0.0821680561918788,0.109557408255838),
 .UNSPECIFIED.);
#2433=B_SPLINE_CURVE_WITH_KNOTS('',3,(#4116,#4117,#4118,#4119),
 .UNSPECIFIED.,.F.,.F.,(4,4),(3.15152805108321E-15,0.0127461362923351),
 .UNSPECIFIED.);
#2434=B_SPLINE_CURVE_WITH_KNOTS('',3,(#4123,#4124,#4125,#4126),
 .UNSPECIFIED.,.F.,.F.,(4,4),(3.70117427954335E-12,0.0127451972233822),
 .UNSPECIFIED.);
#2435=B_SPLINE_CURVE_WITH_KNOTS('',3,(#4134,#4135,#4136,#4137),
 .UNSPECIFIED.,.F.,.F.,(4,4),(3.75797852980036E-12,0.0127461362960966),
 .UNSPECIFIED.);
#2436=B_SPLINE_CURVE_WITH_KNOTS('',3,(#4141,#4142,#4143,#4144),
 .UNSPECIFIED.,.F.,.F.,(4,4),(9.06937841883184E-12,0.0127451972287505),
 .UNSPECIFIED.);
#2437=B_SPLINE_CURVE_WITH_KNOTS('',3,(#4146,#4147,#4148,#4149),
 .UNSPECIFIED.,.F.,.F.,(4,4),(4.47029724252441E-15,0.0259544317420424),
 .UNSPECIFIED.);
#2438=B_SPLINE_CURVE_WITH_KNOTS('',3,(#4161,#4162,#4163,#4164,#4165,#4166,
#4167,#4168),.UNSPECIFIED.,.F.,.F.,(4,1,1,1,1,4),(6.93889390390723E-18,
0.0273677324147184,0.0547354648294367,0.0821031972441551,0.0957870634515142,
0.109470929658873),.UNSPECIFIED.);
#2439=B_SPLINE_CURVE_WITH_KNOTS('',3,(#4170,#4171,#4172,#4173),
 .UNSPECIFIED.,.F.,.F.,(4,4),(7.22778318307237E-17,0.0128547656716441),
 .UNSPECIFIED.);
#2440=B_SPLINE_CURVE_WITH_KNOTS('',3,(#4207,#4208,#4209,#4210),
 .UNSPECIFIED.,.F.,.F.,(4,4),(7.75791922889773E-17,0.0282766174295328),
 .UNSPECIFIED.);
#2441=B_SPLINE_CURVE_WITH_KNOTS('',3,(#4212,#4213,#4214,#4215),
 .UNSPECIFIED.,.F.,.F.,(4,4),(2.13489590722157E-11,0.0282766174508899),
 .UNSPECIFIED.);
#2442=B_SPLINE_CURVE_WITH_KNOTS('',3,(#4217,#4218,#4219,#4220),
 .UNSPECIFIED.,.F.,.F.,(4,4),(0.,0.0128556089480287),.UNSPECIFIED.);
#2443=B_SPLINE_CURVE_WITH_KNOTS('',3,(#4224,#4225,#4226,#4227),
 .UNSPECIFIED.,.F.,.F.,(4,4),(0.,0.0128556089480596),.UNSPECIFIED.);
#2444=B_SPLINE_CURVE_WITH_KNOTS('',3,(#4237,#4238,#4239,#4240),
 .UNSPECIFIED.,.F.,.F.,(4,4),(8.46999943497191E-17,0.012854765671644),
 .UNSPECIFIED.);
#2445=B_SPLINE_CURVE_WITH_KNOTS('',3,(#4247,#4248,#4249,#4250),
 .UNSPECIFIED.,.F.,.F.,(4,4),(1.66569589845592E-16,0.0259544317420381),
 .UNSPECIFIED.);
#2446=B_SPLINE_CURVE_WITH_KNOTS('',3,(#4254,#4255,#4256,#4257,#4258,#4259,
#4260,#4261),.UNSPECIFIED.,.F.,.F.,(4,1,1,1,1,4),(0.,0.0136946760319798,
0.0273893520639596,0.0547787041279192,0.0821680561918788,0.109557408255838),
 .UNSPECIFIED.);
#2447=B_SPLINE_CURVE_WITH_KNOTS('',3,(#4264,#4265,#4266,#4267),
 .UNSPECIFIED.,.F.,.F.,(4,4),(3.17143889895683E-15,0.0127461362923351),
 .UNSPECIFIED.);
#2448=B_SPLINE_CURVE_WITH_KNOTS('',3,(#4271,#4272,#4273,#4274),
 .UNSPECIFIED.,.F.,.F.,(4,4),(3.70119383604851E-12,0.0127451972233822),
 .UNSPECIFIED.);
#2449=B_SPLINE_CURVE_WITH_KNOTS('',3,(#4282,#4283,#4284,#4285),
 .UNSPECIFIED.,.F.,.F.,(4,4),(3.75799837979201E-12,0.0127461362960966),
 .UNSPECIFIED.);
#2450=B_SPLINE_CURVE_WITH_KNOTS('',3,(#4289,#4290,#4291,#4292),
 .UNSPECIFIED.,.F.,.F.,(4,4),(9.06937841883184E-12,0.0127451972287506),
 .UNSPECIFIED.);
#2451=B_SPLINE_CURVE_WITH_KNOTS('',3,(#4294,#4295,#4296,#4297),
 .UNSPECIFIED.,.F.,.F.,(4,4),(4.47029724252441E-15,0.0259544317420424),
 .UNSPECIFIED.);
#2452=B_SPLINE_CURVE_WITH_KNOTS('',3,(#4309,#4310,#4311,#4312,#4313,#4314,
#4315,#4316),.UNSPECIFIED.,.F.,.F.,(4,1,1,1,1,4),(6.93889390390723E-18,
0.0273677324147184,0.0547354648294367,0.0821031972441551,0.0957870634515142,
0.109470929658873),.UNSPECIFIED.);
#2453=B_SPLINE_CURVE_WITH_KNOTS('',3,(#4318,#4319,#4320,#4321),
 .UNSPECIFIED.,.F.,.F.,(4,4),(3.29140637679066E-17,0.0128547656716438),
 .UNSPECIFIED.);
#2454=B_SPLINE_CURVE_WITH_KNOTS('',3,(#4355,#4356,#4357,#4358),
 .UNSPECIFIED.,.F.,.F.,(4,4),(7.75791922889773E-17,0.0282766174295328),
 .UNSPECIFIED.);
#2455=B_SPLINE_CURVE_WITH_KNOTS('',3,(#4360,#4361,#4362,#4363),
 .UNSPECIFIED.,.F.,.F.,(4,4),(2.13489590722157E-11,0.0282766174508832),
 .UNSPECIFIED.);
#2456=B_SPLINE_CURVE_WITH_KNOTS('',3,(#4365,#4366,#4367,#4368),
 .UNSPECIFIED.,.F.,.F.,(4,4),(0.,0.0128556089480287),.UNSPECIFIED.);
#2457=B_SPLINE_CURVE_WITH_KNOTS('',3,(#4372,#4373,#4374,#4375),
 .UNSPECIFIED.,.F.,.F.,(4,4),(0.,0.0128556089480593),.UNSPECIFIED.);
#2458=B_SPLINE_CURVE_WITH_KNOTS('',3,(#4385,#4386,#4387,#4388),
 .UNSPECIFIED.,.F.,.F.,(4,4),(7.44921851758003E-17,0.012854765671644),
 .UNSPECIFIED.);
#2459=B_SPLINE_CURVE_WITH_KNOTS('',3,(#4395,#4396,#4397,#4398),
 .UNSPECIFIED.,.F.,.F.,(4,4),(1.66569589845592E-16,0.0259544317420381),
 .UNSPECIFIED.);
#2460=B_SPLINE_CURVE_WITH_KNOTS('',3,(#4402,#4403,#4404,#4405,#4406,#4407,
#4408,#4409),.UNSPECIFIED.,.F.,.F.,(4,1,1,1,1,4),(0.,0.0136946760319798,
0.0273893520639596,0.0547787041279192,0.0821680561918788,0.109557408255838),
 .UNSPECIFIED.);
#2461=B_SPLINE_CURVE_WITH_KNOTS('',3,(#4412,#4413,#4414,#4415),
 .UNSPECIFIED.,.F.,.F.,(4,4),(3.15152805108321E-15,0.0127461362923351),
 .UNSPECIFIED.);
#2462=B_SPLINE_CURVE_WITH_KNOTS('',3,(#4419,#4420,#4421,#4422),
 .UNSPECIFIED.,.F.,.F.,(4,4),(3.70119383604851E-12,0.0127451972233822),
 .UNSPECIFIED.);
#2463=B_SPLINE_CURVE_WITH_KNOTS('',3,(#4430,#4431,#4432,#4433),
 .UNSPECIFIED.,.F.,.F.,(4,4),(3.75799837979201E-12,0.0127461362960966),
 .UNSPECIFIED.);
#2464=B_SPLINE_CURVE_WITH_KNOTS('',3,(#4437,#4438,#4439,#4440),
 .UNSPECIFIED.,.F.,.F.,(4,4),(9.06937871075724E-12,0.0127451972287506),
 .UNSPECIFIED.);
#2465=B_SPLINE_CURVE_WITH_KNOTS('',3,(#4442,#4443,#4444,#4445),
 .UNSPECIFIED.,.F.,.F.,(4,4),(4.47029724252441E-15,0.0259544317420424),
 .UNSPECIFIED.);
#2466=B_SPLINE_CURVE_WITH_KNOTS('',3,(#4457,#4458,#4459,#4460,#4461,#4462,
#4463,#4464),.UNSPECIFIED.,.F.,.F.,(4,1,1,1,1,4),(6.93889390390723E-18,
0.0273677324147184,0.0547354648294367,0.0821031972441551,0.0957870634515142,
0.109470929658873),.UNSPECIFIED.);
#2467=B_SPLINE_CURVE_WITH_KNOTS('',3,(#4466,#4467,#4468,#4469),
 .UNSPECIFIED.,.F.,.F.,(4,4),(3.98609107286759E-17,0.012854765671644),
 .UNSPECIFIED.);
#2468=B_SPLINE_CURVE_WITH_KNOTS('',3,(#4503,#4504,#4505,#4506),
 .UNSPECIFIED.,.F.,.F.,(4,4),(7.75791922889773E-17,0.0282766174295328),
 .UNSPECIFIED.);
#2469=B_SPLINE_CURVE_WITH_KNOTS('',3,(#4508,#4509,#4510,#4511),
 .UNSPECIFIED.,.F.,.F.,(4,4),(2.13489590722157E-11,0.0282766174508831),
 .UNSPECIFIED.);
#2470=B_SPLINE_CURVE_WITH_KNOTS('',3,(#4513,#4514,#4515,#4516),
 .UNSPECIFIED.,.F.,.F.,(4,4),(0.,0.0128556089480289),.UNSPECIFIED.);
#2471=B_SPLINE_CURVE_WITH_KNOTS('',3,(#4520,#4521,#4522,#4523),
 .UNSPECIFIED.,.F.,.F.,(4,4),(0.,0.0128556089480593),.UNSPECIFIED.);
#2472=B_SPLINE_CURVE_WITH_KNOTS('',3,(#4533,#4534,#4535,#4536),
 .UNSPECIFIED.,.F.,.F.,(4,4),(7.44921851758003E-17,0.0128547656716441),
 .UNSPECIFIED.);
#2473=B_SPLINE_CURVE_WITH_KNOTS('',3,(#4543,#4544,#4545,#4546),
 .UNSPECIFIED.,.F.,.F.,(4,4),(1.66569589845592E-16,0.0259544317420381),
 .UNSPECIFIED.);
#2474=B_SPLINE_CURVE_WITH_KNOTS('',3,(#4550,#4551,#4552,#4553,#4554,#4555,
#4556,#4557),.UNSPECIFIED.,.F.,.F.,(4,1,1,1,1,4),(0.,0.0136946760319798,
0.0273893520639596,0.0547787041279192,0.0821680561918788,0.109557408255838),
 .UNSPECIFIED.);
#2475=B_SPLINE_CURVE_WITH_KNOTS('',3,(#4560,#4561,#4562,#4563),
 .UNSPECIFIED.,.F.,.F.,(4,4),(3.18117070290661E-15,0.0127461362923353),
 .UNSPECIFIED.);
#2476=B_SPLINE_CURVE_WITH_KNOTS('',3,(#4567,#4568,#4569,#4570),
 .UNSPECIFIED.,.F.,.F.,(4,4),(3.70118894691239E-12,0.0127451972233824),
 .UNSPECIFIED.);
#2477=B_SPLINE_CURVE_WITH_KNOTS('',3,(#4578,#4579,#4580,#4581),
 .UNSPECIFIED.,.F.,.F.,(4,4),(3.75799837979201E-12,0.0127461362960966),
 .UNSPECIFIED.);
#2478=B_SPLINE_CURVE_WITH_KNOTS('',3,(#4585,#4586,#4587,#4588),
 .UNSPECIFIED.,.F.,.F.,(4,4),(9.06937871075724E-12,0.0127451972287506),
 .UNSPECIFIED.);
#2479=B_SPLINE_CURVE_WITH_KNOTS('',3,(#4590,#4591,#4592,#4593),
 .UNSPECIFIED.,.F.,.F.,(4,4),(4.47029724252441E-15,0.0259544317420424),
 .UNSPECIFIED.);
#2480=B_SPLINE_CURVE_WITH_KNOTS('',3,(#4605,#4606,#4607,#4608,#4609,#4610,
#4611,#4612),.UNSPECIFIED.,.F.,.F.,(4,1,1,1,1,4),(6.93889390390723E-18,
0.0273677324147184,0.0547354648294367,0.0821031972441551,0.0957870634515142,
0.109470929658873),.UNSPECIFIED.);
#2481=B_SPLINE_CURVE_WITH_KNOTS('',3,(#4614,#4615,#4616,#4617),
 .UNSPECIFIED.,.F.,.F.,(4,4),(3.95957995922893E-17,0.012854765671644),
 .UNSPECIFIED.);
#2482=B_SPLINE_CURVE_WITH_KNOTS('',3,(#4651,#4652,#4653,#4654),
 .UNSPECIFIED.,.F.,.F.,(4,4),(7.75791922889773E-17,0.0282766174295328),
 .UNSPECIFIED.);
#2483=B_SPLINE_CURVE_WITH_KNOTS('',3,(#4656,#4657,#4658,#4659),
 .UNSPECIFIED.,.F.,.F.,(4,4),(2.13489590722157E-11,0.0282766174508899),
 .UNSPECIFIED.);
#2484=B_SPLINE_CURVE_WITH_KNOTS('',3,(#4661,#4662,#4663,#4664),
 .UNSPECIFIED.,.F.,.F.,(4,4),(0.,0.0128556089480289),.UNSPECIFIED.);
#2485=B_SPLINE_CURVE_WITH_KNOTS('',3,(#4668,#4669,#4670,#4671),
 .UNSPECIFIED.,.F.,.F.,(4,4),(0.,0.0128556089480592),.UNSPECIFIED.);
#2486=B_SPLINE_CURVE_WITH_KNOTS('',3,(#4681,#4682,#4683,#4684),
 .UNSPECIFIED.,.F.,.F.,(4,4),(7.44921851758003E-17,0.0128547656716441),
 .UNSPECIFIED.);
#2487=B_SPLINE_CURVE_WITH_KNOTS('',3,(#4691,#4692,#4693,#4694),
 .UNSPECIFIED.,.F.,.F.,(4,4),(1.66569589845592E-16,0.0259544317420381),
 .UNSPECIFIED.);
#2488=B_SPLINE_CURVE_WITH_KNOTS('',3,(#4698,#4699,#4700,#4701,#4702,#4703,
#4704,#4705),.UNSPECIFIED.,.F.,.F.,(4,1,1,1,1,4),(0.,0.0136946760319798,
0.0273893520639596,0.0547787041279192,0.0821680561918788,0.109557408255838),
 .UNSPECIFIED.);
#2489=B_SPLINE_CURVE_WITH_KNOTS('',3,(#4708,#4709,#4710,#4711),
 .UNSPECIFIED.,.F.,.F.,(4,4),(3.15152805108321E-15,0.0127461362923354),
 .UNSPECIFIED.);
#2490=B_SPLINE_CURVE_WITH_KNOTS('',3,(#4715,#4716,#4717,#4718),
 .UNSPECIFIED.,.F.,.F.,(4,4),(3.70116450122601E-12,0.0127451972233824),
 .UNSPECIFIED.);
#2491=B_SPLINE_CURVE_WITH_KNOTS('',3,(#4726,#4727,#4728,#4729),
 .UNSPECIFIED.,.F.,.F.,(4,4),(3.7580374900254E-12,0.0127461362960966),
 .UNSPECIFIED.);
#2492=B_SPLINE_CURVE_WITH_KNOTS('',3,(#4733,#4734,#4735,#4736),
 .UNSPECIFIED.,.F.,.F.,(4,4),(9.06937871075724E-12,0.0127451972287506),
 .UNSPECIFIED.);
#2493=B_SPLINE_CURVE_WITH_KNOTS('',3,(#4738,#4739,#4740,#4741),
 .UNSPECIFIED.,.F.,.F.,(4,4),(4.47029724252441E-15,0.0259544317420424),
 .UNSPECIFIED.);
#2494=B_SPLINE_CURVE_WITH_KNOTS('',3,(#4753,#4754,#4755,#4756,#4757,#4758,
#4759,#4760),.UNSPECIFIED.,.F.,.F.,(4,1,1,1,1,4),(6.93889390390723E-18,
0.0273677324147184,0.0547354648294367,0.0821031972441551,0.0957870634515142,
0.109470929658873),.UNSPECIFIED.);
#2495=B_SPLINE_CURVE_WITH_KNOTS('',3,(#4762,#4763,#4764,#4765),
 .UNSPECIFIED.,.F.,.F.,(4,4),(4.23499971748596E-17,0.0128547656716438),
 .UNSPECIFIED.);
#2496=B_SPLINE_CURVE_WITH_KNOTS('',3,(#4799,#4800,#4801,#4802),
 .UNSPECIFIED.,.F.,.F.,(4,4),(7.75791922889773E-17,0.0282766174295328),
 .UNSPECIFIED.);
#2497=B_SPLINE_CURVE_WITH_KNOTS('',3,(#4804,#4805,#4806,#4807),
 .UNSPECIFIED.,.F.,.F.,(4,4),(2.13489590722157E-11,0.0282766174508831),
 .UNSPECIFIED.);
#2498=B_SPLINE_CURVE_WITH_KNOTS('',3,(#4809,#4810,#4811,#4812),
 .UNSPECIFIED.,.F.,.F.,(4,4),(0.,0.0128556089480287),.UNSPECIFIED.);
#2499=B_SPLINE_CURVE_WITH_KNOTS('',3,(#4816,#4817,#4818,#4819),
 .UNSPECIFIED.,.F.,.F.,(4,4),(0.,0.0128556089480593),.UNSPECIFIED.);
#2500=B_SPLINE_CURVE_WITH_KNOTS('',3,(#4829,#4830,#4831,#4832),
 .UNSPECIFIED.,.F.,.F.,(4,4),(7.44921851758003E-17,0.0128547656716443),
 .UNSPECIFIED.);
#2501=B_SPLINE_CURVE_WITH_KNOTS('',3,(#4839,#4840,#4841,#4842),
 .UNSPECIFIED.,.F.,.F.,(4,4),(1.66569589845592E-16,0.0259544317420381),
 .UNSPECIFIED.);
#2502=B_SPLINE_CURVE_WITH_KNOTS('',3,(#4846,#4847,#4848,#4849,#4850,#4851,
#4852,#4853),.UNSPECIFIED.,.F.,.F.,(4,1,1,1,1,4),(0.,0.0136946760319798,
0.0273893520639596,0.0547787041279192,0.0821680561918788,0.109557408255838),
 .UNSPECIFIED.);
#2503=B_SPLINE_CURVE_WITH_KNOTS('',3,(#4856,#4857,#4858,#4859),
 .UNSPECIFIED.,.F.,.F.,(4,4),(3.15152805108321E-15,0.0127461362923355),
 .UNSPECIFIED.);
#2504=B_SPLINE_CURVE_WITH_KNOTS('',3,(#4863,#4864,#4865,#4866),
 .UNSPECIFIED.,.F.,.F.,(4,4),(3.70115472293487E-12,0.0127451972233826),
 .UNSPECIFIED.);
#2505=B_SPLINE_CURVE_WITH_KNOTS('',3,(#4874,#4875,#4876,#4877),
 .UNSPECIFIED.,.F.,.F.,(4,4),(3.75795897463273E-12,0.0127461362960966),
 .UNSPECIFIED.);
#2506=B_SPLINE_CURVE_WITH_KNOTS('',3,(#4881,#4882,#4883,#4884),
 .UNSPECIFIED.,.F.,.F.,(4,4),(9.06939826733565E-12,0.0127451972287506),
 .UNSPECIFIED.);
#2507=B_SPLINE_CURVE_WITH_KNOTS('',3,(#4886,#4887,#4888,#4889),
 .UNSPECIFIED.,.F.,.F.,(4,4),(4.47029724252441E-15,0.0259544317420424),
 .UNSPECIFIED.);
#2508=B_SPLINE_CURVE_WITH_KNOTS('',3,(#4901,#4902,#4903,#4904,#4905,#4906,
#4907,#4908),.UNSPECIFIED.,.F.,.F.,(4,1,1,1,1,4),(6.93889390390723E-18,
0.0273677324147184,0.0547354648294367,0.0821031972441551,0.0957870634515142,
0.109470929658873),.UNSPECIFIED.);
#2509=B_SPLINE_CURVE_WITH_KNOTS('',3,(#4910,#4911,#4912,#4913),
 .UNSPECIFIED.,.F.,.F.,(4,4),(1.76907777093865E-17,0.0128547656716439),
 .UNSPECIFIED.);
#2510=B_SPLINE_CURVE_WITH_KNOTS('',3,(#4947,#4948,#4949,#4950),
 .UNSPECIFIED.,.F.,.F.,(4,4),(7.75791922889773E-17,0.0282766174295328),
 .UNSPECIFIED.);
#2511=B_SPLINE_CURVE_WITH_KNOTS('',3,(#4952,#4953,#4954,#4955),
 .UNSPECIFIED.,.F.,.F.,(4,4),(2.13489590722157E-11,0.0282766174508832),
 .UNSPECIFIED.);
#2512=B_SPLINE_CURVE_WITH_KNOTS('',3,(#4957,#4958,#4959,#4960),
 .UNSPECIFIED.,.F.,.F.,(4,4),(0.,0.012855608948029),.UNSPECIFIED.);
#2513=B_SPLINE_CURVE_WITH_KNOTS('',3,(#4964,#4965,#4966,#4967),
 .UNSPECIFIED.,.F.,.F.,(4,4),(0.,0.0128556089480591),.UNSPECIFIED.);
#2514=B_SPLINE_CURVE_WITH_KNOTS('',3,(#4977,#4978,#4979,#4980),
 .UNSPECIFIED.,.F.,.F.,(4,4),(6.58281275358131E-17,0.0128547656716443),
 .UNSPECIFIED.);
#2515=B_SPLINE_CURVE_WITH_KNOTS('',3,(#4987,#4988,#4989,#4990),
 .UNSPECIFIED.,.F.,.F.,(4,4),(1.66569589845592E-16,0.0259544317420381),
 .UNSPECIFIED.);
#2516=B_SPLINE_CURVE_WITH_KNOTS('',3,(#4994,#4995,#4996,#4997,#4998,#4999,
#5000,#5001),.UNSPECIFIED.,.F.,.F.,(4,1,1,1,1,4),(0.,0.0136946760319798,
0.0273893520639596,0.0547787041279192,0.0821680561918788,0.109557408255838),
 .UNSPECIFIED.);
#2517=B_SPLINE_CURVE_WITH_KNOTS('',3,(#5004,#5005,#5006,#5007),
 .UNSPECIFIED.,.F.,.F.,(4,4),(3.15152805108321E-15,0.0127461362923355),
 .UNSPECIFIED.);
#2518=B_SPLINE_CURVE_WITH_KNOTS('',3,(#5011,#5012,#5013,#5014),
 .UNSPECIFIED.,.F.,.F.,(4,4),(3.70117427954335E-12,0.0127451972233825),
 .UNSPECIFIED.);
#2519=B_SPLINE_CURVE_WITH_KNOTS('',3,(#5022,#5023,#5024,#5025),
 .UNSPECIFIED.,.F.,.F.,(4,4),(3.75795897463273E-12,0.0127461362960966),
 .UNSPECIFIED.);
#2520=B_SPLINE_CURVE_WITH_KNOTS('',3,(#5029,#5030,#5031,#5032),
 .UNSPECIFIED.,.F.,.F.,(4,4),(9.06937841883184E-12,0.0127451972287506),
 .UNSPECIFIED.);
#2521=B_SPLINE_CURVE_WITH_KNOTS('',3,(#5034,#5035,#5036,#5037),
 .UNSPECIFIED.,.F.,.F.,(4,4),(4.47029724252441E-15,0.0259544317420424),
 .UNSPECIFIED.);
#2522=B_SPLINE_CURVE_WITH_KNOTS('',3,(#5049,#5050,#5051,#5052,#5053,#5054,
#5055,#5056),.UNSPECIFIED.,.F.,.F.,(4,1,1,1,1,4),(6.93889390390723E-18,
0.0273677324147184,0.0547354648294367,0.0821031972441551,0.0957870634515142,
0.109470929658873),.UNSPECIFIED.);
#2523=B_SPLINE_CURVE_WITH_KNOTS('',3,(#5058,#5059,#5060,#5061),
 .UNSPECIFIED.,.F.,.F.,(4,4),(6.79205717725863E-17,0.0128547656716438),
 .UNSPECIFIED.);
#2524=B_SPLINE_CURVE_WITH_KNOTS('',3,(#5097,#5098,#5099,#5100),
 .UNSPECIFIED.,.F.,.F.,(4,4),(0.,0.0128556089480288),.UNSPECIFIED.);
#2525=B_SPLINE_CURVE_WITH_KNOTS('',3,(#5104,#5105,#5106,#5107),
 .UNSPECIFIED.,.F.,.F.,(4,4),(7.44921851758003E-17,0.012854765671644),
 .UNSPECIFIED.);
#2526=B_SPLINE_CURVE_WITH_KNOTS('',3,(#5114,#5115,#5116,#5117),
 .UNSPECIFIED.,.F.,.F.,(4,4),(1.66569589845592E-16,0.0259544317420381),
 .UNSPECIFIED.);
#2527=B_SPLINE_CURVE_WITH_KNOTS('',3,(#5121,#5122,#5123,#5124,#5125,#5126,
#5127,#5128),.UNSPECIFIED.,.F.,.F.,(4,1,1,1,1,4),(0.,0.0136946760319798,
0.0273893520639596,0.0547787041279192,0.0821680561918788,0.109557408255838),
 .UNSPECIFIED.);
#2528=B_SPLINE_CURVE_WITH_KNOTS('',3,(#5129,#5130,#5131,#5132),
 .UNSPECIFIED.,.F.,.F.,(4,4),(2.13489590722157E-11,0.0282766174508832),
 .UNSPECIFIED.);
#2529=B_SPLINE_CURVE_WITH_KNOTS('',3,(#5133,#5134,#5135,#5136),
 .UNSPECIFIED.,.F.,.F.,(4,4),(1.25333020824156E-16,0.044666145530292),
 .UNSPECIFIED.);
#2530=B_SPLINE_CURVE_WITH_KNOTS('',3,(#5140,#5141,#5142,#5143),
 .UNSPECIFIED.,.F.,.F.,(4,4),(3.17143889895683E-15,0.0127461362923351),
 .UNSPECIFIED.);
#2531=B_SPLINE_CURVE_WITH_KNOTS('',3,(#5147,#5148,#5149,#5150),
 .UNSPECIFIED.,.F.,.F.,(4,4),(3.70119383604851E-12,0.0127451972233822),
 .UNSPECIFIED.);
#2532=B_SPLINE_CURVE_WITH_KNOTS('',3,(#5158,#5159,#5160,#5161),
 .UNSPECIFIED.,.F.,.F.,(4,4),(3.75797852980036E-12,0.0127461362960965),
 .UNSPECIFIED.);
#2533=B_SPLINE_CURVE_WITH_KNOTS('',3,(#5165,#5166,#5167,#5168),
 .UNSPECIFIED.,.F.,.F.,(4,4),(9.06933930580208E-12,0.0127451972287505),
 .UNSPECIFIED.);
#2534=B_SPLINE_CURVE_WITH_KNOTS('',3,(#5170,#5171,#5172,#5173,#5174,#5175,
#5176,#5177),.UNSPECIFIED.,.F.,.F.,(4,1,1,1,1,4),(4.44219430543665E-15,
0.0137030012170362,0.0274060024340679,0.0548120048681313,0.0822180073021947,
0.109624009736258),.UNSPECIFIED.);
#2535=B_SPLINE_CURVE_WITH_KNOTS('',3,(#5181,#5182,#5183,#5184,#5185,#5186,
#5187,#5188),.UNSPECIFIED.,.F.,.F.,(4,1,1,1,1,4),(6.93889390390723E-18,
0.0273677324147184,0.0547354648294367,0.0821031972441551,0.0957870634515142,
0.109470929658873),.UNSPECIFIED.);
#2536=B_SPLINE_CURVE_WITH_KNOTS('',3,(#5190,#5191,#5192,#5193),
 .UNSPECIFIED.,.F.,.F.,(4,4),(0.,0.0128556089480591),.UNSPECIFIED.);
#2537=B_SPLINE_CURVE_WITH_KNOTS('',3,(#5194,#5195,#5196,#5197),
 .UNSPECIFIED.,.F.,.F.,(4,4),(1.26301688894072E-16,0.0128547656716437),
 .UNSPECIFIED.);
#2538=B_SPLINE_CURVE_WITH_KNOTS('',3,(#5220,#5221,#5222,#5223),
 .UNSPECIFIED.,.F.,.F.,(4,4),(1.38821239390897E-16,0.00635347141932911),
 .UNSPECIFIED.);
#2539=B_SPLINE_CURVE_WITH_KNOTS('',3,(#5226,#5227,#5228,#5229),
 .UNSPECIFIED.,.F.,.F.,(4,4),(1.26622931521205E-16,0.00454497425195532),
 .UNSPECIFIED.);
#2540=EDGE_LOOP('',(#735,#736,#737,#738));
#2541=EDGE_LOOP('',(#739,#740,#741,#742));
#2542=EDGE_LOOP('',(#743,#744,#745,#746));
#2543=EDGE_LOOP('',(#747,#748,#749,#750));
#2544=EDGE_LOOP('',(#751,#752,#753,#754));
#2545=EDGE_LOOP('',(#755,#756,#757,#758));
#2546=EDGE_LOOP('',(#759,#760,#761,#762));
#2547=EDGE_LOOP('',(#763,#764,#765,#766));
#2548=EDGE_LOOP('',(#767,#768,#769,#770));
#2549=EDGE_LOOP('',(#771,#772,#773,#774));
#2550=EDGE_LOOP('',(#775,#776,#777,#778));
#2551=EDGE_LOOP('',(#779,#780,#781,#782));
#2552=EDGE_LOOP('',(#783,#784,#785,#786));
#2553=EDGE_LOOP('',(#787,#788,#789,#790,#791,#792,#793,#794,#795,#796,#797,
#798,#799));
#2554=EDGE_LOOP('',(#800,#801,#802,#803));
#2555=EDGE_LOOP('',(#804,#805,#806,#807,#808,#809,#810,#811));
#2556=EDGE_LOOP('',(#812,#813,#814,#815,#816,#817,#818,#819,#820,#821,#822,
#823,#824,#825,#826,#827));
#2557=EDGE_LOOP('',(#828,#829,#830,#831));
#2558=EDGE_LOOP('',(#832,#833,#834,#835));
#2559=EDGE_LOOP('',(#836,#837,#838,#839,#840,#841,#842,#843,#844,#845,#846,
#847,#848,#849,#850,#851,#852,#853,#854,#855,#856,#857,#858,#859,#860,#861,
#862,#863,#864,#865,#866,#867,#868,#869,#870,#871));
#2560=EDGE_LOOP('',(#872,#873,#874,#875,#876,#877,#878,#879,#880,#881,#882,
#883,#884,#885,#886,#887,#888,#889,#890,#891,#892,#893,#894,#895,#896,#897,
#898,#899,#900,#901,#902,#903,#904,#905,#906,#907));
#2561=EDGE_LOOP('',(#908,#909,#910,#911,#912,#913));
#2562=EDGE_LOOP('',(#914,#915,#916,#917));
#2563=EDGE_LOOP('',(#918,#919,#920,#921));
#2564=EDGE_LOOP('',(#922,#923,#924,#925,#926,#927,#928,#929,#930,#931,#932,
#933,#934));
#2565=EDGE_LOOP('',(#935,#936,#937,#938));
#2566=EDGE_LOOP('',(#939,#940,#941,#942));
#2567=EDGE_LOOP('',(#943,#944,#945,#946));
#2568=EDGE_LOOP('',(#947,#948,#949,#950,#951,#952,#953,#954,#955,#956,#957,
#958,#959));
#2569=EDGE_LOOP('',(#960,#961,#962,#963));
#2570=EDGE_LOOP('',(#964,#965,#966,#967,#968,#969,#970,#971));
#2571=EDGE_LOOP('',(#972,#973,#974,#975,#976,#977));
#2572=EDGE_LOOP('',(#978,#979,#980,#981));
#2573=EDGE_LOOP('',(#982,#983,#984,#985));
#2574=EDGE_LOOP('',(#986,#987,#988,#989,#990,#991));
#2575=EDGE_LOOP('',(#992,#993,#994,#995));
#2576=EDGE_LOOP('',(#996,#997,#998,#999));
#2577=EDGE_LOOP('',(#1000,#1001,#1002,#1003,#1004,#1005,#1006,#1007,#1008,
#1009,#1010,#1011,#1012));
#2578=EDGE_LOOP('',(#1013,#1014,#1015,#1016));
#2579=EDGE_LOOP('',(#1017,#1018,#1019,#1020));
#2580=EDGE_LOOP('',(#1021,#1022,#1023,#1024));
#2581=EDGE_LOOP('',(#1025,#1026,#1027,#1028,#1029,#1030,#1031,#1032,#1033,
#1034,#1035,#1036,#1037));
#2582=EDGE_LOOP('',(#1038,#1039,#1040,#1041));
#2583=EDGE_LOOP('',(#1042,#1043,#1044,#1045,#1046,#1047,#1048,#1049));
#2584=EDGE_LOOP('',(#1050,#1051,#1052,#1053,#1054,#1055));
#2585=EDGE_LOOP('',(#1056,#1057,#1058,#1059));
#2586=EDGE_LOOP('',(#1060,#1061,#1062,#1063));
#2587=EDGE_LOOP('',(#1064,#1065,#1066,#1067,#1068,#1069));
#2588=EDGE_LOOP('',(#1070,#1071,#1072,#1073));
#2589=EDGE_LOOP('',(#1074,#1075,#1076,#1077));
#2590=EDGE_LOOP('',(#1078,#1079,#1080,#1081,#1082,#1083,#1084,#1085,#1086,
#1087,#1088,#1089,#1090));
#2591=EDGE_LOOP('',(#1091,#1092,#1093,#1094));
#2592=EDGE_LOOP('',(#1095,#1096,#1097,#1098));
#2593=EDGE_LOOP('',(#1099,#1100,#1101,#1102));
#2594=EDGE_LOOP('',(#1103,#1104,#1105,#1106,#1107,#1108,#1109,#1110,#1111,
#1112,#1113,#1114,#1115));
#2595=EDGE_LOOP('',(#1116,#1117,#1118,#1119));
#2596=EDGE_LOOP('',(#1120,#1121,#1122,#1123,#1124,#1125,#1126,#1127));
#2597=EDGE_LOOP('',(#1128,#1129,#1130,#1131,#1132,#1133));
#2598=EDGE_LOOP('',(#1134,#1135,#1136,#1137));
#2599=EDGE_LOOP('',(#1138,#1139,#1140,#1141));
#2600=EDGE_LOOP('',(#1142,#1143,#1144,#1145,#1146,#1147));
#2601=EDGE_LOOP('',(#1148,#1149,#1150,#1151));
#2602=EDGE_LOOP('',(#1152,#1153,#1154,#1155));
#2603=EDGE_LOOP('',(#1156,#1157,#1158,#1159,#1160,#1161,#1162,#1163,#1164,
#1165,#1166,#1167,#1168));
#2604=EDGE_LOOP('',(#1169,#1170,#1171,#1172));
#2605=EDGE_LOOP('',(#1173,#1174,#1175,#1176));
#2606=EDGE_LOOP('',(#1177,#1178,#1179,#1180));
#2607=EDGE_LOOP('',(#1181,#1182,#1183,#1184,#1185,#1186,#1187,#1188,#1189,
#1190,#1191,#1192,#1193));
#2608=EDGE_LOOP('',(#1194,#1195,#1196,#1197));
#2609=EDGE_LOOP('',(#1198,#1199,#1200,#1201,#1202,#1203,#1204,#1205));
#2610=EDGE_LOOP('',(#1206,#1207,#1208,#1209,#1210,#1211));
#2611=EDGE_LOOP('',(#1212,#1213,#1214,#1215));
#2612=EDGE_LOOP('',(#1216,#1217,#1218,#1219));
#2613=EDGE_LOOP('',(#1220,#1221,#1222,#1223,#1224,#1225));
#2614=EDGE_LOOP('',(#1226,#1227,#1228,#1229));
#2615=EDGE_LOOP('',(#1230,#1231,#1232,#1233));
#2616=EDGE_LOOP('',(#1234,#1235,#1236,#1237,#1238,#1239,#1240,#1241,#1242,
#1243,#1244,#1245,#1246));
#2617=EDGE_LOOP('',(#1247,#1248,#1249,#1250));
#2618=EDGE_LOOP('',(#1251,#1252,#1253,#1254));
#2619=EDGE_LOOP('',(#1255,#1256,#1257,#1258));
#2620=EDGE_LOOP('',(#1259,#1260,#1261,#1262,#1263,#1264,#1265,#1266,#1267,
#1268,#1269,#1270,#1271));
#2621=EDGE_LOOP('',(#1272,#1273,#1274,#1275));
#2622=EDGE_LOOP('',(#1276,#1277,#1278,#1279,#1280,#1281,#1282,#1283));
#2623=EDGE_LOOP('',(#1284,#1285,#1286,#1287,#1288,#1289));
#2624=EDGE_LOOP('',(#1290,#1291,#1292,#1293));
#2625=EDGE_LOOP('',(#1294,#1295,#1296,#1297));
#2626=EDGE_LOOP('',(#1298,#1299,#1300,#1301,#1302,#1303));
#2627=EDGE_LOOP('',(#1304,#1305,#1306,#1307));
#2628=EDGE_LOOP('',(#1308,#1309,#1310,#1311));
#2629=EDGE_LOOP('',(#1312,#1313,#1314,#1315,#1316,#1317,#1318,#1319,#1320,
#1321,#1322,#1323,#1324));
#2630=EDGE_LOOP('',(#1325,#1326,#1327,#1328));
#2631=EDGE_LOOP('',(#1329,#1330,#1331,#1332));
#2632=EDGE_LOOP('',(#1333,#1334,#1335,#1336));
#2633=EDGE_LOOP('',(#1337,#1338,#1339,#1340,#1341,#1342,#1343,#1344,#1345,
#1346,#1347,#1348,#1349));
#2634=EDGE_LOOP('',(#1350,#1351,#1352,#1353));
#2635=EDGE_LOOP('',(#1354,#1355,#1356,#1357,#1358,#1359,#1360,#1361));
#2636=EDGE_LOOP('',(#1362,#1363,#1364,#1365,#1366,#1367));
#2637=EDGE_LOOP('',(#1368,#1369,#1370,#1371));
#2638=EDGE_LOOP('',(#1372,#1373,#1374,#1375));
#2639=EDGE_LOOP('',(#1376,#1377,#1378,#1379,#1380,#1381));
#2640=EDGE_LOOP('',(#1382,#1383,#1384,#1385));
#2641=EDGE_LOOP('',(#1386,#1387,#1388,#1389));
#2642=EDGE_LOOP('',(#1390,#1391,#1392,#1393,#1394,#1395,#1396,#1397,#1398,
#1399,#1400,#1401,#1402));
#2643=EDGE_LOOP('',(#1403,#1404,#1405,#1406));
#2644=EDGE_LOOP('',(#1407,#1408,#1409,#1410));
#2645=EDGE_LOOP('',(#1411,#1412,#1413,#1414));
#2646=EDGE_LOOP('',(#1415,#1416,#1417,#1418,#1419,#1420,#1421,#1422,#1423,
#1424,#1425,#1426,#1427));
#2647=EDGE_LOOP('',(#1428,#1429,#1430,#1431));
#2648=EDGE_LOOP('',(#1432,#1433,#1434,#1435,#1436,#1437,#1438,#1439));
#2649=EDGE_LOOP('',(#1440,#1441,#1442,#1443,#1444,#1445));
#2650=EDGE_LOOP('',(#1446,#1447,#1448,#1449));
#2651=EDGE_LOOP('',(#1450,#1451,#1452,#1453));
#2652=EDGE_LOOP('',(#1454,#1455,#1456,#1457));
#2653=EDGE_LOOP('',(#1458,#1459,#1460,#1461));
#2654=EDGE_LOOP('',(#1462,#1463,#1464,#1465,#1466,#1467,#1468,#1469,#1470,
#1471,#1472,#1473,#1474));
#2655=EDGE_LOOP('',(#1475,#1476,#1477,#1478));
#2656=EDGE_LOOP('',(#1479,#1480,#1481,#1482));
#2657=EDGE_LOOP('',(#1483,#1484,#1485,#1486));
#2658=EDGE_LOOP('',(#1487,#1488,#1489,#1490));
#2659=EDGE_LOOP('',(#1491,#1492,#1493,#1494));
#2660=EDGE_LOOP('',(#1495,#1496,#1497,#1498,#1499,#1500,#1501,#1502));
#2661=EDGE_LOOP('',(#1503,#1504,#1505,#1506,#1507,#1508,#1509,#1510,#1511,
#1512,#1513,#1514,#1515,#1516,#1517,#1518));
#2662=EDGE_LOOP('',(#1519,#1520,#1521));
#2663=EDGE_LOOP('',(#1522,#1523,#1524));
#2664=EDGE_LOOP('',(#1525,#1526,#1527,#1528));
#2665=EDGE_LOOP('',(#1529,#1530,#1531,#1532));
#2666=EDGE_LOOP('',(#1533,#1534,#1535,#1536));
#2667=EDGE_LOOP('',(#1537,#1538,#1539,#1540));
#2668=EDGE_LOOP('',(#1541,#1542,#1543,#1544));
#2669=EDGE_LOOP('',(#1545,#1546,#1547,#1548));
#2670=EDGE_LOOP('',(#1549,#1550,#1551,#1552));
#2671=EDGE_LOOP('',(#1553,#1554,#1555,#1556));
#2672=EDGE_LOOP('',(#1557,#1558,#1559,#1560,#1561,#1562,#1563,#1564,#1565,
#1566,#1567,#1568,#1569,#1570,#1571,#1572,#1573,#1574,#1575,#1576,#1577,
#1578,#1579,#1580,#1581,#1582,#1583,#1584,#1585,#1586,#1587,#1588,#1589,
#1590,#1591,#1592));
#2673=EDGE_LOOP('',(#1593,#1594,#1595,#1596,#1597,#1598,#1599,#1600,#1601,
#1602,#1603,#1604,#1605,#1606,#1607,#1608,#1609,#1610,#1611,#1612,#1613,
#1614,#1615,#1616,#1617,#1618,#1619,#1620,#1621,#1622,#1623,#1624,#1625,
#1626,#1627,#1628));
#2674=EDGE_LOOP('',(#1629,#1630,#1631,#1632));
#2675=EDGE_LOOP('',(#1633,#1634,#1635,#1636));
#2676=EDGE_LOOP('',(#1637,#1638,#1639,#1640));
#2677=FACE_BOUND('',#2540,.T.);
#2678=FACE_BOUND('',#2541,.T.);
#2679=FACE_BOUND('',#2542,.T.);
#2680=FACE_BOUND('',#2543,.T.);
#2681=FACE_BOUND('',#2544,.T.);
#2682=FACE_BOUND('',#2545,.T.);
#2683=FACE_BOUND('',#2546,.T.);
#2684=FACE_BOUND('',#2547,.T.);
#2685=FACE_BOUND('',#2548,.T.);
#2686=FACE_BOUND('',#2549,.T.);
#2687=FACE_BOUND('',#2550,.T.);
#2688=FACE_BOUND('',#2551,.T.);
#2689=FACE_BOUND('',#2552,.T.);
#2690=FACE_BOUND('',#2553,.T.);
#2691=FACE_BOUND('',#2554,.T.);
#2692=FACE_BOUND('',#2555,.T.);
#2693=FACE_BOUND('',#2556,.T.);
#2694=FACE_BOUND('',#2557,.T.);
#2695=FACE_BOUND('',#2558,.T.);
#2696=FACE_BOUND('',#2559,.T.);
#2697=FACE_BOUND('',#2560,.T.);
#2698=FACE_BOUND('',#2561,.T.);
#2699=FACE_BOUND('',#2562,.T.);
#2700=FACE_BOUND('',#2563,.T.);
#2701=FACE_BOUND('',#2564,.T.);
#2702=FACE_BOUND('',#2565,.T.);
#2703=FACE_BOUND('',#2566,.T.);
#2704=FACE_BOUND('',#2567,.T.);
#2705=FACE_BOUND('',#2568,.T.);
#2706=FACE_BOUND('',#2569,.T.);
#2707=FACE_BOUND('',#2570,.T.);
#2708=FACE_BOUND('',#2571,.T.);
#2709=FACE_BOUND('',#2572,.T.);
#2710=FACE_BOUND('',#2573,.T.);
#2711=FACE_BOUND('',#2574,.T.);
#2712=FACE_BOUND('',#2575,.T.);
#2713=FACE_BOUND('',#2576,.T.);
#2714=FACE_BOUND('',#2577,.T.);
#2715=FACE_BOUND('',#2578,.T.);
#2716=FACE_BOUND('',#2579,.T.);
#2717=FACE_BOUND('',#2580,.T.);
#2718=FACE_BOUND('',#2581,.T.);
#2719=FACE_BOUND('',#2582,.T.);
#2720=FACE_BOUND('',#2583,.T.);
#2721=FACE_BOUND('',#2584,.T.);
#2722=FACE_BOUND('',#2585,.T.);
#2723=FACE_BOUND('',#2586,.T.);
#2724=FACE_BOUND('',#2587,.T.);
#2725=FACE_BOUND('',#2588,.T.);
#2726=FACE_BOUND('',#2589,.T.);
#2727=FACE_BOUND('',#2590,.T.);
#2728=FACE_BOUND('',#2591,.T.);
#2729=FACE_BOUND('',#2592,.T.);
#2730=FACE_BOUND('',#2593,.T.);
#2731=FACE_BOUND('',#2594,.T.);
#2732=FACE_BOUND('',#2595,.T.);
#2733=FACE_BOUND('',#2596,.T.);
#2734=FACE_BOUND('',#2597,.T.);
#2735=FACE_BOUND('',#2598,.T.);
#2736=FACE_BOUND('',#2599,.T.);
#2737=FACE_BOUND('',#2600,.T.);
#2738=FACE_BOUND('',#2601,.T.);
#2739=FACE_BOUND('',#2602,.T.);
#2740=FACE_BOUND('',#2603,.T.);
#2741=FACE_BOUND('',#2604,.T.);
#2742=FACE_BOUND('',#2605,.T.);
#2743=FACE_BOUND('',#2606,.T.);
#2744=FACE_BOUND('',#2607,.T.);
#2745=FACE_BOUND('',#2608,.T.);
#2746=FACE_BOUND('',#2609,.T.);
#2747=FACE_BOUND('',#2610,.T.);
#2748=FACE_BOUND('',#2611,.T.);
#2749=FACE_BOUND('',#2612,.T.);
#2750=FACE_BOUND('',#2613,.T.);
#2751=FACE_BOUND('',#2614,.T.);
#2752=FACE_BOUND('',#2615,.T.);
#2753=FACE_BOUND('',#2616,.T.);
#2754=FACE_BOUND('',#2617,.T.);
#2755=FACE_BOUND('',#2618,.T.);
#2756=FACE_BOUND('',#2619,.T.);
#2757=FACE_BOUND('',#2620,.T.);
#2758=FACE_BOUND('',#2621,.T.);
#2759=FACE_BOUND('',#2622,.T.);
#2760=FACE_BOUND('',#2623,.T.);
#2761=FACE_BOUND('',#2624,.T.);
#2762=FACE_BOUND('',#2625,.T.);
#2763=FACE_BOUND('',#2626,.T.);
#2764=FACE_BOUND('',#2627,.T.);
#2765=FACE_BOUND('',#2628,.T.);
#2766=FACE_BOUND('',#2629,.T.);
#2767=FACE_BOUND('',#2630,.T.);
#2768=FACE_BOUND('',#2631,.T.);
#2769=FACE_BOUND('',#2632,.T.);
#2770=FACE_BOUND('',#2633,.T.);
#2771=FACE_BOUND('',#2634,.T.);
#2772=FACE_BOUND('',#2635,.T.);
#2773=FACE_BOUND('',#2636,.T.);
#2774=FACE_BOUND('',#2637,.T.);
#2775=FACE_BOUND('',#2638,.T.);
#2776=FACE_BOUND('',#2639,.T.);
#2777=FACE_BOUND('',#2640,.T.);
#2778=FACE_BOUND('',#2641,.T.);
#2779=FACE_BOUND('',#2642,.T.);
#2780=FACE_BOUND('',#2643,.T.);
#2781=FACE_BOUND('',#2644,.T.);
#2782=FACE_BOUND('',#2645,.T.);
#2783=FACE_BOUND('',#2646,.T.);
#2784=FACE_BOUND('',#2647,.T.);
#2785=FACE_BOUND('',#2648,.T.);
#2786=FACE_BOUND('',#2649,.T.);
#2787=FACE_BOUND('',#2650,.T.);
#2788=FACE_BOUND('',#2651,.T.);
#2789=FACE_BOUND('',#2652,.T.);
#2790=FACE_BOUND('',#2653,.T.);
#2791=FACE_BOUND('',#2654,.T.);
#2792=FACE_BOUND('',#2655,.T.);
#2793=FACE_BOUND('',#2656,.T.);
#2794=FACE_BOUND('',#2657,.T.);
#2795=FACE_BOUND('',#2658,.T.);
#2796=FACE_BOUND('',#2659,.T.);
#2797=FACE_BOUND('',#2660,.T.);
#2798=FACE_BOUND('',#2661,.T.);
#2799=FACE_BOUND('',#2662,.T.);
#2800=FACE_BOUND('',#2663,.T.);
#2801=FACE_BOUND('',#2664,.T.);
#2802=FACE_BOUND('',#2665,.T.);
#2803=FACE_BOUND('',#2666,.T.);
#2804=FACE_BOUND('',#2667,.T.);
#2805=FACE_BOUND('',#2668,.T.);
#2806=FACE_BOUND('',#2669,.T.);
#2807=FACE_BOUND('',#2670,.T.);
#2808=FACE_BOUND('',#2671,.T.);
#2809=FACE_BOUND('',#2672,.T.);
#2810=FACE_BOUND('',#2673,.T.);
#2811=FACE_BOUND('',#2674,.T.);
#2812=FACE_BOUND('',#2675,.T.);
#2813=FACE_BOUND('',#2676,.T.);
#2814=B_SPLINE_SURFACE_WITH_KNOTS('',3,1,((#3623,#3624),(#3625,#3626),(#3627,
#3628),(#3629,#3630)),.SURF_OF_LINEAR_EXTRUSION.,.F.,.F.,.F.,(4,4),(2,2),
(0.215203272684307,0.374074567650365),(0.,1.),.PIECEWISE_BEZIER_KNOTS.);
#2815=B_SPLINE_SURFACE_WITH_KNOTS('',3,1,((#3645,#3646),(#3647,#3648),(#3649,
#3650),(#3651,#3652)),.SURF_OF_LINEAR_EXTRUSION.,.F.,.F.,.F.,(4,4),(2,2),
(0.215203272684307,0.374074567650365),(0.,1.),.PIECEWISE_BEZIER_KNOTS.);
#2816=B_SPLINE_SURFACE_WITH_KNOTS('',3,1,((#3667,#3668),(#3669,#3670),(#3671,
#3672),(#3673,#3674)),.SURF_OF_LINEAR_EXTRUSION.,.F.,.F.,.F.,(4,4),(2,2),
(0.215203272684307,0.374074567650365),(0.,1.),.PIECEWISE_BEZIER_KNOTS.);
#2817=B_SPLINE_SURFACE_WITH_KNOTS('',3,1,((#3689,#3690),(#3691,#3692),(#3693,
#3694),(#3695,#3696)),.SURF_OF_LINEAR_EXTRUSION.,.F.,.F.,.F.,(4,4),(2,2),
(0.215203272684307,0.374074567650365),(0.,1.),.PIECEWISE_BEZIER_KNOTS.);
#2818=B_SPLINE_SURFACE_WITH_KNOTS('',3,1,((#3711,#3712),(#3713,#3714),(#3715,
#3716),(#3717,#3718)),.SURF_OF_LINEAR_EXTRUSION.,.F.,.F.,.F.,(4,4),(2,2),
(0.215203272684307,0.374074567650365),(0.,1.),.PIECEWISE_BEZIER_KNOTS.);
#2819=B_SPLINE_SURFACE_WITH_KNOTS('',3,1,((#3733,#3734),(#3735,#3736),(#3737,
#3738),(#3739,#3740)),.SURF_OF_LINEAR_EXTRUSION.,.F.,.F.,.F.,(4,4),(2,2),
(0.215203272684307,0.374074567650365),(0.,1.),.PIECEWISE_BEZIER_KNOTS.);
#2820=B_SPLINE_SURFACE_WITH_KNOTS('',3,1,((#3755,#3756),(#3757,#3758),(#3759,
#3760),(#3761,#3762)),.SURF_OF_LINEAR_EXTRUSION.,.F.,.F.,.F.,(4,4),(2,2),
(0.215203272684306,0.374074567650365),(0.,1.),.PIECEWISE_BEZIER_KNOTS.);
#2821=B_SPLINE_SURFACE_WITH_KNOTS('',3,1,((#3897,#3898),(#3899,#3900),(#3901,
#3902),(#3903,#3904),(#3905,#3906)),.SURF_OF_LINEAR_EXTRUSION.,.F.,.F.,
 .F.,(4,1,4),(2,2),(0.443548310972824,0.681511965234344,0.919475619495865),
(0.,1.),.UNSPECIFIED.);
#2822=B_SPLINE_SURFACE_WITH_KNOTS('',3,1,((#3907,#3908),(#3909,#3910),(#3911,
#3912),(#3913,#3914),(#3915,#3916)),.SURF_OF_LINEAR_EXTRUSION.,.F.,.F.,
 .F.,(4,1,4),(2,2),(0.0807763568372442,0.320409704884978,0.560043052932713),
(0.,1.),.UNSPECIFIED.);
#2823=B_SPLINE_SURFACE_WITH_KNOTS('',3,1,((#4051,#4052),(#4053,#4054),(#4055,
#4056),(#4057,#4058)),.SURF_OF_LINEAR_EXTRUSION.,.F.,.F.,.F.,(4,4),(2,2),
(0.0807763568372426,0.200187700187711),(0.,1.),.PIECEWISE_BEZIER_KNOTS.);
#2824=B_SPLINE_SURFACE_WITH_KNOTS('',3,1,((#4174,#4175),(#4176,#4177),(#4178,
#4179),(#4180,#4181),(#4182,#4183)),.SURF_OF_LINEAR_EXTRUSION.,.F.,.F.,
 .F.,(4,1,4),(2,2),(0.443548310972824,0.681511965234345,0.919475619495866),
(0.,1.),.UNSPECIFIED.);
#2825=B_SPLINE_SURFACE_WITH_KNOTS('',3,1,((#4184,#4185),(#4186,#4187),(#4188,
#4189),(#4190,#4191)),.SURF_OF_LINEAR_EXTRUSION.,.F.,.F.,.F.,(4,4),(2,2),
(0.399120676388196,0.560043052932713),(0.,1.),.PIECEWISE_BEZIER_KNOTS.);
#2826=B_SPLINE_SURFACE_WITH_KNOTS('',3,1,((#4199,#4200),(#4201,#4202),(#4203,
#4204),(#4205,#4206)),.SURF_OF_LINEAR_EXTRUSION.,.F.,.F.,.F.,(4,4),(2,2),
(0.0807763568372426,0.200187700187734),(0.,1.),.PIECEWISE_BEZIER_KNOTS.);
#2827=B_SPLINE_SURFACE_WITH_KNOTS('',3,1,((#4322,#4323),(#4324,#4325),(#4326,
#4327),(#4328,#4329),(#4330,#4331)),.SURF_OF_LINEAR_EXTRUSION.,.F.,.F.,
 .F.,(4,1,4),(2,2),(0.443548310972824,0.681511965234344,0.919475619495865),
(0.,1.),.UNSPECIFIED.);
#2828=B_SPLINE_SURFACE_WITH_KNOTS('',3,1,((#4332,#4333),(#4334,#4335),(#4336,
#4337),(#4338,#4339)),.SURF_OF_LINEAR_EXTRUSION.,.F.,.F.,.F.,(4,4),(2,2),
(0.399120676388196,0.560043052932713),(0.,1.),.PIECEWISE_BEZIER_KNOTS.);
#2829=B_SPLINE_SURFACE_WITH_KNOTS('',3,1,((#4347,#4348),(#4349,#4350),(#4351,
#4352),(#4353,#4354)),.SURF_OF_LINEAR_EXTRUSION.,.F.,.F.,.F.,(4,4),(2,2),
(0.0807763568372432,0.200187700187712),(0.,1.),.PIECEWISE_BEZIER_KNOTS.);
#2830=B_SPLINE_SURFACE_WITH_KNOTS('',3,1,((#4470,#4471),(#4472,#4473),(#4474,
#4475),(#4476,#4477),(#4478,#4479)),.SURF_OF_LINEAR_EXTRUSION.,.F.,.F.,
 .F.,(4,1,4),(2,2),(0.443548310972824,0.681511965234344,0.919475619495865),
(0.,1.),.UNSPECIFIED.);
#2831=B_SPLINE_SURFACE_WITH_KNOTS('',3,1,((#4480,#4481),(#4482,#4483),(#4484,
#4485),(#4486,#4487)),.SURF_OF_LINEAR_EXTRUSION.,.F.,.F.,.F.,(4,4),(2,2),
(0.399120676388196,0.560043052932713),(0.,1.),.PIECEWISE_BEZIER_KNOTS.);
#2832=B_SPLINE_SURFACE_WITH_KNOTS('',3,1,((#4495,#4496),(#4497,#4498),(#4499,
#4500),(#4501,#4502)),.SURF_OF_LINEAR_EXTRUSION.,.F.,.F.,.F.,(4,4),(2,2),
(0.0807763568372432,0.200187700187711),(0.,1.),.PIECEWISE_BEZIER_KNOTS.);
#2833=B_SPLINE_SURFACE_WITH_KNOTS('',3,1,((#4618,#4619),(#4620,#4621),(#4622,
#4623),(#4624,#4625),(#4626,#4627)),.SURF_OF_LINEAR_EXTRUSION.,.F.,.F.,
 .F.,(4,1,4),(2,2),(0.443548310972824,0.681511965234344,0.919475619495865),
(0.,1.),.UNSPECIFIED.);
#2834=B_SPLINE_SURFACE_WITH_KNOTS('',3,1,((#4628,#4629),(#4630,#4631),(#4632,
#4633),(#4634,#4635)),.SURF_OF_LINEAR_EXTRUSION.,.F.,.F.,.F.,(4,4),(2,2),
(0.399120676388196,0.560043052932713),(0.,1.),.PIECEWISE_BEZIER_KNOTS.);
#2835=B_SPLINE_SURFACE_WITH_KNOTS('',3,1,((#4643,#4644),(#4645,#4646),(#4647,
#4648),(#4649,#4650)),.SURF_OF_LINEAR_EXTRUSION.,.F.,.F.,.F.,(4,4),(2,2),
(0.0807763568372434,0.200187700187734),(0.,1.),.PIECEWISE_BEZIER_KNOTS.);
#2836=B_SPLINE_SURFACE_WITH_KNOTS('',3,1,((#4766,#4767),(#4768,#4769),(#4770,
#4771),(#4772,#4773),(#4774,#4775)),.SURF_OF_LINEAR_EXTRUSION.,.F.,.F.,
 .F.,(4,1,4),(2,2),(0.443548310972824,0.681511965234344,0.919475619495865),
(0.,1.),.UNSPECIFIED.);
#2837=B_SPLINE_SURFACE_WITH_KNOTS('',3,1,((#4776,#4777),(#4778,#4779),(#4780,
#4781),(#4782,#4783)),.SURF_OF_LINEAR_EXTRUSION.,.F.,.F.,.F.,(4,4),(2,2),
(0.399120676388196,0.560043052932713),(0.,1.),.PIECEWISE_BEZIER_KNOTS.);
#2838=B_SPLINE_SURFACE_WITH_KNOTS('',3,1,((#4791,#4792),(#4793,#4794),(#4795,
#4796),(#4797,#4798)),.SURF_OF_LINEAR_EXTRUSION.,.F.,.F.,.F.,(4,4),(2,2),
(0.0807763568372432,0.200187700187711),(0.,1.),.PIECEWISE_BEZIER_KNOTS.);
#2839=B_SPLINE_SURFACE_WITH_KNOTS('',3,1,((#4914,#4915),(#4916,#4917),(#4918,
#4919),(#4920,#4921),(#4922,#4923)),.SURF_OF_LINEAR_EXTRUSION.,.F.,.F.,
 .F.,(4,1,4),(2,2),(0.443548310972824,0.681511965234345,0.919475619495866),
(0.,1.),.UNSPECIFIED.);
#2840=B_SPLINE_SURFACE_WITH_KNOTS('',3,1,((#4924,#4925),(#4926,#4927),(#4928,
#4929),(#4930,#4931)),.SURF_OF_LINEAR_EXTRUSION.,.F.,.F.,.F.,(4,4),(2,2),
(0.399120676388196,0.560043052932713),(0.,1.),.PIECEWISE_BEZIER_KNOTS.);
#2841=B_SPLINE_SURFACE_WITH_KNOTS('',3,1,((#4939,#4940),(#4941,#4942),(#4943,
#4944),(#4945,#4946)),.SURF_OF_LINEAR_EXTRUSION.,.F.,.F.,.F.,(4,4),(2,2),
(0.0807763568372425,0.200187700187712),(0.,1.),.PIECEWISE_BEZIER_KNOTS.);
#2842=B_SPLINE_SURFACE_WITH_KNOTS('',3,1,((#5062,#5063),(#5064,#5065),(#5066,
#5067),(#5068,#5069),(#5070,#5071)),.SURF_OF_LINEAR_EXTRUSION.,.F.,.F.,
 .F.,(4,1,4),(2,2),(0.443548310972824,0.681511965234345,0.919475619495865),
(0.,1.),.UNSPECIFIED.);
#2843=B_SPLINE_SURFACE_WITH_KNOTS('',3,1,((#5072,#5073),(#5074,#5075),(#5076,
#5077),(#5078,#5079)),.SURF_OF_LINEAR_EXTRUSION.,.F.,.F.,.F.,(4,4),(2,2),
(0.399120676388196,0.560043052932713),(0.,1.),.PIECEWISE_BEZIER_KNOTS.);
#2844=B_SPLINE_SURFACE_WITH_KNOTS('',3,1,((#5198,#5199),(#5200,#5201),(#5202,
#5203),(#5204,#5205),(#5206,#5207)),.SURF_OF_LINEAR_EXTRUSION.,.F.,.F.,
 .F.,(4,1,4),(2,2),(0.443548310972824,0.681511965234344,0.919475619495865),
(0.,1.),.UNSPECIFIED.);
#2845=B_SPLINE_SURFACE_WITH_KNOTS('',3,1,((#5208,#5209),(#5210,#5211),(#5212,
#5213),(#5214,#5215),(#5216,#5217)),.SURF_OF_LINEAR_EXTRUSION.,.F.,.F.,
 .F.,(4,1,4),(2,2),(0.0807763568372429,0.320409704884978,0.560043052932713),
(0.,1.),.UNSPECIFIED.);
#2846=ADVANCED_FACE('',(#2677),#2814,.T.);
#2847=ADVANCED_FACE('',(#2678),#2815,.T.);
#2848=ADVANCED_FACE('',(#2679),#2816,.T.);
#2849=ADVANCED_FACE('',(#2680),#2817,.T.);
#2850=ADVANCED_FACE('',(#2681),#2818,.T.);
#2851=ADVANCED_FACE('',(#2682),#2819,.T.);
#2852=ADVANCED_FACE('',(#2683),#2820,.T.);
#2853=ADVANCED_FACE('',(#2684),#12,.F.);
#2854=ADVANCED_FACE('',(#2685),#13,.F.);
#2855=ADVANCED_FACE('',(#2686),#14,.F.);
#2856=ADVANCED_FACE('',(#2687),#15,.F.);
#2857=ADVANCED_FACE('',(#2688),#16,.F.);
#2858=ADVANCED_FACE('',(#2689),#17,.F.);
#2859=ADVANCED_FACE('',(#2690),#18,.F.);
#2860=ADVANCED_FACE('',(#2691),#19,.F.);
#2861=ADVANCED_FACE('',(#2692),#2821,.T.);
#2862=ADVANCED_FACE('',(#2693),#2822,.T.);
#2863=ADVANCED_FACE('',(#2694),#20,.F.);
#2864=ADVANCED_FACE('',(#2695),#21,.T.);
#2865=ADVANCED_FACE('',(#2696),#22,.T.);
#2866=ADVANCED_FACE('',(#2697),#23,.F.);
#2867=ADVANCED_FACE('',(#2698),#2823,.T.);
#2868=ADVANCED_FACE('',(#2699),#24,.F.);
#2869=ADVANCED_FACE('',(#2700),#25,.F.);
#2870=ADVANCED_FACE('',(#2701),#26,.F.);
#2871=ADVANCED_FACE('',(#2702),#27,.F.);
#2872=ADVANCED_FACE('',(#2703),#28,.F.);
#2873=ADVANCED_FACE('',(#2704),#29,.F.);
#2874=ADVANCED_FACE('',(#2705),#30,.F.);
#2875=ADVANCED_FACE('',(#2706),#31,.F.);
#2876=ADVANCED_FACE('',(#2707),#2824,.T.);
#2877=ADVANCED_FACE('',(#2708),#2825,.T.);
#2878=ADVANCED_FACE('',(#2709),#32,.F.);
#2879=ADVANCED_FACE('',(#2710),#33,.T.);
#2880=ADVANCED_FACE('',(#2711),#2826,.T.);
#2881=ADVANCED_FACE('',(#2712),#34,.F.);
#2882=ADVANCED_FACE('',(#2713),#35,.F.);
#2883=ADVANCED_FACE('',(#2714),#36,.F.);
#2884=ADVANCED_FACE('',(#2715),#37,.F.);
#2885=ADVANCED_FACE('',(#2716),#38,.F.);
#2886=ADVANCED_FACE('',(#2717),#39,.F.);
#2887=ADVANCED_FACE('',(#2718),#40,.F.);
#2888=ADVANCED_FACE('',(#2719),#41,.F.);
#2889=ADVANCED_FACE('',(#2720),#2827,.T.);
#2890=ADVANCED_FACE('',(#2721),#2828,.T.);
#2891=ADVANCED_FACE('',(#2722),#42,.F.);
#2892=ADVANCED_FACE('',(#2723),#43,.T.);
#2893=ADVANCED_FACE('',(#2724),#2829,.T.);
#2894=ADVANCED_FACE('',(#2725),#44,.F.);
#2895=ADVANCED_FACE('',(#2726),#45,.F.);
#2896=ADVANCED_FACE('',(#2727),#46,.F.);
#2897=ADVANCED_FACE('',(#2728),#47,.F.);
#2898=ADVANCED_FACE('',(#2729),#48,.F.);
#2899=ADVANCED_FACE('',(#2730),#49,.F.);
#2900=ADVANCED_FACE('',(#2731),#50,.F.);
#2901=ADVANCED_FACE('',(#2732),#51,.F.);
#2902=ADVANCED_FACE('',(#2733),#2830,.T.);
#2903=ADVANCED_FACE('',(#2734),#2831,.T.);
#2904=ADVANCED_FACE('',(#2735),#52,.F.);
#2905=ADVANCED_FACE('',(#2736),#53,.T.);
#2906=ADVANCED_FACE('',(#2737),#2832,.T.);
#2907=ADVANCED_FACE('',(#2738),#54,.F.);
#2908=ADVANCED_FACE('',(#2739),#55,.F.);
#2909=ADVANCED_FACE('',(#2740),#56,.F.);
#2910=ADVANCED_FACE('',(#2741),#57,.F.);
#2911=ADVANCED_FACE('',(#2742),#58,.F.);
#2912=ADVANCED_FACE('',(#2743),#59,.F.);
#2913=ADVANCED_FACE('',(#2744),#60,.F.);
#2914=ADVANCED_FACE('',(#2745),#61,.F.);
#2915=ADVANCED_FACE('',(#2746),#2833,.T.);
#2916=ADVANCED_FACE('',(#2747),#2834,.T.);
#2917=ADVANCED_FACE('',(#2748),#62,.F.);
#2918=ADVANCED_FACE('',(#2749),#63,.T.);
#2919=ADVANCED_FACE('',(#2750),#2835,.T.);
#2920=ADVANCED_FACE('',(#2751),#64,.F.);
#2921=ADVANCED_FACE('',(#2752),#65,.F.);
#2922=ADVANCED_FACE('',(#2753),#66,.F.);
#2923=ADVANCED_FACE('',(#2754),#67,.F.);
#2924=ADVANCED_FACE('',(#2755),#68,.F.);
#2925=ADVANCED_FACE('',(#2756),#69,.F.);
#2926=ADVANCED_FACE('',(#2757),#70,.F.);
#2927=ADVANCED_FACE('',(#2758),#71,.F.);
#2928=ADVANCED_FACE('',(#2759),#2836,.T.);
#2929=ADVANCED_FACE('',(#2760),#2837,.T.);
#2930=ADVANCED_FACE('',(#2761),#72,.F.);
#2931=ADVANCED_FACE('',(#2762),#73,.T.);
#2932=ADVANCED_FACE('',(#2763),#2838,.T.);
#2933=ADVANCED_FACE('',(#2764),#74,.F.);
#2934=ADVANCED_FACE('',(#2765),#75,.F.);
#2935=ADVANCED_FACE('',(#2766),#76,.F.);
#2936=ADVANCED_FACE('',(#2767),#77,.F.);
#2937=ADVANCED_FACE('',(#2768),#78,.F.);
#2938=ADVANCED_FACE('',(#2769),#79,.F.);
#2939=ADVANCED_FACE('',(#2770),#80,.F.);
#2940=ADVANCED_FACE('',(#2771),#81,.F.);
#2941=ADVANCED_FACE('',(#2772),#2839,.T.);
#2942=ADVANCED_FACE('',(#2773),#2840,.T.);
#2943=ADVANCED_FACE('',(#2774),#82,.F.);
#2944=ADVANCED_FACE('',(#2775),#83,.T.);
#2945=ADVANCED_FACE('',(#2776),#2841,.T.);
#2946=ADVANCED_FACE('',(#2777),#84,.F.);
#2947=ADVANCED_FACE('',(#2778),#85,.F.);
#2948=ADVANCED_FACE('',(#2779),#86,.F.);
#2949=ADVANCED_FACE('',(#2780),#87,.F.);
#2950=ADVANCED_FACE('',(#2781),#88,.F.);
#2951=ADVANCED_FACE('',(#2782),#89,.F.);
#2952=ADVANCED_FACE('',(#2783),#90,.F.);
#2953=ADVANCED_FACE('',(#2784),#91,.F.);
#2954=ADVANCED_FACE('',(#2785),#2842,.T.);
#2955=ADVANCED_FACE('',(#2786),#2843,.T.);
#2956=ADVANCED_FACE('',(#2787),#92,.F.);
#2957=ADVANCED_FACE('',(#2788),#93,.T.);
#2958=ADVANCED_FACE('',(#2789),#94,.F.);
#2959=ADVANCED_FACE('',(#2790),#95,.F.);
#2960=ADVANCED_FACE('',(#2791),#96,.F.);
#2961=ADVANCED_FACE('',(#2792),#97,.F.);
#2962=ADVANCED_FACE('',(#2793),#98,.F.);
#2963=ADVANCED_FACE('',(#2794),#99,.F.);
#2964=ADVANCED_FACE('',(#2795),#100,.F.);
#2965=ADVANCED_FACE('',(#2796),#101,.F.);
#2966=ADVANCED_FACE('',(#2797),#2844,.T.);
#2967=ADVANCED_FACE('',(#2798),#2845,.T.);
#2968=ADVANCED_FACE('',(#2799),#102,.F.);
#2969=ADVANCED_FACE('',(#2800),#103,.T.);
#2970=ADVANCED_FACE('',(#2801),#104,.T.);
#2971=ADVANCED_FACE('',(#2802),#105,.T.);
#2972=ADVANCED_FACE('',(#2803),#106,.T.);
#2973=ADVANCED_FACE('',(#2804),#107,.T.);
#2974=ADVANCED_FACE('',(#2805),#108,.T.);
#2975=ADVANCED_FACE('',(#2806),#109,.T.);
#2976=ADVANCED_FACE('',(#2807),#110,.T.);
#2977=ADVANCED_FACE('',(#2808),#111,.T.);
#2978=ADVANCED_FACE('',(#2809),#112,.T.);
#2979=ADVANCED_FACE('',(#2810),#113,.F.);
#2980=ADVANCED_FACE('',(#2811),#114,.F.);
#2981=ADVANCED_FACE('',(#2812),#115,.T.);
#2982=ADVANCED_FACE('',(#2813),#116,.F.);
#2983=CLOSED_SHELL('',(#2846,#2847,#2848,#2849,#2850,#2851,#2852,#2853,
#2854,#2855,#2856,#2857,#2858,#2859,#2860,#2861,#2862,#2863,#2864,#2865,
#2866,#2867,#2868,#2869,#2870,#2871,#2872,#2873,#2874,#2875,#2876,#2877,
#2878,#2879,#2880,#2881,#2882,#2883,#2884,#2885,#2886,#2887,#2888,#2889,
#2890,#2891,#2892,#2893,#2894,#2895,#2896,#2897,#2898,#2899,#2900,#2901,
#2902,#2903,#2904,#2905,#2906,#2907,#2908,#2909,#2910,#2911,#2912,#2913,
#2914,#2915,#2916,#2917,#2918,#2919,#2920,#2921,#2922,#2923,#2924,#2925,
#2926,#2927,#2928,#2929,#2930,#2931,#2932,#2933,#2934,#2935,#2936,#2937,
#2938,#2939,#2940,#2941,#2942,#2943,#2944,#2945,#2946,#2947,#2948,#2949,
#2950,#2951,#2952,#2953,#2954,#2955,#2956,#2957,#2958,#2959,#2960,#2961,
#2962,#2963,#2964,#2965,#2966,#2967,#2968,#2969,#2970,#2971,#2972,#2973,
#2974,#2975,#2976,#2977,#2978,#2979,#2980,#2981,#2982));
#2984=STYLED_ITEM('',(#2985),#2992);
#2985=PRESENTATION_STYLE_ASSIGNMENT((#2986));
#2986=SURFACE_STYLE_USAGE(.BOTH.,#2987);
#2987=SURFACE_SIDE_STYLE('',(#2988));
#2988=SURFACE_STYLE_FILL_AREA(#2989);
#2989=FILL_AREA_STYLE('',(#2990));
#2990=FILL_AREA_STYLE_COLOUR('',#2991);
#2991=COLOUR_RGB('',0.298039215686275,0.27843137254902,0.788235294117647);
#2992=MANIFOLD_SOLID_BREP('Solar Panels Main',#2983);
#2993=SHAPE_DEFINITION_REPRESENTATION(#5279,#2994);
#2994=SHAPE_REPRESENTATION('Solar Panels Main',(#2995),#5274);
#2995=AXIS2_PLACEMENT_3D('',#3622,#3101,#3102);
#2996=AXIS2_PLACEMENT_3D('',#3777,#3117,#3118);
#2997=AXIS2_PLACEMENT_3D('',#3786,#3123,#3124);
#2998=AXIS2_PLACEMENT_3D('',#3798,#3126,#3127);
#2999=AXIS2_PLACEMENT_3D('',#3818,#3129,#3130);
#3000=AXIS2_PLACEMENT_3D('',#3830,#3132,#3133);
#3001=AXIS2_PLACEMENT_3D('',#3836,#3137,#3138);
#3002=AXIS2_PLACEMENT_3D('',#3848,#3140,#3141);
#3003=AXIS2_PLACEMENT_3D('',#3888,#3150,#3151);
#3004=AXIS2_PLACEMENT_3D('',#3933,#3156,#3157);
#3005=AXIS2_PLACEMENT_3D('',#3939,#3161,#3162);
#3006=AXIS2_PLACEMENT_3D('',#3943,#3165,#3166);
#3007=AXIS2_PLACEMENT_3D('',#3988,#3193,#3194);
#3008=AXIS2_PLACEMENT_3D('',#4080,#3228,#3229);
#3009=AXIS2_PLACEMENT_3D('',#4086,#3233,#3234);
#3010=AXIS2_PLACEMENT_3D('',#4093,#3236,#3237);
#3011=AXIS2_PLACEMENT_3D('',#4115,#3242,#3243);
#3012=AXIS2_PLACEMENT_3D('',#4127,#3245,#3246);
#3013=AXIS2_PLACEMENT_3D('',#4133,#3250,#3251);
#3014=AXIS2_PLACEMENT_3D('',#4145,#3253,#3254);
#3015=AXIS2_PLACEMENT_3D('',#4169,#3261,#3262);
#3016=AXIS2_PLACEMENT_3D('',#4193,#3264,#3265);
#3017=AXIS2_PLACEMENT_3D('',#4197,#3268,#3269);
#3018=AXIS2_PLACEMENT_3D('',#4228,#3272,#3273);
#3019=AXIS2_PLACEMENT_3D('',#4234,#3277,#3278);
#3020=AXIS2_PLACEMENT_3D('',#4241,#3280,#3281);
#3021=AXIS2_PLACEMENT_3D('',#4263,#3286,#3287);
#3022=AXIS2_PLACEMENT_3D('',#4275,#3289,#3290);
#3023=AXIS2_PLACEMENT_3D('',#4281,#3294,#3295);
#3024=AXIS2_PLACEMENT_3D('',#4293,#3297,#3298);
#3025=AXIS2_PLACEMENT_3D('',#4317,#3305,#3306);
#3026=AXIS2_PLACEMENT_3D('',#4341,#3308,#3309);
#3027=AXIS2_PLACEMENT_3D('',#4345,#3312,#3313);
#3028=AXIS2_PLACEMENT_3D('',#4376,#3316,#3317);
#3029=AXIS2_PLACEMENT_3D('',#4382,#3321,#3322);
#3030=AXIS2_PLACEMENT_3D('',#4389,#3324,#3325);
#3031=AXIS2_PLACEMENT_3D('',#4411,#3330,#3331);
#3032=AXIS2_PLACEMENT_3D('',#4423,#3333,#3334);
#3033=AXIS2_PLACEMENT_3D('',#4429,#3338,#3339);
#3034=AXIS2_PLACEMENT_3D('',#4441,#3341,#3342);
#3035=AXIS2_PLACEMENT_3D('',#4465,#3349,#3350);
#3036=AXIS2_PLACEMENT_3D('',#4489,#3352,#3353);
#3037=AXIS2_PLACEMENT_3D('',#4493,#3356,#3357);
#3038=AXIS2_PLACEMENT_3D('',#4524,#3360,#3361);
#3039=AXIS2_PLACEMENT_3D('',#4530,#3365,#3366);
#3040=AXIS2_PLACEMENT_3D('',#4537,#3368,#3369);
#3041=AXIS2_PLACEMENT_3D('',#4559,#3374,#3375);
#3042=AXIS2_PLACEMENT_3D('',#4571,#3377,#3378);
#3043=AXIS2_PLACEMENT_3D('',#4577,#3382,#3383);
#3044=AXIS2_PLACEMENT_3D('',#4589,#3385,#3386);
#3045=AXIS2_PLACEMENT_3D('',#4613,#3393,#3394);
#3046=AXIS2_PLACEMENT_3D('',#4637,#3396,#3397);
#3047=AXIS2_PLACEMENT_3D('',#4641,#3400,#3401);
#3048=AXIS2_PLACEMENT_3D('',#4672,#3404,#3405);
#3049=AXIS2_PLACEMENT_3D('',#4678,#3409,#3410);
#3050=AXIS2_PLACEMENT_3D('',#4685,#3412,#3413);
#3051=AXIS2_PLACEMENT_3D('',#4707,#3418,#3419);
#3052=AXIS2_PLACEMENT_3D('',#4719,#3421,#3422);
#3053=AXIS2_PLACEMENT_3D('',#4725,#3426,#3427);
#3054=AXIS2_PLACEMENT_3D('',#4737,#3429,#3430);
#3055=AXIS2_PLACEMENT_3D('',#4761,#3437,#3438);
#3056=AXIS2_PLACEMENT_3D('',#4785,#3440,#3441);
#3057=AXIS2_PLACEMENT_3D('',#4789,#3444,#3445);
#3058=AXIS2_PLACEMENT_3D('',#4820,#3448,#3449);
#3059=AXIS2_PLACEMENT_3D('',#4826,#3453,#3454);
#3060=AXIS2_PLACEMENT_3D('',#4833,#3456,#3457);
#3061=AXIS2_PLACEMENT_3D('',#4855,#3462,#3463);
#3062=AXIS2_PLACEMENT_3D('',#4867,#3465,#3466);
#3063=AXIS2_PLACEMENT_3D('',#4873,#3470,#3471);
#3064=AXIS2_PLACEMENT_3D('',#4885,#3473,#3474);
#3065=AXIS2_PLACEMENT_3D('',#4909,#3481,#3482);
#3066=AXIS2_PLACEMENT_3D('',#4933,#3484,#3485);
#3067=AXIS2_PLACEMENT_3D('',#4937,#3488,#3489);
#3068=AXIS2_PLACEMENT_3D('',#4968,#3492,#3493);
#3069=AXIS2_PLACEMENT_3D('',#4974,#3497,#3498);
#3070=AXIS2_PLACEMENT_3D('',#4981,#3500,#3501);
#3071=AXIS2_PLACEMENT_3D('',#5003,#3506,#3507);
#3072=AXIS2_PLACEMENT_3D('',#5015,#3509,#3510);
#3073=AXIS2_PLACEMENT_3D('',#5021,#3514,#3515);
#3074=AXIS2_PLACEMENT_3D('',#5033,#3517,#3518);
#3075=AXIS2_PLACEMENT_3D('',#5057,#3525,#3526);
#3076=AXIS2_PLACEMENT_3D('',#5081,#3528,#3529);
#3077=AXIS2_PLACEMENT_3D('',#5085,#3532,#3533);
#3078=AXIS2_PLACEMENT_3D('',#5087,#3535,#3536);
#3079=AXIS2_PLACEMENT_3D('',#5096,#3541,#3542);
#3080=AXIS2_PLACEMENT_3D('',#5108,#3544,#3545);
#3081=AXIS2_PLACEMENT_3D('',#5139,#3550,#3551);
#3082=AXIS2_PLACEMENT_3D('',#5151,#3553,#3554);
#3083=AXIS2_PLACEMENT_3D('',#5157,#3558,#3559);
#3084=AXIS2_PLACEMENT_3D('',#5169,#3561,#3562);
#3085=AXIS2_PLACEMENT_3D('',#5189,#3564,#3565);
#3086=AXIS2_PLACEMENT_3D('',#5230,#3568,#3569);
#3087=AXIS2_PLACEMENT_3D('',#5231,#3570,#3571);
#3088=AXIS2_PLACEMENT_3D('',#5232,#3572,#3573);
#3089=AXIS2_PLACEMENT_3D('',#5235,#3576,#3577);
#3090=AXIS2_PLACEMENT_3D('',#5238,#3580,#3581);
#3091=AXIS2_PLACEMENT_3D('',#5241,#3584,#3585);
#3092=AXIS2_PLACEMENT_3D('',#5244,#3588,#3589);
#3093=AXIS2_PLACEMENT_3D('',#5247,#3592,#3593);
#3094=AXIS2_PLACEMENT_3D('',#5250,#3596,#3597);
#3095=AXIS2_PLACEMENT_3D('',#5253,#3600,#3601);
#3096=AXIS2_PLACEMENT_3D('',#5256,#3604,#3605);
#3097=AXIS2_PLACEMENT_3D('',#5262,#3609,#3610);
#3098=AXIS2_PLACEMENT_3D('',#5268,#3614,#3615);
#3099=AXIS2_PLACEMENT_3D('',#5270,#3617,#3618);
#3100=AXIS2_PLACEMENT_3D('',#5272,#3620,#3621);
#3101=DIRECTION('',(0.,0.,1.));
#3102=DIRECTION('',(1.,0.,0.));
#3103=DIRECTION('',(1.,0.,1.22933159714892E-16));
#3104=DIRECTION('',(1.,0.,1.22933159714892E-16));
#3105=DIRECTION('',(1.,0.,1.22933159714892E-16));
#3106=DIRECTION('',(1.,0.,1.22933159714892E-16));
#3107=DIRECTION('',(1.,0.,1.22933159714892E-16));
#3108=DIRECTION('',(1.,0.,1.22933159714892E-16));
#3109=DIRECTION('',(1.,0.,1.22933159714892E-16));
#3110=DIRECTION('',(1.,0.,1.22933159714892E-16));
#3111=DIRECTION('',(1.,0.,1.22933159714892E-16));
#3112=DIRECTION('',(1.,0.,1.22933159714892E-16));
#3113=DIRECTION('',(1.,0.,1.22933159714892E-16));
#3114=DIRECTION('',(1.,0.,1.22933159714892E-16));
#3115=DIRECTION('',(1.,0.,1.22933159714892E-16));
#3116=DIRECTION('',(1.,0.,1.22933159714892E-16));
#3117=DIRECTION('',(7.63638279664271E-16,-1.,0.));
#3118=DIRECTION('',(1.,7.63638279664271E-16,0.));
#3119=DIRECTION('',(0.,0.,-1.));
#3120=DIRECTION('',(1.,0.,1.22933159714892E-16));
#3121=DIRECTION('',(0.,0.,-1.));
#3122=DIRECTION('',(-1.,0.,-1.22933159714892E-16));
#3123=DIRECTION('',(0.707106781186548,-0.707106781186548,0.));
#3124=DIRECTION('',(0.707106781186548,0.707106781186548,0.));
#3125=DIRECTION('',(0.,0.,-1.));
#3126=DIRECTION('',(1.,0.,0.));
#3127=DIRECTION('',(0.,0.,-1.));
#3128=DIRECTION('',(0.,0.,-1.));
#3129=DIRECTION('',(0.707106781186547,0.707106781186548,0.));
#3130=DIRECTION('',(-0.707106781186548,0.707106781186547,0.));
#3131=DIRECTION('',(0.,0.,-1.));
#3132=DIRECTION('',(0.,1.,0.));
#3133=DIRECTION('',(0.,0.,1.));
#3134=DIRECTION('',(1.,0.,1.22933159714892E-16));
#3135=DIRECTION('',(0.,0.,-1.));
#3136=DIRECTION('',(-1.,0.,-1.22933159714892E-16));
#3137=DIRECTION('',(-0.707106781186548,0.707106781186547,0.));
#3138=DIRECTION('',(-0.707106781186547,-0.707106781186548,0.));
#3139=DIRECTION('',(0.,0.,-1.));
#3140=DIRECTION('',(-1.,0.,0.));
#3141=DIRECTION('',(0.,0.,1.));
#3142=DIRECTION('',(0.,0.,1.));
#3143=DIRECTION('',(0.,1.,0.));
#3144=DIRECTION('',(0.,0.,1.));
#3145=DIRECTION('',(0.,0.,1.));
#3146=DIRECTION('',(0.,1.,0.));
#3147=DIRECTION('',(0.,0.,1.));
#3148=DIRECTION('',(0.,1.,0.));
#3149=DIRECTION('',(0.,0.,-1.));
#3150=DIRECTION('',(-0.707106781186547,-0.707106781186548,0.));
#3151=DIRECTION('',(0.707106781186548,-0.707106781186547,0.));
#3152=DIRECTION('',(1.,0.,1.22933159714892E-16));
#3153=DIRECTION('',(1.,0.,1.22933159714892E-16));
#3154=DIRECTION('',(1.,0.,1.22933159714892E-16));
#3155=DIRECTION('',(1.,0.,1.22933159714892E-16));
#3156=DIRECTION('',(3.64246399155235E-16,-1.,0.));
#3157=DIRECTION('',(1.,3.64246399155235E-16,0.));
#3158=DIRECTION('',(-1.,-3.64246399155235E-16,0.));
#3159=DIRECTION('',(-1.,-3.64246399155235E-16,0.));
#3160=DIRECTION('',(0.,0.,-1.));
#3161=DIRECTION('',(0.,0.,1.));
#3162=DIRECTION('',(1.,0.,0.));
#3163=DIRECTION('',(-1.,-3.64246399155235E-16,0.));
#3164=DIRECTION('',(0.,-1.,0.));
#3165=DIRECTION('',(3.64246399155235E-16,-1.,0.));
#3166=DIRECTION('',(1.,3.64246399155235E-16,0.));
#3167=DIRECTION('',(0.,0.,-1.));
#3168=DIRECTION('',(-1.,-3.64246399155235E-16,0.));
#3169=DIRECTION('',(0.,0.,-1.));
#3170=DIRECTION('',(1.,0.,1.22933159714892E-16));
#3171=DIRECTION('',(0.,0.,-1.));
#3172=DIRECTION('',(-1.,-3.64246399155235E-16,0.));
#3173=DIRECTION('',(0.,0.,1.));
#3174=DIRECTION('',(0.,0.,-1.));
#3175=DIRECTION('',(-1.,-3.64246399155235E-16,0.));
#3176=DIRECTION('',(0.,0.,1.));
#3177=DIRECTION('',(0.,0.,-1.));
#3178=DIRECTION('',(-1.,-3.64246399155235E-16,0.));
#3179=DIRECTION('',(0.,0.,1.));
#3180=DIRECTION('',(0.,0.,-1.));
#3181=DIRECTION('',(-1.,-3.64246399155235E-16,0.));
#3182=DIRECTION('',(0.,0.,1.));
#3183=DIRECTION('',(0.,0.,-1.));
#3184=DIRECTION('',(-1.,-3.64246399155235E-16,0.));
#3185=DIRECTION('',(0.,0.,1.));
#3186=DIRECTION('',(0.,0.,-1.));
#3187=DIRECTION('',(-1.,-3.64246399155235E-16,0.));
#3188=DIRECTION('',(0.,0.,1.));
#3189=DIRECTION('',(0.,0.,-1.));
#3190=DIRECTION('',(-1.,-3.64246399155235E-16,0.));
#3191=DIRECTION('',(0.,0.,1.));
#3192=DIRECTION('',(0.,0.,-1.));
#3193=DIRECTION('',(0.,0.,1.));
#3194=DIRECTION('',(1.,0.,0.));
#3195=DIRECTION('',(0.,-1.,0.));
#3196=DIRECTION('',(1.,0.,1.22933159714892E-16));
#3197=DIRECTION('',(0.,1.,0.));
#3198=DIRECTION('',(-1.,-3.64246399155235E-16,0.));
#3199=DIRECTION('',(0.,-1.,0.));
#3200=DIRECTION('',(1.,0.,1.22933159714892E-16));
#3201=DIRECTION('',(0.,1.,0.));
#3202=DIRECTION('',(-1.,-3.64246399155235E-16,0.));
#3203=DIRECTION('',(0.,-1.,0.));
#3204=DIRECTION('',(1.,0.,1.22933159714892E-16));
#3205=DIRECTION('',(0.,1.,0.));
#3206=DIRECTION('',(-1.,-3.64246399155235E-16,0.));
#3207=DIRECTION('',(0.,-1.,0.));
#3208=DIRECTION('',(1.,0.,1.22933159714892E-16));
#3209=DIRECTION('',(0.,1.,0.));
#3210=DIRECTION('',(-1.,-3.64246399155235E-16,0.));
#3211=DIRECTION('',(0.,-1.,0.));
#3212=DIRECTION('',(1.,0.,1.22933159714892E-16));
#3213=DIRECTION('',(0.,1.,0.));
#3214=DIRECTION('',(-1.,-3.64246399155235E-16,0.));
#3215=DIRECTION('',(0.,-1.,0.));
#3216=DIRECTION('',(1.,0.,1.22933159714892E-16));
#3217=DIRECTION('',(0.,1.,0.));
#3218=DIRECTION('',(-1.,-3.64246399155235E-16,0.));
#3219=DIRECTION('',(0.,-1.,0.));
#3220=DIRECTION('',(1.,0.,1.22933159714892E-16));
#3221=DIRECTION('',(0.,1.,0.));
#3222=DIRECTION('',(-1.,-3.64246399155235E-16,0.));
#3223=DIRECTION('',(0.,-1.,0.));
#3224=DIRECTION('',(1.,0.,1.22933159714892E-16));
#3225=DIRECTION('',(0.,1.,0.));
#3226=DIRECTION('',(0.,1.,0.));
#3227=DIRECTION('',(1.,0.,1.22933159714892E-16));
#3228=DIRECTION('',(7.63638279664271E-16,-1.,0.));
#3229=DIRECTION('',(1.,7.63638279664271E-16,0.));
#3230=DIRECTION('',(0.,0.,-1.));
#3231=DIRECTION('',(0.,0.,-1.));
#3232=DIRECTION('',(-1.,0.,-1.22933159714892E-16));
#3233=DIRECTION('',(0.707106781186548,-0.707106781186548,0.));
#3234=DIRECTION('',(0.707106781186548,0.707106781186548,0.));
#3235=DIRECTION('',(0.,0.,-1.));
#3236=DIRECTION('',(1.,0.,0.));
#3237=DIRECTION('',(0.,0.,-1.));
#3238=DIRECTION('',(0.,-1.,0.));
#3239=DIRECTION('',(0.,0.,-1.));
#3240=DIRECTION('',(0.,0.,-1.));
#3241=DIRECTION('',(0.,0.,-1.));
#3242=DIRECTION('',(0.707106781186547,0.707106781186548,0.));
#3243=DIRECTION('',(-0.707106781186548,0.707106781186547,0.));
#3244=DIRECTION('',(0.,0.,-1.));
#3245=DIRECTION('',(0.,1.,0.));
#3246=DIRECTION('',(0.,0.,1.));
#3247=DIRECTION('',(1.,0.,1.22933159714892E-16));
#3248=DIRECTION('',(0.,0.,-1.));
#3249=DIRECTION('',(-1.,0.,-1.22933159714892E-16));
#3250=DIRECTION('',(-0.707106781186548,0.707106781186547,0.));
#3251=DIRECTION('',(-0.707106781186547,-0.707106781186548,0.));
#3252=DIRECTION('',(0.,0.,-1.));
#3253=DIRECTION('',(-1.,0.,0.));
#3254=DIRECTION('',(0.,0.,1.));
#3255=DIRECTION('',(0.,0.,1.));
#3256=DIRECTION('',(0.,1.,0.));
#3257=DIRECTION('',(0.,0.,1.));
#3258=DIRECTION('',(0.,1.,0.));
#3259=DIRECTION('',(0.,0.,1.));
#3260=DIRECTION('',(0.,0.,-1.));
#3261=DIRECTION('',(-0.707106781186547,-0.707106781186548,0.));
#3262=DIRECTION('',(0.707106781186548,-0.707106781186547,0.));
#3263=DIRECTION('',(1.,0.,1.22933159714892E-16));
#3264=DIRECTION('',(3.64246399155235E-16,-1.,0.));
#3265=DIRECTION('',(1.,3.64246399155235E-16,0.));
#3266=DIRECTION('',(-1.,-3.64246399155235E-16,0.));
#3267=DIRECTION('',(0.,0.,-1.));
#3268=DIRECTION('',(0.,0.,1.));
#3269=DIRECTION('',(1.,0.,0.));
#3270=DIRECTION('',(0.,-1.,0.));
#3271=DIRECTION('',(1.,0.,1.22933159714892E-16));
#3272=DIRECTION('',(7.63638279664271E-16,-1.,0.));
#3273=DIRECTION('',(1.,7.63638279664271E-16,0.));
#3274=DIRECTION('',(0.,0.,-1.));
#3275=DIRECTION('',(0.,0.,-1.));
#3276=DIRECTION('',(-1.,0.,-1.22933159714892E-16));
#3277=DIRECTION('',(0.707106781186548,-0.707106781186548,0.));
#3278=DIRECTION('',(0.707106781186548,0.707106781186548,0.));
#3279=DIRECTION('',(0.,0.,-1.));
#3280=DIRECTION('',(1.,0.,0.));
#3281=DIRECTION('',(0.,0.,-1.));
#3282=DIRECTION('',(0.,-1.,0.));
#3283=DIRECTION('',(0.,0.,-1.));
#3284=DIRECTION('',(0.,0.,-1.));
#3285=DIRECTION('',(0.,0.,-1.));
#3286=DIRECTION('',(0.707106781186547,0.707106781186548,0.));
#3287=DIRECTION('',(-0.707106781186548,0.707106781186547,0.));
#3288=DIRECTION('',(0.,0.,-1.));
#3289=DIRECTION('',(0.,1.,0.));
#3290=DIRECTION('',(0.,0.,1.));
#3291=DIRECTION('',(1.,0.,1.22933159714892E-16));
#3292=DIRECTION('',(0.,0.,-1.));
#3293=DIRECTION('',(-1.,0.,-1.22933159714892E-16));
#3294=DIRECTION('',(-0.707106781186548,0.707106781186547,0.));
#3295=DIRECTION('',(-0.707106781186547,-0.707106781186548,0.));
#3296=DIRECTION('',(0.,0.,-1.));
#3297=DIRECTION('',(-1.,0.,0.));
#3298=DIRECTION('',(0.,0.,1.));
#3299=DIRECTION('',(0.,0.,1.));
#3300=DIRECTION('',(0.,1.,0.));
#3301=DIRECTION('',(0.,0.,1.));
#3302=DIRECTION('',(0.,1.,0.));
#3303=DIRECTION('',(0.,0.,1.));
#3304=DIRECTION('',(0.,0.,-1.));
#3305=DIRECTION('',(-0.707106781186547,-0.707106781186548,0.));
#3306=DIRECTION('',(0.707106781186548,-0.707106781186547,0.));
#3307=DIRECTION('',(1.,0.,1.22933159714892E-16));
#3308=DIRECTION('',(3.64246399155235E-16,-1.,0.));
#3309=DIRECTION('',(1.,3.64246399155235E-16,0.));
#3310=DIRECTION('',(-1.,-3.64246399155235E-16,0.));
#3311=DIRECTION('',(0.,0.,-1.));
#3312=DIRECTION('',(0.,0.,1.));
#3313=DIRECTION('',(1.,0.,0.));
#3314=DIRECTION('',(0.,-1.,0.));
#3315=DIRECTION('',(1.,0.,1.22933159714892E-16));
#3316=DIRECTION('',(7.63638279664271E-16,-1.,0.));
#3317=DIRECTION('',(1.,7.63638279664271E-16,0.));
#3318=DIRECTION('',(0.,0.,-1.));
#3319=DIRECTION('',(0.,0.,-1.));
#3320=DIRECTION('',(-1.,0.,-1.22933159714892E-16));
#3321=DIRECTION('',(0.707106781186548,-0.707106781186548,0.));
#3322=DIRECTION('',(0.707106781186548,0.707106781186548,0.));
#3323=DIRECTION('',(0.,0.,-1.));
#3324=DIRECTION('',(1.,0.,0.));
#3325=DIRECTION('',(0.,0.,-1.));
#3326=DIRECTION('',(0.,-1.,0.));
#3327=DIRECTION('',(0.,0.,-1.));
#3328=DIRECTION('',(0.,0.,-1.));
#3329=DIRECTION('',(0.,0.,-1.));
#3330=DIRECTION('',(0.707106781186547,0.707106781186548,0.));
#3331=DIRECTION('',(-0.707106781186548,0.707106781186547,0.));
#3332=DIRECTION('',(0.,0.,-1.));
#3333=DIRECTION('',(0.,1.,0.));
#3334=DIRECTION('',(0.,0.,1.));
#3335=DIRECTION('',(1.,0.,1.22933159714892E-16));
#3336=DIRECTION('',(0.,0.,-1.));
#3337=DIRECTION('',(-1.,0.,-1.22933159714892E-16));
#3338=DIRECTION('',(-0.707106781186548,0.707106781186547,0.));
#3339=DIRECTION('',(-0.707106781186547,-0.707106781186548,0.));
#3340=DIRECTION('',(0.,0.,-1.));
#3341=DIRECTION('',(-1.,0.,0.));
#3342=DIRECTION('',(0.,0.,1.));
#3343=DIRECTION('',(0.,0.,1.));
#3344=DIRECTION('',(0.,1.,0.));
#3345=DIRECTION('',(0.,0.,1.));
#3346=DIRECTION('',(0.,1.,0.));
#3347=DIRECTION('',(0.,0.,1.));
#3348=DIRECTION('',(0.,0.,-1.));
#3349=DIRECTION('',(-0.707106781186547,-0.707106781186548,0.));
#3350=DIRECTION('',(0.707106781186548,-0.707106781186547,0.));
#3351=DIRECTION('',(1.,0.,1.22933159714892E-16));
#3352=DIRECTION('',(3.64246399155235E-16,-1.,0.));
#3353=DIRECTION('',(1.,3.64246399155235E-16,0.));
#3354=DIRECTION('',(-1.,-3.64246399155235E-16,0.));
#3355=DIRECTION('',(0.,0.,-1.));
#3356=DIRECTION('',(0.,0.,1.));
#3357=DIRECTION('',(1.,0.,0.));
#3358=DIRECTION('',(0.,-1.,0.));
#3359=DIRECTION('',(1.,0.,1.22933159714892E-16));
#3360=DIRECTION('',(7.63638279664271E-16,-1.,0.));
#3361=DIRECTION('',(1.,7.63638279664271E-16,0.));
#3362=DIRECTION('',(0.,0.,-1.));
#3363=DIRECTION('',(0.,0.,-1.));
#3364=DIRECTION('',(-1.,0.,-1.22933159714892E-16));
#3365=DIRECTION('',(0.707106781186548,-0.707106781186548,0.));
#3366=DIRECTION('',(0.707106781186548,0.707106781186548,0.));
#3367=DIRECTION('',(0.,0.,-1.));
#3368=DIRECTION('',(1.,0.,0.));
#3369=DIRECTION('',(0.,0.,-1.));
#3370=DIRECTION('',(0.,-1.,0.));
#3371=DIRECTION('',(0.,0.,-1.));
#3372=DIRECTION('',(0.,0.,-1.));
#3373=DIRECTION('',(0.,0.,-1.));
#3374=DIRECTION('',(0.707106781186547,0.707106781186548,0.));
#3375=DIRECTION('',(-0.707106781186548,0.707106781186547,0.));
#3376=DIRECTION('',(0.,0.,-1.));
#3377=DIRECTION('',(0.,1.,0.));
#3378=DIRECTION('',(0.,0.,1.));
#3379=DIRECTION('',(1.,0.,1.22933159714892E-16));
#3380=DIRECTION('',(0.,0.,-1.));
#3381=DIRECTION('',(-1.,0.,-1.22933159714892E-16));
#3382=DIRECTION('',(-0.707106781186548,0.707106781186547,0.));
#3383=DIRECTION('',(-0.707106781186547,-0.707106781186548,0.));
#3384=DIRECTION('',(0.,0.,-1.));
#3385=DIRECTION('',(-1.,0.,0.));
#3386=DIRECTION('',(0.,0.,1.));
#3387=DIRECTION('',(0.,0.,1.));
#3388=DIRECTION('',(0.,1.,0.));
#3389=DIRECTION('',(0.,0.,1.));
#3390=DIRECTION('',(0.,1.,0.));
#3391=DIRECTION('',(0.,0.,1.));
#3392=DIRECTION('',(0.,0.,-1.));
#3393=DIRECTION('',(-0.707106781186547,-0.707106781186548,0.));
#3394=DIRECTION('',(0.707106781186548,-0.707106781186547,0.));
#3395=DIRECTION('',(1.,0.,1.22933159714892E-16));
#3396=DIRECTION('',(3.64246399155235E-16,-1.,0.));
#3397=DIRECTION('',(1.,3.64246399155235E-16,0.));
#3398=DIRECTION('',(-1.,-3.64246399155235E-16,0.));
#3399=DIRECTION('',(0.,0.,-1.));
#3400=DIRECTION('',(0.,0.,1.));
#3401=DIRECTION('',(1.,0.,0.));
#3402=DIRECTION('',(0.,-1.,0.));
#3403=DIRECTION('',(1.,0.,1.22933159714892E-16));
#3404=DIRECTION('',(7.63638279664271E-16,-1.,0.));
#3405=DIRECTION('',(1.,7.63638279664271E-16,0.));
#3406=DIRECTION('',(0.,0.,-1.));
#3407=DIRECTION('',(0.,0.,-1.));
#3408=DIRECTION('',(-1.,0.,-1.22933159714892E-16));
#3409=DIRECTION('',(0.707106781186548,-0.707106781186548,0.));
#3410=DIRECTION('',(0.707106781186548,0.707106781186548,0.));
#3411=DIRECTION('',(0.,0.,-1.));
#3412=DIRECTION('',(1.,0.,0.));
#3413=DIRECTION('',(0.,0.,-1.));
#3414=DIRECTION('',(0.,-1.,0.));
#3415=DIRECTION('',(0.,0.,-1.));
#3416=DIRECTION('',(0.,0.,-1.));
#3417=DIRECTION('',(0.,0.,-1.));
#3418=DIRECTION('',(0.707106781186547,0.707106781186548,0.));
#3419=DIRECTION('',(-0.707106781186548,0.707106781186547,0.));
#3420=DIRECTION('',(0.,0.,-1.));
#3421=DIRECTION('',(0.,1.,0.));
#3422=DIRECTION('',(0.,0.,1.));
#3423=DIRECTION('',(1.,0.,1.22933159714892E-16));
#3424=DIRECTION('',(0.,0.,-1.));
#3425=DIRECTION('',(-1.,0.,-1.22933159714892E-16));
#3426=DIRECTION('',(-0.707106781186548,0.707106781186547,0.));
#3427=DIRECTION('',(-0.707106781186547,-0.707106781186548,0.));
#3428=DIRECTION('',(0.,0.,-1.));
#3429=DIRECTION('',(-1.,0.,0.));
#3430=DIRECTION('',(0.,0.,1.));
#3431=DIRECTION('',(0.,0.,1.));
#3432=DIRECTION('',(0.,1.,0.));
#3433=DIRECTION('',(0.,0.,1.));
#3434=DIRECTION('',(0.,1.,0.));
#3435=DIRECTION('',(0.,0.,1.));
#3436=DIRECTION('',(0.,0.,-1.));
#3437=DIRECTION('',(-0.707106781186547,-0.707106781186548,0.));
#3438=DIRECTION('',(0.707106781186548,-0.707106781186547,0.));
#3439=DIRECTION('',(1.,0.,1.22933159714892E-16));
#3440=DIRECTION('',(3.64246399155235E-16,-1.,0.));
#3441=DIRECTION('',(1.,3.64246399155235E-16,0.));
#3442=DIRECTION('',(-1.,-3.64246399155235E-16,0.));
#3443=DIRECTION('',(0.,0.,-1.));
#3444=DIRECTION('',(0.,0.,1.));
#3445=DIRECTION('',(1.,0.,0.));
#3446=DIRECTION('',(0.,-1.,0.));
#3447=DIRECTION('',(1.,0.,1.22933159714892E-16));
#3448=DIRECTION('',(7.63638279664271E-16,-1.,0.));
#3449=DIRECTION('',(1.,7.63638279664271E-16,0.));
#3450=DIRECTION('',(0.,0.,-1.));
#3451=DIRECTION('',(0.,0.,-1.));
#3452=DIRECTION('',(-1.,0.,-1.22933159714892E-16));
#3453=DIRECTION('',(0.707106781186548,-0.707106781186548,0.));
#3454=DIRECTION('',(0.707106781186548,0.707106781186548,0.));
#3455=DIRECTION('',(0.,0.,-1.));
#3456=DIRECTION('',(1.,0.,0.));
#3457=DIRECTION('',(0.,0.,-1.));
#3458=DIRECTION('',(0.,-1.,0.));
#3459=DIRECTION('',(0.,0.,-1.));
#3460=DIRECTION('',(0.,0.,-1.));
#3461=DIRECTION('',(0.,0.,-1.));
#3462=DIRECTION('',(0.707106781186547,0.707106781186548,0.));
#3463=DIRECTION('',(-0.707106781186548,0.707106781186547,0.));
#3464=DIRECTION('',(0.,0.,-1.));
#3465=DIRECTION('',(0.,1.,0.));
#3466=DIRECTION('',(0.,0.,1.));
#3467=DIRECTION('',(1.,0.,1.22933159714892E-16));
#3468=DIRECTION('',(0.,0.,-1.));
#3469=DIRECTION('',(-1.,0.,-1.22933159714892E-16));
#3470=DIRECTION('',(-0.707106781186548,0.707106781186547,0.));
#3471=DIRECTION('',(-0.707106781186547,-0.707106781186548,0.));
#3472=DIRECTION('',(0.,0.,-1.));
#3473=DIRECTION('',(-1.,0.,0.));
#3474=DIRECTION('',(0.,0.,1.));
#3475=DIRECTION('',(0.,0.,1.));
#3476=DIRECTION('',(0.,1.,0.));
#3477=DIRECTION('',(0.,0.,1.));
#3478=DIRECTION('',(0.,1.,0.));
#3479=DIRECTION('',(0.,0.,1.));
#3480=DIRECTION('',(0.,0.,-1.));
#3481=DIRECTION('',(-0.707106781186547,-0.707106781186548,0.));
#3482=DIRECTION('',(0.707106781186548,-0.707106781186547,0.));
#3483=DIRECTION('',(1.,0.,1.22933159714892E-16));
#3484=DIRECTION('',(3.64246399155235E-16,-1.,0.));
#3485=DIRECTION('',(1.,3.64246399155235E-16,0.));
#3486=DIRECTION('',(-1.,-3.64246399155235E-16,0.));
#3487=DIRECTION('',(0.,0.,-1.));
#3488=DIRECTION('',(0.,0.,1.));
#3489=DIRECTION('',(1.,0.,0.));
#3490=DIRECTION('',(0.,-1.,0.));
#3491=DIRECTION('',(1.,0.,1.22933159714892E-16));
#3492=DIRECTION('',(7.63638279664271E-16,-1.,0.));
#3493=DIRECTION('',(1.,7.63638279664271E-16,0.));
#3494=DIRECTION('',(0.,0.,-1.));
#3495=DIRECTION('',(0.,0.,-1.));
#3496=DIRECTION('',(-1.,0.,-1.22933159714892E-16));
#3497=DIRECTION('',(0.707106781186548,-0.707106781186548,0.));
#3498=DIRECTION('',(0.707106781186548,0.707106781186548,0.));
#3499=DIRECTION('',(0.,0.,-1.));
#3500=DIRECTION('',(1.,0.,0.));
#3501=DIRECTION('',(0.,0.,-1.));
#3502=DIRECTION('',(0.,-1.,0.));
#3503=DIRECTION('',(0.,0.,-1.));
#3504=DIRECTION('',(0.,0.,-1.));
#3505=DIRECTION('',(0.,0.,-1.));
#3506=DIRECTION('',(0.707106781186547,0.707106781186548,0.));
#3507=DIRECTION('',(-0.707106781186548,0.707106781186547,0.));
#3508=DIRECTION('',(0.,0.,-1.));
#3509=DIRECTION('',(0.,1.,0.));
#3510=DIRECTION('',(0.,0.,1.));
#3511=DIRECTION('',(1.,0.,1.22933159714892E-16));
#3512=DIRECTION('',(0.,0.,-1.));
#3513=DIRECTION('',(-1.,0.,-1.22933159714892E-16));
#3514=DIRECTION('',(-0.707106781186548,0.707106781186547,0.));
#3515=DIRECTION('',(-0.707106781186547,-0.707106781186548,0.));
#3516=DIRECTION('',(0.,0.,-1.));
#3517=DIRECTION('',(-1.,0.,0.));
#3518=DIRECTION('',(0.,0.,1.));
#3519=DIRECTION('',(0.,0.,1.));
#3520=DIRECTION('',(0.,1.,0.));
#3521=DIRECTION('',(0.,0.,1.));
#3522=DIRECTION('',(0.,1.,0.));
#3523=DIRECTION('',(0.,0.,1.));
#3524=DIRECTION('',(0.,0.,-1.));
#3525=DIRECTION('',(-0.707106781186547,-0.707106781186548,0.));
#3526=DIRECTION('',(0.707106781186548,-0.707106781186547,0.));
#3527=DIRECTION('',(1.,0.,1.22933159714892E-16));
#3528=DIRECTION('',(3.64246399155235E-16,-1.,0.));
#3529=DIRECTION('',(1.,3.64246399155235E-16,0.));
#3530=DIRECTION('',(-1.,-3.64246399155235E-16,0.));
#3531=DIRECTION('',(0.,0.,-1.));
#3532=DIRECTION('',(0.,0.,1.));
#3533=DIRECTION('',(1.,0.,0.));
#3534=DIRECTION('',(0.,-1.,0.));
#3535=DIRECTION('',(7.63638279664271E-16,-1.,0.));
#3536=DIRECTION('',(1.,7.63638279664271E-16,0.));
#3537=DIRECTION('',(0.,0.,-1.));
#3538=DIRECTION('',(1.,0.,1.22933159714892E-16));
#3539=DIRECTION('',(0.,0.,-1.));
#3540=DIRECTION('',(-1.,0.,-1.22933159714892E-16));
#3541=DIRECTION('',(0.707106781186548,-0.707106781186548,0.));
#3542=DIRECTION('',(0.707106781186548,0.707106781186548,0.));
#3543=DIRECTION('',(0.,0.,-1.));
#3544=DIRECTION('',(1.,0.,0.));
#3545=DIRECTION('',(0.,0.,-1.));
#3546=DIRECTION('',(0.,-1.,0.));
#3547=DIRECTION('',(0.,0.,-1.));
#3548=DIRECTION('',(0.,0.,-1.));
#3549=DIRECTION('',(0.,0.,-1.));
#3550=DIRECTION('',(0.707106781186547,0.707106781186548,0.));
#3551=DIRECTION('',(-0.707106781186548,0.707106781186547,0.));
#3552=DIRECTION('',(0.,0.,-1.));
#3553=DIRECTION('',(0.,1.,0.));
#3554=DIRECTION('',(0.,0.,1.));
#3555=DIRECTION('',(1.,0.,1.22933159714892E-16));
#3556=DIRECTION('',(0.,0.,-1.));
#3557=DIRECTION('',(-1.,0.,-1.22933159714892E-16));
#3558=DIRECTION('',(-0.707106781186548,0.707106781186547,0.));
#3559=DIRECTION('',(-0.707106781186547,-0.707106781186548,0.));
#3560=DIRECTION('',(0.,0.,-1.));
#3561=DIRECTION('',(-1.,0.,0.));
#3562=DIRECTION('',(0.,0.,1.));
#3563=DIRECTION('',(0.,0.,-1.));
#3564=DIRECTION('',(-0.707106781186547,-0.707106781186548,0.));
#3565=DIRECTION('',(0.707106781186548,-0.707106781186547,0.));
#3566=DIRECTION('',(1.,0.,1.22933159714892E-16));
#3567=DIRECTION('',(1.,0.,1.22933159714892E-16));
#3568=DIRECTION('',(-1.,0.,0.));
#3569=DIRECTION('',(0.,0.,1.));
#3570=DIRECTION('',(-1.,0.,0.));
#3571=DIRECTION('',(0.,0.,1.));
#3572=DIRECTION('',(0.,0.,1.));
#3573=DIRECTION('',(1.,0.,0.));
#3574=DIRECTION('',(-1.,1.21415466385078E-16,0.));
#3575=DIRECTION('',(-1.,1.21415466385078E-16,0.));
#3576=DIRECTION('',(0.,0.,1.));
#3577=DIRECTION('',(1.,0.,0.));
#3578=DIRECTION('',(-1.,1.21415466385078E-16,0.));
#3579=DIRECTION('',(-1.,1.21415466385078E-16,0.));
#3580=DIRECTION('',(0.,0.,1.));
#3581=DIRECTION('',(1.,0.,0.));
#3582=DIRECTION('',(-1.,1.21415466385078E-16,0.));
#3583=DIRECTION('',(-1.,1.21415466385078E-16,0.));
#3584=DIRECTION('',(0.,0.,1.));
#3585=DIRECTION('',(1.,0.,0.));
#3586=DIRECTION('',(-1.,1.21415466385078E-16,0.));
#3587=DIRECTION('',(-1.,1.21415466385078E-16,0.));
#3588=DIRECTION('',(0.,0.,1.));
#3589=DIRECTION('',(1.,0.,0.));
#3590=DIRECTION('',(-1.,1.21415466385078E-16,0.));
#3591=DIRECTION('',(-1.,1.21415466385078E-16,0.));
#3592=DIRECTION('',(0.,0.,1.));
#3593=DIRECTION('',(1.,0.,0.));
#3594=DIRECTION('',(-1.,1.21415466385078E-16,0.));
#3595=DIRECTION('',(-1.,1.21415466385078E-16,0.));
#3596=DIRECTION('',(0.,0.,1.));
#3597=DIRECTION('',(1.,0.,0.));
#3598=DIRECTION('',(-1.,1.21415466385078E-16,0.));
#3599=DIRECTION('',(-1.,1.21415466385078E-16,0.));
#3600=DIRECTION('',(0.,0.,1.));
#3601=DIRECTION('',(1.,0.,0.));
#3602=DIRECTION('',(-1.,1.21415466385078E-16,0.));
#3603=DIRECTION('',(-1.,1.21415466385078E-16,0.));
#3604=DIRECTION('',(-1.21415466385078E-16,-1.,0.));
#3605=DIRECTION('',(1.,-1.21415466385078E-16,0.));
#3606=DIRECTION('',(0.,0.,-1.));
#3607=DIRECTION('',(-1.,1.21415466385078E-16,0.));
#3608=DIRECTION('',(0.,0.,-1.));
#3609=DIRECTION('',(-1.21415466385078E-16,-1.,0.));
#3610=DIRECTION('',(1.,-1.21415466385078E-16,0.));
#3611=DIRECTION('',(0.,0.,-1.));
#3612=DIRECTION('',(-1.,1.21415466385078E-16,0.));
#3613=DIRECTION('',(0.,0.,-1.));
#3614=DIRECTION('',(-1.,0.,0.));
#3615=DIRECTION('',(0.,0.,1.));
#3616=DIRECTION('',(0.,1.,0.));
#3617=DIRECTION('',(-1.,0.,0.));
#3618=DIRECTION('',(0.,0.,1.));
#3619=DIRECTION('',(0.,1.,0.));
#3620=DIRECTION('',(0.,0.,1.));
#3621=DIRECTION('',(1.,0.,0.));
#3622=CARTESIAN_POINT('',(0.,0.,0.));
#3623=CARTESIAN_POINT('',(-0.33655,-0.0666749999999985,0.0215160552990687));
#3624=CARTESIAN_POINT('',(-0.46355,-0.0666749999999986,0.0215160552990687));
#3625=CARTESIAN_POINT('',(-0.33655,-0.0824505304447136,0.0238594595147989));
#3626=CARTESIAN_POINT('',(-0.46355,-0.0824505304447138,0.0238594595147989));
#3627=CARTESIAN_POINT('',(-0.33655,-0.0974763359932129,0.0253221967806558));
#3628=CARTESIAN_POINT('',(-0.46355,-0.097476335993213,0.0253221967806558));
#3629=CARTESIAN_POINT('',(-0.33655,-0.111125000000001,0.0259049112471955));
#3630=CARTESIAN_POINT('',(-0.46355,-0.111125000000001,0.0259049112471955));
#3631=CARTESIAN_POINT('',(-0.33655,-0.111125,0.0259049112471954));
#3632=CARTESIAN_POINT('',(-0.33655,-0.0962266892339173,0.02526884450791));
#3633=CARTESIAN_POINT('',(-0.33655,-0.0814198505620859,0.0237063553392859));
#3634=CARTESIAN_POINT('',(-0.33655,-0.0666749999999985,0.0215160552990687));
#3635=CARTESIAN_POINT('',(-0.33655,-0.111124999999999,0.0259049112471954));
#3636=CARTESIAN_POINT('',(-0.33655,-0.0666749999999983,0.0215160552990697));
#3637=CARTESIAN_POINT('',(-0.40005,-0.111125,0.0259049112471954));
#3638=CARTESIAN_POINT('',(-0.46355,-0.111125,0.0259049112471953));
#3639=CARTESIAN_POINT('',(-0.46355,-0.0666750000000024,0.0215160552990688));
#3640=CARTESIAN_POINT('',(-0.46355,-0.0814198505620888,0.0237063553392857));
#3641=CARTESIAN_POINT('',(-0.46355,-0.0962266892339195,0.02526884450791));
#3642=CARTESIAN_POINT('',(-0.46355,-0.111125000000001,0.0259049112471955));
#3643=CARTESIAN_POINT('',(-0.46355,-0.0666750000000023,0.0215160552990682));
#3644=CARTESIAN_POINT('',(-0.40005,-0.066675,0.021516055299069));
#3645=CARTESIAN_POINT('',(-0.2032,-0.0666749999999985,0.0215160552990687));
#3646=CARTESIAN_POINT('',(-0.3302,-0.0666749999999986,0.0215160552990687));
#3647=CARTESIAN_POINT('',(-0.2032,-0.0824505304447136,0.0238594595147989));
#3648=CARTESIAN_POINT('',(-0.3302,-0.0824505304447138,0.0238594595147989));
#3649=CARTESIAN_POINT('',(-0.2032,-0.0974763359932129,0.0253221967806558));
#3650=CARTESIAN_POINT('',(-0.3302,-0.097476335993213,0.0253221967806558));
#3651=CARTESIAN_POINT('',(-0.2032,-0.111125000000001,0.0259049112471955));
#3652=CARTESIAN_POINT('',(-0.3302,-0.111125000000001,0.0259049112471955));
#3653=CARTESIAN_POINT('',(-0.2032,-0.111125,0.0259049112471954));
#3654=CARTESIAN_POINT('',(-0.2032,-0.0962266892339173,0.02526884450791));
#3655=CARTESIAN_POINT('',(-0.2032,-0.0814198505620859,0.0237063553392859));
#3656=CARTESIAN_POINT('',(-0.2032,-0.0666749999999985,0.0215160552990687));
#3657=CARTESIAN_POINT('',(-0.2032,-0.111124999999999,0.0259049112471954));
#3658=CARTESIAN_POINT('',(-0.2032,-0.0666749999999983,0.0215160552990697));
#3659=CARTESIAN_POINT('',(-0.2667,-0.111125,0.0259049112471954));
#3660=CARTESIAN_POINT('',(-0.3302,-0.111125,0.0259049112471953));
#3661=CARTESIAN_POINT('',(-0.3302,-0.0666750000000024,0.0215160552990688));
#3662=CARTESIAN_POINT('',(-0.3302,-0.0814198505620888,0.0237063553392857));
#3663=CARTESIAN_POINT('',(-0.3302,-0.0962266892339195,0.02526884450791));
#3664=CARTESIAN_POINT('',(-0.3302,-0.111125000000001,0.0259049112471955));
#3665=CARTESIAN_POINT('',(-0.3302,-0.0666750000000023,0.0215160552990682));
#3666=CARTESIAN_POINT('',(-0.2667,-0.066675,0.021516055299069));
#3667=CARTESIAN_POINT('',(-0.06985,-0.0666749999999984,0.0215160552990687));
#3668=CARTESIAN_POINT('',(-0.19685,-0.0666749999999985,0.0215160552990687));
#3669=CARTESIAN_POINT('',(-0.06985,-0.0824505304447136,0.0238594595147989));
#3670=CARTESIAN_POINT('',(-0.19685,-0.0824505304447137,0.0238594595147989));
#3671=CARTESIAN_POINT('',(-0.06985,-0.0974763359932129,0.0253221967806558));
#3672=CARTESIAN_POINT('',(-0.19685,-0.097476335993213,0.0253221967806558));
#3673=CARTESIAN_POINT('',(-0.06985,-0.111125000000001,0.0259049112471955));
#3674=CARTESIAN_POINT('',(-0.19685,-0.111125000000001,0.0259049112471955));
#3675=CARTESIAN_POINT('',(-0.06985,-0.111125,0.0259049112471954));
#3676=CARTESIAN_POINT('',(-0.06985,-0.0962266892339173,0.02526884450791));
#3677=CARTESIAN_POINT('',(-0.06985,-0.0814198505620858,0.0237063553392859));
#3678=CARTESIAN_POINT('',(-0.06985,-0.0666749999999984,0.0215160552990687));
#3679=CARTESIAN_POINT('',(-0.06985,-0.111124999999999,0.0259049112471954));
#3680=CARTESIAN_POINT('',(-0.06985,-0.0666749999999982,0.0215160552990697));
#3681=CARTESIAN_POINT('',(-0.13335,-0.111125,0.0259049112471954));
#3682=CARTESIAN_POINT('',(-0.19685,-0.111125,0.0259049112471953));
#3683=CARTESIAN_POINT('',(-0.19685,-0.0666750000000023,0.0215160552990687));
#3684=CARTESIAN_POINT('',(-0.19685,-0.0814198505620888,0.0237063553392857));
#3685=CARTESIAN_POINT('',(-0.19685,-0.0962266892339195,0.02526884450791));
#3686=CARTESIAN_POINT('',(-0.19685,-0.111125000000001,0.0259049112471955));
#3687=CARTESIAN_POINT('',(-0.19685,-0.0666750000000022,0.0215160552990682));
#3688=CARTESIAN_POINT('',(-0.13335,-0.066675,0.021516055299069));
#3689=CARTESIAN_POINT('',(0.0635,-0.0666749999999983,0.0215160552990687));
#3690=CARTESIAN_POINT('',(-0.0635,-0.0666749999999984,0.0215160552990687));
#3691=CARTESIAN_POINT('',(0.0635,-0.0824505304447135,0.0238594595147989));
#3692=CARTESIAN_POINT('',(-0.0635,-0.0824505304447136,0.0238594595147989));
#3693=CARTESIAN_POINT('',(0.0635,-0.0974763359932129,0.0253221967806558));
#3694=CARTESIAN_POINT('',(-0.0635,-0.097476335993213,0.0253221967806558));
#3695=CARTESIAN_POINT('',(0.0635,-0.111125000000001,0.0259049112471955));
#3696=CARTESIAN_POINT('',(-0.0635,-0.111125000000001,0.0259049112471955));
#3697=CARTESIAN_POINT('',(0.0635,-0.111125,0.0259049112471954));
#3698=CARTESIAN_POINT('',(0.0635,-0.0962266892339173,0.02526884450791));
#3699=CARTESIAN_POINT('',(0.0635,-0.0814198505620858,0.0237063553392859));
#3700=CARTESIAN_POINT('',(0.0635,-0.0666749999999983,0.0215160552990687));
#3701=CARTESIAN_POINT('',(0.0635,-0.111124999999999,0.0259049112471954));
#3702=CARTESIAN_POINT('',(0.0635,-0.0666749999999981,0.0215160552990697));
#3703=CARTESIAN_POINT('',(0.,-0.111125,0.0259049112471954));
#3704=CARTESIAN_POINT('',(-0.0635,-0.111125,0.0259049112471953));
#3705=CARTESIAN_POINT('',(-0.0635,-0.0666750000000023,0.0215160552990687));
#3706=CARTESIAN_POINT('',(-0.0635,-0.0814198505620888,0.0237063553392857));
#3707=CARTESIAN_POINT('',(-0.0635,-0.0962266892339195,0.02526884450791));
#3708=CARTESIAN_POINT('',(-0.0635,-0.111125000000001,0.0259049112471955));
#3709=CARTESIAN_POINT('',(-0.0635,-0.0666750000000022,0.0215160552990682));
#3710=CARTESIAN_POINT('',(0.,-0.066675,0.0215160552990689));
#3711=CARTESIAN_POINT('',(0.19685,-0.0666749999999983,0.0215160552990687));
#3712=CARTESIAN_POINT('',(0.06985,-0.0666749999999984,0.0215160552990687));
#3713=CARTESIAN_POINT('',(0.19685,-0.0824505304447135,0.0238594595147989));
#3714=CARTESIAN_POINT('',(0.06985,-0.0824505304447136,0.0238594595147989));
#3715=CARTESIAN_POINT('',(0.19685,-0.0974763359932129,0.0253221967806558));
#3716=CARTESIAN_POINT('',(0.06985,-0.097476335993213,0.0253221967806558));
#3717=CARTESIAN_POINT('',(0.19685,-0.111125000000001,0.0259049112471955));
#3718=CARTESIAN_POINT('',(0.06985,-0.111125000000001,0.0259049112471955));
#3719=CARTESIAN_POINT('',(0.19685,-0.111125,0.0259049112471954));
#3720=CARTESIAN_POINT('',(0.19685,-0.0962266892339173,0.02526884450791));
#3721=CARTESIAN_POINT('',(0.19685,-0.0814198505620858,0.0237063553392859));
#3722=CARTESIAN_POINT('',(0.19685,-0.0666749999999983,0.0215160552990687));
#3723=CARTESIAN_POINT('',(0.19685,-0.111124999999999,0.0259049112471954));
#3724=CARTESIAN_POINT('',(0.19685,-0.0666749999999981,0.0215160552990697));
#3725=CARTESIAN_POINT('',(0.13335,-0.111125,0.0259049112471954));
#3726=CARTESIAN_POINT('',(0.06985,-0.111125,0.0259049112471953));
#3727=CARTESIAN_POINT('',(0.06985,-0.0666750000000023,0.0215160552990687));
#3728=CARTESIAN_POINT('',(0.06985,-0.0814198505620888,0.0237063553392857));
#3729=CARTESIAN_POINT('',(0.06985,-0.0962266892339195,0.02526884450791));
#3730=CARTESIAN_POINT('',(0.06985,-0.111125000000001,0.0259049112471955));
#3731=CARTESIAN_POINT('',(0.06985,-0.0666750000000022,0.0215160552990682));
#3732=CARTESIAN_POINT('',(0.13335,-0.066675,0.0215160552990689));
#3733=CARTESIAN_POINT('',(0.3302,-0.0666749999999983,0.0215160552990687));
#3734=CARTESIAN_POINT('',(0.2032,-0.0666749999999984,0.0215160552990687));
#3735=CARTESIAN_POINT('',(0.3302,-0.0824505304447135,0.0238594595147989));
#3736=CARTESIAN_POINT('',(0.2032,-0.0824505304447136,0.0238594595147989));
#3737=CARTESIAN_POINT('',(0.3302,-0.097476335993213,0.0253221967806558));
#3738=CARTESIAN_POINT('',(0.2032,-0.0974763359932131,0.0253221967806558));
#3739=CARTESIAN_POINT('',(0.3302,-0.111125000000001,0.0259049112471955));
#3740=CARTESIAN_POINT('',(0.2032,-0.111125000000001,0.0259049112471955));
#3741=CARTESIAN_POINT('',(0.3302,-0.111125,0.0259049112471954));
#3742=CARTESIAN_POINT('',(0.3302,-0.0962266892339173,0.02526884450791));
#3743=CARTESIAN_POINT('',(0.3302,-0.0814198505620858,0.0237063553392859));
#3744=CARTESIAN_POINT('',(0.3302,-0.0666749999999983,0.0215160552990687));
#3745=CARTESIAN_POINT('',(0.3302,-0.111124999999999,0.0259049112471954));
#3746=CARTESIAN_POINT('',(0.3302,-0.0666749999999981,0.0215160552990697));
#3747=CARTESIAN_POINT('',(0.2667,-0.111125,0.0259049112471954));
#3748=CARTESIAN_POINT('',(0.2032,-0.111125,0.0259049112471953));
#3749=CARTESIAN_POINT('',(0.2032,-0.0666750000000021,0.0215160552990687));
#3750=CARTESIAN_POINT('',(0.2032,-0.0814198505620887,0.0237063553392857));
#3751=CARTESIAN_POINT('',(0.2032,-0.0962266892339194,0.02526884450791));
#3752=CARTESIAN_POINT('',(0.2032,-0.111125000000001,0.0259049112471955));
#3753=CARTESIAN_POINT('',(0.2032,-0.0666750000000021,0.0215160552990682));
#3754=CARTESIAN_POINT('',(0.2667,-0.066675,0.0215160552990689));
#3755=CARTESIAN_POINT('',(0.46355,-0.0666749999999982,0.0215160552990687));
#3756=CARTESIAN_POINT('',(0.33655,-0.0666749999999983,0.0215160552990687));
#3757=CARTESIAN_POINT('',(0.46355,-0.0824505304447135,0.0238594595147989));
#3758=CARTESIAN_POINT('',(0.33655,-0.0824505304447136,0.0238594595147989));
#3759=CARTESIAN_POINT('',(0.46355,-0.0974763359932129,0.0253221967806558));
#3760=CARTESIAN_POINT('',(0.33655,-0.097476335993213,0.0253221967806558));
#3761=CARTESIAN_POINT('',(0.46355,-0.111125000000001,0.0259049112471955));
#3762=CARTESIAN_POINT('',(0.33655,-0.111125000000001,0.0259049112471955));
#3763=CARTESIAN_POINT('',(0.46355,-0.111125,0.0259049112471954));
#3764=CARTESIAN_POINT('',(0.46355,-0.0962266892339172,0.02526884450791));
#3765=CARTESIAN_POINT('',(0.46355,-0.0814198505620858,0.0237063553392859));
#3766=CARTESIAN_POINT('',(0.46355,-0.0666749999999982,0.0215160552990687));
#3767=CARTESIAN_POINT('',(0.46355,-0.111124999999999,0.0259049112471954));
#3768=CARTESIAN_POINT('',(0.46355,-0.066674999999998,0.0215160552990697));
#3769=CARTESIAN_POINT('',(0.40005,-0.111125,0.0259049112471954));
#3770=CARTESIAN_POINT('',(0.33655,-0.111125,0.0259049112471953));
#3771=CARTESIAN_POINT('',(0.33655,-0.0666750000000021,0.0215160552990687));
#3772=CARTESIAN_POINT('',(0.33655,-0.0814198505620886,0.0237063553392857));
#3773=CARTESIAN_POINT('',(0.33655,-0.0962266892339194,0.02526884450791));
#3774=CARTESIAN_POINT('',(0.33655,-0.111125000000001,0.0259049112471955));
#3775=CARTESIAN_POINT('',(0.33655,-0.066675000000002,0.0215160552990682));
#3776=CARTESIAN_POINT('',(0.40005,-0.066675,0.0215160552990689));
#3777=CARTESIAN_POINT('',(-0.5334,-0.0254,0.0508));
#3778=CARTESIAN_POINT('',(-0.478880256121069,-0.0254,0.0508));
#3779=CARTESIAN_POINT('',(-0.478880256121069,-0.0254,0.0152438606715693));
#3780=CARTESIAN_POINT('',(-0.478880256121069,-0.0254,0.0136756047520177));
#3781=CARTESIAN_POINT('',(-0.5334,-0.0254000000000019,0.0136756047520177));
#3782=CARTESIAN_POINT('',(-0.587919743878931,-0.0254,0.0136756047520169));
#3783=CARTESIAN_POINT('',(-0.587919743878931,-0.0254,0.0508));
#3784=CARTESIAN_POINT('',(-0.587919743878931,-0.0254,0.0152438606715695));
#3785=CARTESIAN_POINT('',(-0.5334,-0.0254,0.0152438606715694));
#3786=CARTESIAN_POINT('',(-0.592409871939466,-0.0298901280605347,0.0508));
#3787=CARTESIAN_POINT('',(-0.587919743878931,-0.0254000000238614,0.0136756047575301));
#3788=CARTESIAN_POINT('',(-0.590910251495794,-0.0283905076407237,0.0143665442367686));
#3789=CARTESIAN_POINT('',(-0.593903676964791,-0.0313839330858594,0.0150312040538982));
#3790=CARTESIAN_POINT('',(-0.596899999989305,-0.0343802561103743,0.0156697667964237));
#3791=CARTESIAN_POINT('',(-0.5969,-0.0343802561210693,0.0156697667987023));
#3792=CARTESIAN_POINT('',(-0.5969,-0.0343802561210693,0.0508));
#3793=CARTESIAN_POINT('',(-0.5969,-0.0343802561210693,0.017232578970594));
#3794=CARTESIAN_POINT('',(-0.5969,-0.0343802561210693,0.017232578970594));
#3795=CARTESIAN_POINT('',(-0.593903693422621,-0.0313839495436904,0.016595753805009));
#3796=CARTESIAN_POINT('',(-0.590910268803431,-0.0283905249244997,0.0159329010992998));
#3797=CARTESIAN_POINT('',(-0.587919743878931,-0.0254,0.0152438606715694));
#3798=CARTESIAN_POINT('',(-0.5969,-0.0889,0.0508));
#3799=CARTESIAN_POINT('',(-0.5969,-0.0343802561001818,0.0156697667942512));
#3800=CARTESIAN_POINT('',(-0.5969,-0.0433682912081001,0.0175852559798734));
#3801=CARTESIAN_POINT('',(-0.5969,-0.0613861735370312,0.0209479580496578));
#3802=CARTESIAN_POINT('',(-0.5969,-0.0885430444734068,0.0245355382729626));
#3803=CARTESIAN_POINT('',(-0.596899999999999,-0.111297631227681,0.0261380020340036));
#3804=CARTESIAN_POINT('',(-0.5969,-0.129604292956905,0.0262665058023712));
#3805=CARTESIAN_POINT('',(-0.5969,-0.138803208747643,0.0258202272488975));
#3806=CARTESIAN_POINT('',(-0.5969,-0.143419743878935,0.0254058306960688));
#3807=CARTESIAN_POINT('',(-0.5969,-0.143419743878931,0.025405830696069));
#3808=CARTESIAN_POINT('',(-0.5969,-0.143419743878931,0.0508));
#3809=CARTESIAN_POINT('',(-0.5969,-0.143419743878931,0.0269420873328523));
#3810=CARTESIAN_POINT('',(-0.5969,-0.143419743866195,0.0269420873339851));
#3811=CARTESIAN_POINT('',(-0.5969,-0.138835149486473,0.0273500022547587));
#3812=CARTESIAN_POINT('',(-0.5969,-0.129680775154236,0.0277930226449155));
#3813=CARTESIAN_POINT('',(-0.5969,-0.111411402210342,0.0276694378656584));
#3814=CARTESIAN_POINT('',(-0.5969,-0.088634948277464,0.02608352538859));
#3815=CARTESIAN_POINT('',(-0.5969,-0.061353286988779,0.0224924941424194));
#3816=CARTESIAN_POINT('',(-0.5969,-0.0433463880713069,0.0191382112269773));
#3817=CARTESIAN_POINT('',(-0.5969,-0.0343802561210694,0.0172325789705939));
#3818=CARTESIAN_POINT('',(-0.592409871939466,-0.147909871939465,0.0508));
#3819=CARTESIAN_POINT('',(-0.5969,-0.143419743878936,0.0254058306960687));
#3820=CARTESIAN_POINT('',(-0.593901032902493,-0.146418710976443,0.0251366327820681));
#3821=CARTESIAN_POINT('',(-0.590906906341527,-0.149412837537404,0.0247871968502874));
#3822=CARTESIAN_POINT('',(-0.587919743876295,-0.152400000002636,0.0243223223279621));
#3823=CARTESIAN_POINT('',(-0.587919743878931,-0.1524,0.0243223223283723));
#3824=CARTESIAN_POINT('',(-0.587919743878931,-0.1524,0.0508));
#3825=CARTESIAN_POINT('',(-0.587919743878931,-0.1524,0.0258696824799305));
#3826=CARTESIAN_POINT('',(-0.587919743878931,-0.152400000005158,0.0258696824791376));
#3827=CARTESIAN_POINT('',(-0.59090708889503,-0.14941265498906,0.0263288722354016));
#3828=CARTESIAN_POINT('',(-0.593901168862438,-0.146418575016494,0.0266752659161327));
#3829=CARTESIAN_POINT('',(-0.596900000006412,-0.14341974387252,0.0269420873334219));
#3830=CARTESIAN_POINT('',(-0.5334,-0.1524,0.0508));
#3831=CARTESIAN_POINT('',(-0.5334,-0.1524,0.0243223223283724));
#3832=CARTESIAN_POINT('',(-0.478880256121069,-0.1524,0.0243223223283724));
#3833=CARTESIAN_POINT('',(-0.478880256121069,-0.1524,0.0508));
#3834=CARTESIAN_POINT('',(-0.478880256121069,-0.1524,0.02586968247993));
#3835=CARTESIAN_POINT('',(-0.5334,-0.1524,0.0258696824799305));
#3836=CARTESIAN_POINT('',(-0.474390128060535,-0.147909871939465,0.0508));
#3837=CARTESIAN_POINT('',(-0.478880256121069,-0.152400000005235,0.0243223223275576));
#3838=CARTESIAN_POINT('',(-0.475893093655851,-0.149412837540017,0.0247871968500885));
#3839=CARTESIAN_POINT('',(-0.472898967097513,-0.146418710976444,0.0251366327820682));
#3840=CARTESIAN_POINT('',(-0.469900000000002,-0.143419743878933,0.025405830696069));
#3841=CARTESIAN_POINT('',(-0.4699,-0.143419743878931,0.0254058306960693));
#3842=CARTESIAN_POINT('',(-0.4699,-0.143419743878931,0.0508));
#3843=CARTESIAN_POINT('',(-0.4699,-0.143419743878931,0.0269420873328506));
#3844=CARTESIAN_POINT('',(-0.4699,-0.143419743866194,0.0269420873339843));
#3845=CARTESIAN_POINT('',(-0.472898831143996,-0.14641857501019,0.0266752659170391));
#3846=CARTESIAN_POINT('',(-0.475892911107556,-0.149412654986487,0.0263288722355976));
#3847=CARTESIAN_POINT('',(-0.478880256123666,-0.152400000002596,0.0258696824795314));
#3848=CARTESIAN_POINT('',(-0.4699,-0.0889,0.0508));
#3849=CARTESIAN_POINT('',(-0.4699,-0.143419743878935,0.0254058306960689));
#3850=CARTESIAN_POINT('',(-0.4699,-0.134786216486436,0.0261808067091299));
#3851=CARTESIAN_POINT('',(-0.4699,-0.126135184925851,0.0263153159012168));
#3852=CARTESIAN_POINT('',(-0.4699,-0.117475,0.0261149090477318));
#3853=CARTESIAN_POINT('',(-0.4699,-0.117475,0.0261149090477318));
#3854=CARTESIAN_POINT('',(-0.4699,-0.117475,0.0508));
#3855=CARTESIAN_POINT('',(-0.4699,-0.117475,0.02619375));
#3856=CARTESIAN_POINT('',(-0.4699,-0.0889,0.02619375));
#3857=CARTESIAN_POINT('',(-0.4699,-0.111125,0.02619375));
#3858=CARTESIAN_POINT('',(-0.4699,-0.111125,0.0508));
#3859=CARTESIAN_POINT('',(-0.4699,-0.111125,0.0259049112471955));
#3860=CARTESIAN_POINT('',(-0.4699,-0.111125000000001,0.0259049112471955));
#3861=CARTESIAN_POINT('',(-0.4699,-0.0962266892339187,0.0252688445079101));
#3862=CARTESIAN_POINT('',(-0.4699,-0.0814198505620875,0.0237063553392861));
#3863=CARTESIAN_POINT('',(-0.4699,-0.0666750000000002,0.021516055299069));
#3864=CARTESIAN_POINT('',(-0.4699,-0.066675,0.02151605529907));
#3865=CARTESIAN_POINT('',(-0.4699,-0.066675,0.0508));
#3866=CARTESIAN_POINT('',(-0.4699,-0.066675,0.02162175));
#3867=CARTESIAN_POINT('',(-0.4699,-0.0889,0.02162175));
#3868=CARTESIAN_POINT('',(-0.4699,-0.060325,0.02162175));
#3869=CARTESIAN_POINT('',(-0.4699,-0.060325,0.0508));
#3870=CARTESIAN_POINT('',(-0.4699,-0.060325,0.020828));
#3871=CARTESIAN_POINT('',(-0.4699,-0.0889,0.020828));
#3872=CARTESIAN_POINT('',(-0.4699,-0.0621824093379922,0.0208280000000011));
#3873=CARTESIAN_POINT('',(-0.4699,-0.0621824093379924,0.0208280000000005));
#3874=CARTESIAN_POINT('',(-0.4699,-0.0528685928213521,0.0193588514963929));
#3875=CARTESIAN_POINT('',(-0.4699,-0.0436020197839804,0.0176350671511316));
#3876=CARTESIAN_POINT('',(-0.4699,-0.034380256100182,0.0156697667942516));
#3877=CARTESIAN_POINT('',(-0.4699,-0.0343802561210692,0.0156697667987036));
#3878=CARTESIAN_POINT('',(-0.4699,-0.0343802561210692,0.0508));
#3879=CARTESIAN_POINT('',(-0.4699,-0.0343802561210692,0.0172325789705937));
#3880=CARTESIAN_POINT('',(-0.4699,-0.0343802561210692,0.0172325789705938));
#3881=CARTESIAN_POINT('',(-0.4699,-0.0433688163305234,0.0191429780555779));
#3882=CARTESIAN_POINT('',(-0.4699,-0.061387538581544,0.0224965803292158));
#3883=CARTESIAN_POINT('',(-0.4699,-0.0885451645366817,0.0260721977830785));
#3884=CARTESIAN_POINT('',(-0.4699,-0.111300015449634,0.0276649977376786));
#3885=CARTESIAN_POINT('',(-0.4699,-0.129605778291985,0.0277950836529876));
#3886=CARTESIAN_POINT('',(-0.4699,-0.138803836052214,0.0273527883722701));
#3887=CARTESIAN_POINT('',(-0.4699,-0.143419743866194,0.0269420873339847));
#3888=CARTESIAN_POINT('',(-0.474390128060535,-0.0298901280605346,0.0508));
#3889=CARTESIAN_POINT('',(-0.4699,-0.034380256100182,0.0156697667942519));
#3890=CARTESIAN_POINT('',(-0.472896323024503,-0.0313839330756793,0.0150312040515442));
#3891=CARTESIAN_POINT('',(-0.475889748492006,-0.0283905076290634,0.0143665442342882));
#3892=CARTESIAN_POINT('',(-0.478880256108852,-0.0254000000122178,0.0136756047548401));
#3893=CARTESIAN_POINT('',(-0.478880256121069,-0.0254000000000002,0.0152438606715694));
#3894=CARTESIAN_POINT('',(-0.47588973119657,-0.0283905249244999,0.0159329010992997));
#3895=CARTESIAN_POINT('',(-0.472896306577379,-0.0313839495436906,0.0165957538050089));
#3896=CARTESIAN_POINT('',(-0.4699,-0.0343802561210694,0.0172325789705939));
#3897=CARTESIAN_POINT('',(-0.4699,-0.152400000010316,0.0258696824783447));
#3898=CARTESIAN_POINT('',(-0.5969,-0.152400000010317,0.0258696824783447));
#3899=CARTESIAN_POINT('',(-0.4699,-0.137735337502069,0.0281238120705304));
#3900=CARTESIAN_POINT('',(-0.5969,-0.137735337502069,0.0281238120705304));
#3901=CARTESIAN_POINT('',(-0.4699,-0.099217342659,0.0285008588948298));
#3902=CARTESIAN_POINT('',(-0.5969,-0.099217342659,0.0285008588948298));
#3903=CARTESIAN_POINT('',(-0.4699,-0.0503324612308609,0.0209884955382248));
#3904=CARTESIAN_POINT('',(-0.5969,-0.050332461230861,0.0209884955382248));
#3905=CARTESIAN_POINT('',(-0.4699,-0.0253999999999999,0.0152438606715694));
#3906=CARTESIAN_POINT('',(-0.5969,-0.0254,0.0152438606715694));
#3907=CARTESIAN_POINT('',(-0.4699,-0.0254000000122178,0.0136756047548401));
#3908=CARTESIAN_POINT('',(-0.5969,-0.0254000000122179,0.0136756047548401));
#3909=CARTESIAN_POINT('',(-0.4699,-0.050431160506328,0.0194589095370649));
#3910=CARTESIAN_POINT('',(-0.5969,-0.0504311605063281,0.0194589095370649));
#3911=CARTESIAN_POINT('',(-0.4699,-0.0995013489791907,0.0270115301527819));
#3912=CARTESIAN_POINT('',(-0.5969,-0.0995013489791908,0.027011530152782));
#3913=CARTESIAN_POINT('',(-0.4699,-0.137952965260952,0.0265706293603807));
#3914=CARTESIAN_POINT('',(-0.5969,-0.137952965260952,0.0265706293603808));
#3915=CARTESIAN_POINT('',(-0.4699,-0.152400000010471,0.0243223223267428));
#3916=CARTESIAN_POINT('',(-0.5969,-0.152400000010471,0.0243223223267428));
#3917=CARTESIAN_POINT('',(-0.5334,-0.117475,0.0261149090477318));
#3918=CARTESIAN_POINT('',(-0.5715,-0.117475,0.0261149090477318));
#3919=CARTESIAN_POINT('',(-0.5334,-0.0621824093379924,0.020828));
#3920=CARTESIAN_POINT('',(-0.5715,-0.0621824093379964,0.020828));
#3921=CARTESIAN_POINT('',(-0.5715,-0.0666750000000001,0.0215160552990687));
#3922=CARTESIAN_POINT('',(-0.5715,-0.0651764367561519,0.0212934485578577));
#3923=CARTESIAN_POINT('',(-0.5715,-0.0636789127262425,0.0210640563695412));
#3924=CARTESIAN_POINT('',(-0.5715,-0.0621824093379964,0.0208280000000006));
#3925=CARTESIAN_POINT('',(-0.5715,-0.066675,0.0215160552990683));
#3926=CARTESIAN_POINT('',(-0.5334,-0.066675,0.021516055299069));
#3927=CARTESIAN_POINT('',(-0.5334,-0.111125,0.0259049112471954));
#3928=CARTESIAN_POINT('',(-0.5715,-0.111125,0.0259049112471954));
#3929=CARTESIAN_POINT('',(-0.5715,-0.117475,0.0261149090477318));
#3930=CARTESIAN_POINT('',(-0.5715,-0.115357638817974,0.0260659108224266));
#3931=CARTESIAN_POINT('',(-0.5715,-0.113240993988046,0.0259952512473106));
#3932=CARTESIAN_POINT('',(-0.5715,-0.111125000000001,0.0259049112471955));
#3933=CARTESIAN_POINT('',(0.28575,-0.060325,0.02162175));
#3934=CARTESIAN_POINT('',(0.28575,-0.060325,0.020828));
#3935=CARTESIAN_POINT('',(-0.46355,-0.060325,0.020828));
#3936=CARTESIAN_POINT('',(0.28575,-0.060325,0.02162175));
#3937=CARTESIAN_POINT('',(-0.46355,-0.060325,0.02162175));
#3938=CARTESIAN_POINT('',(-0.46355,-0.060325,0.0508));
#3939=CARTESIAN_POINT('',(0.,-0.0587375,0.02162175));
#3940=CARTESIAN_POINT('',(0.28575,-0.066675,0.02162175));
#3941=CARTESIAN_POINT('',(-0.46355,-0.066675,0.02162175));
#3942=CARTESIAN_POINT('',(-0.46355,-0.0889,0.02162175));
#3943=CARTESIAN_POINT('',(0.28575,-0.066675,0.02162175));
#3944=CARTESIAN_POINT('',(-0.5715,-0.066675,0.02162175));
#3945=CARTESIAN_POINT('',(-0.5715,-0.066675,0.020828));
#3946=CARTESIAN_POINT('',(0.28575,-0.066675,0.020828));
#3947=CARTESIAN_POINT('',(0.5715,-0.066675,0.020828));
#3948=CARTESIAN_POINT('',(0.5715,-0.066675,0.02162175));
#3949=CARTESIAN_POINT('',(0.5715,-0.066675,0.0215160552990696));
#3950=CARTESIAN_POINT('',(0.5334,-0.066675,0.0215160552990689));
#3951=CARTESIAN_POINT('',(0.4699,-0.066675000000002,0.0215160552990682));
#3952=CARTESIAN_POINT('',(0.4699,-0.066675,0.0508));
#3953=CARTESIAN_POINT('',(0.4699,-0.066675,0.02162175));
#3954=CARTESIAN_POINT('',(0.28575,-0.066675,0.02162175));
#3955=CARTESIAN_POINT('',(0.46355,-0.066675,0.02162175));
#3956=CARTESIAN_POINT('',(0.46355,-0.066675,0.0508));
#3957=CARTESIAN_POINT('',(0.33655,-0.066675,0.0508));
#3958=CARTESIAN_POINT('',(0.33655,-0.066675,0.02162175));
#3959=CARTESIAN_POINT('',(0.28575,-0.066675,0.02162175));
#3960=CARTESIAN_POINT('',(0.3302,-0.066675,0.02162175));
#3961=CARTESIAN_POINT('',(0.3302,-0.066675,0.0508));
#3962=CARTESIAN_POINT('',(0.2032,-0.066675,0.0508));
#3963=CARTESIAN_POINT('',(0.2032,-0.066675,0.02162175));
#3964=CARTESIAN_POINT('',(0.28575,-0.066675,0.02162175));
#3965=CARTESIAN_POINT('',(0.19685,-0.066675,0.02162175));
#3966=CARTESIAN_POINT('',(0.19685,-0.066675,0.0508));
#3967=CARTESIAN_POINT('',(0.06985,-0.066675,0.0508));
#3968=CARTESIAN_POINT('',(0.06985,-0.066675,0.02162175));
#3969=CARTESIAN_POINT('',(0.28575,-0.066675,0.02162175));
#3970=CARTESIAN_POINT('',(0.0635,-0.066675,0.02162175));
#3971=CARTESIAN_POINT('',(0.0635,-0.066675,0.0508));
#3972=CARTESIAN_POINT('',(-0.0635,-0.066675,0.0508));
#3973=CARTESIAN_POINT('',(-0.0635,-0.066675,0.02162175));
#3974=CARTESIAN_POINT('',(0.28575,-0.066675,0.02162175));
#3975=CARTESIAN_POINT('',(-0.06985,-0.066675,0.02162175));
#3976=CARTESIAN_POINT('',(-0.06985,-0.066675,0.0508));
#3977=CARTESIAN_POINT('',(-0.19685,-0.066675,0.0508));
#3978=CARTESIAN_POINT('',(-0.19685,-0.066675,0.02162175));
#3979=CARTESIAN_POINT('',(0.28575,-0.066675,0.02162175));
#3980=CARTESIAN_POINT('',(-0.2032,-0.066675,0.02162175));
#3981=CARTESIAN_POINT('',(-0.2032,-0.066675,0.0508));
#3982=CARTESIAN_POINT('',(-0.3302,-0.066675,0.0508));
#3983=CARTESIAN_POINT('',(-0.3302,-0.066675,0.02162175));
#3984=CARTESIAN_POINT('',(0.28575,-0.066675,0.02162175));
#3985=CARTESIAN_POINT('',(-0.33655,-0.066675,0.02162175));
#3986=CARTESIAN_POINT('',(-0.33655,-0.066675,0.0508));
#3987=CARTESIAN_POINT('',(-0.46355,-0.066675,0.0508));
#3988=CARTESIAN_POINT('',(0.,-0.0587375,0.020828));
#3989=CARTESIAN_POINT('',(-0.46355,-0.0889,0.020828));
#3990=CARTESIAN_POINT('',(-0.46355,-0.0621824093379925,0.0208279999999989));
#3991=CARTESIAN_POINT('',(-0.40005,-0.0621824093379924,0.020828));
#3992=CARTESIAN_POINT('',(-0.33655,-0.0621824093379909,0.0208280000000008));
#3993=CARTESIAN_POINT('',(-0.33655,-0.0889,0.020828));
#3994=CARTESIAN_POINT('',(-0.33655,-0.060325,0.020828));
#3995=CARTESIAN_POINT('',(0.28575,-0.060325,0.020828));
#3996=CARTESIAN_POINT('',(-0.3302,-0.060325,0.020828));
#3997=CARTESIAN_POINT('',(-0.3302,-0.0889,0.020828));
#3998=CARTESIAN_POINT('',(-0.3302,-0.0621824093379993,0.020828));
#3999=CARTESIAN_POINT('',(-0.2667,-0.0621824093379924,0.020828));
#4000=CARTESIAN_POINT('',(-0.2032,-0.0621824093379909,0.0208280000000008));
#4001=CARTESIAN_POINT('',(-0.2032,-0.0889,0.020828));
#4002=CARTESIAN_POINT('',(-0.2032,-0.060325,0.020828));
#4003=CARTESIAN_POINT('',(0.28575,-0.060325,0.020828));
#4004=CARTESIAN_POINT('',(-0.19685,-0.060325,0.020828));
#4005=CARTESIAN_POINT('',(-0.19685,-0.0889,0.020828));
#4006=CARTESIAN_POINT('',(-0.19685,-0.0621824093379926,0.0208279999999989));
#4007=CARTESIAN_POINT('',(-0.13335,-0.0621824093379924,0.020828));
#4008=CARTESIAN_POINT('',(-0.06985,-0.0621824093379909,0.0208280000000008));
#4009=CARTESIAN_POINT('',(-0.06985,-0.0889,0.020828));
#4010=CARTESIAN_POINT('',(-0.06985,-0.060325,0.020828));
#4011=CARTESIAN_POINT('',(0.28575,-0.060325,0.020828));
#4012=CARTESIAN_POINT('',(-0.0635,-0.060325,0.020828));
#4013=CARTESIAN_POINT('',(-0.0635,-0.0889,0.020828));
#4014=CARTESIAN_POINT('',(-0.0635,-0.0621824093379925,0.0208279999999989));
#4015=CARTESIAN_POINT('',(0.,-0.0621824093379924,0.020828));
#4016=CARTESIAN_POINT('',(0.0635,-0.0621824093379909,0.0208280000000008));
#4017=CARTESIAN_POINT('',(0.0635,-0.0889,0.020828));
#4018=CARTESIAN_POINT('',(0.0635,-0.060325,0.020828));
#4019=CARTESIAN_POINT('',(0.28575,-0.060325,0.020828));
#4020=CARTESIAN_POINT('',(0.06985,-0.060325,0.020828));
#4021=CARTESIAN_POINT('',(0.06985,-0.0889,0.020828));
#4022=CARTESIAN_POINT('',(0.06985,-0.0621824093379993,0.020828));
#4023=CARTESIAN_POINT('',(0.13335,-0.0621824093379924,0.020828));
#4024=CARTESIAN_POINT('',(0.19685,-0.0621824093379909,0.0208280000000008));
#4025=CARTESIAN_POINT('',(0.19685,-0.0889,0.020828));
#4026=CARTESIAN_POINT('',(0.19685,-0.060325,0.020828));
#4027=CARTESIAN_POINT('',(0.28575,-0.060325,0.020828));
#4028=CARTESIAN_POINT('',(0.2032,-0.060325,0.020828));
#4029=CARTESIAN_POINT('',(0.2032,-0.0889,0.020828));
#4030=CARTESIAN_POINT('',(0.2032,-0.0621824093379925,0.0208279999999989));
#4031=CARTESIAN_POINT('',(0.2667,-0.0621824093379924,0.020828));
#4032=CARTESIAN_POINT('',(0.3302,-0.0621824093379909,0.0208280000000008));
#4033=CARTESIAN_POINT('',(0.3302,-0.0889,0.020828));
#4034=CARTESIAN_POINT('',(0.3302,-0.060325,0.020828));
#4035=CARTESIAN_POINT('',(0.28575,-0.060325,0.020828));
#4036=CARTESIAN_POINT('',(0.33655,-0.060325,0.020828));
#4037=CARTESIAN_POINT('',(0.33655,-0.0889,0.020828));
#4038=CARTESIAN_POINT('',(0.33655,-0.0621824093379926,0.0208279999999989));
#4039=CARTESIAN_POINT('',(0.40005,-0.0621824093379924,0.020828));
#4040=CARTESIAN_POINT('',(0.46355,-0.0621824093379909,0.0208280000000008));
#4041=CARTESIAN_POINT('',(0.46355,-0.0889,0.020828));
#4042=CARTESIAN_POINT('',(0.46355,-0.060325,0.020828));
#4043=CARTESIAN_POINT('',(0.28575,-0.060325,0.020828));
#4044=CARTESIAN_POINT('',(0.4699,-0.060325,0.020828));
#4045=CARTESIAN_POINT('',(0.4699,-0.0889,0.020828));
#4046=CARTESIAN_POINT('',(0.4699,-0.0621824093379926,0.0208279999999989));
#4047=CARTESIAN_POINT('',(0.5334,-0.0621824093379924,0.020828));
#4048=CARTESIAN_POINT('',(0.5715,-0.0621824093379924,0.020828));
#4049=CARTESIAN_POINT('',(0.5715,-0.0635,0.020828));
#4050=CARTESIAN_POINT('',(-0.5715,-0.0635,0.020828));
#4051=CARTESIAN_POINT('',(-0.33655,-0.0254000000122173,0.01367560475484));
#4052=CARTESIAN_POINT('',(-0.46355,-0.0254000000122174,0.01367560475484));
#4053=CARTESIAN_POINT('',(-0.33655,-0.0378732410054845,0.0165574749063729));
#4054=CARTESIAN_POINT('',(-0.46355,-0.0378732410054847,0.0165574749063729));
#4055=CARTESIAN_POINT('',(-0.33655,-0.0502228486660263,0.0189415154816899));
#4056=CARTESIAN_POINT('',(-0.46355,-0.0502228486660264,0.0189415154816899));
#4057=CARTESIAN_POINT('',(-0.33655,-0.0621824093379923,0.020828));
#4058=CARTESIAN_POINT('',(-0.46355,-0.0621824093379924,0.020828));
#4059=CARTESIAN_POINT('',(-0.33655,-0.0621824093379911,0.0208280000000003));
#4060=CARTESIAN_POINT('',(-0.33655,-0.0528685928213512,0.0193588514963928));
#4061=CARTESIAN_POINT('',(-0.33655,-0.04360201978398,0.0176350671511315));
#4062=CARTESIAN_POINT('',(-0.33655,-0.034380256100182,0.0156697667942516));
#4063=CARTESIAN_POINT('',(-0.33655,-0.0343802561210692,0.0156697667987036));
#4064=CARTESIAN_POINT('',(-0.46355,-0.0343802561001818,0.0156697667942512));
#4065=CARTESIAN_POINT('',(-0.46355,-0.0436020197839121,0.0176350671514991));
#4066=CARTESIAN_POINT('',(-0.46355,-0.0528685928213521,0.0193588514963924));
#4067=CARTESIAN_POINT('',(-0.46355,-0.0621824093379924,0.020828));
#4068=CARTESIAN_POINT('',(-0.46355,-0.0343802561210693,0.0156697667987023));
#4069=CARTESIAN_POINT('',(-0.454569743878931,-0.0254000000238613,0.0136756047575301));
#4070=CARTESIAN_POINT('',(-0.457560251495794,-0.0283905076407237,0.0143665442367686));
#4071=CARTESIAN_POINT('',(-0.460553676964791,-0.0313839330858593,0.0150312040538982));
#4072=CARTESIAN_POINT('',(-0.463549999989306,-0.0343802561103743,0.0156697667964237));
#4073=CARTESIAN_POINT('',(-0.454569743878931,-0.0254,0.0136756047520169));
#4074=CARTESIAN_POINT('',(-0.40005,-0.0254000000000019,0.0136756047520177));
#4075=CARTESIAN_POINT('',(-0.345530256121069,-0.0254,0.0136756047520177));
#4076=CARTESIAN_POINT('',(-0.33655,-0.0343802561001819,0.0156697667942519));
#4077=CARTESIAN_POINT('',(-0.339546323024503,-0.031383933075679,0.0150312040515441));
#4078=CARTESIAN_POINT('',(-0.342539748492006,-0.028390507629063,0.0143665442342881));
#4079=CARTESIAN_POINT('',(-0.345530256108852,-0.0254000000122173,0.01367560475484));
#4080=CARTESIAN_POINT('',(-0.40005,-0.0254,0.0508));
#4081=CARTESIAN_POINT('',(-0.345530256121069,-0.0254,0.0508));
#4082=CARTESIAN_POINT('',(-0.345530256121069,-0.0254,0.0152438606715693));
#4083=CARTESIAN_POINT('',(-0.454569743878931,-0.0254,0.0508));
#4084=CARTESIAN_POINT('',(-0.454569743878931,-0.0254,0.0152438606715695));
#4085=CARTESIAN_POINT('',(-0.40005,-0.0254,0.0152438606715694));
#4086=CARTESIAN_POINT('',(-0.459059871939466,-0.0298901280605347,0.0508));
#4087=CARTESIAN_POINT('',(-0.46355,-0.0343802561210693,0.0508));
#4088=CARTESIAN_POINT('',(-0.46355,-0.0343802561210693,0.017232578970594));
#4089=CARTESIAN_POINT('',(-0.46355,-0.0343802561210693,0.017232578970594));
#4090=CARTESIAN_POINT('',(-0.460553693422621,-0.0313839495436904,0.016595753805009));
#4091=CARTESIAN_POINT('',(-0.457560268803431,-0.0283905249244996,0.0159329010992997));
#4092=CARTESIAN_POINT('',(-0.454569743878931,-0.0253999999999999,0.0152438606715694));
#4093=CARTESIAN_POINT('',(-0.46355,-0.0889,0.0508));
#4094=CARTESIAN_POINT('',(-0.46355,-0.0889,0.02619375));
#4095=CARTESIAN_POINT('',(-0.46355,-0.111125,0.02619375));
#4096=CARTESIAN_POINT('',(-0.46355,-0.117475,0.02619375));
#4097=CARTESIAN_POINT('',(-0.46355,-0.117475,0.0508));
#4098=CARTESIAN_POINT('',(-0.46355,-0.117475,0.0261149090477318));
#4099=CARTESIAN_POINT('',(-0.46355,-0.117475,0.0261149090477318));
#4100=CARTESIAN_POINT('',(-0.46355,-0.126135184925851,0.0263153159012168));
#4101=CARTESIAN_POINT('',(-0.46355,-0.134786216486437,0.0261808067091296));
#4102=CARTESIAN_POINT('',(-0.46355,-0.143419743878935,0.0254058306960688));
#4103=CARTESIAN_POINT('',(-0.46355,-0.143419743878931,0.025405830696069));
#4104=CARTESIAN_POINT('',(-0.46355,-0.143419743878931,0.0508));
#4105=CARTESIAN_POINT('',(-0.46355,-0.143419743878931,0.0269420873328523));
#4106=CARTESIAN_POINT('',(-0.46355,-0.143419743866195,0.0269420873339851));
#4107=CARTESIAN_POINT('',(-0.46355,-0.138835149486473,0.0273500022547587));
#4108=CARTESIAN_POINT('',(-0.46355,-0.129680775154236,0.0277930226449155));
#4109=CARTESIAN_POINT('',(-0.46355,-0.111411402210342,0.0276694378656584));
#4110=CARTESIAN_POINT('',(-0.46355,-0.088634948277464,0.02608352538859));
#4111=CARTESIAN_POINT('',(-0.46355,-0.061353286988779,0.0224924941424194));
#4112=CARTESIAN_POINT('',(-0.46355,-0.0433463880713069,0.0191382112269773));
#4113=CARTESIAN_POINT('',(-0.46355,-0.0343802561210694,0.0172325789705939));
#4114=CARTESIAN_POINT('',(-0.46355,-0.111125,0.0508));
#4115=CARTESIAN_POINT('',(-0.459059871939466,-0.147909871939465,0.0508));
#4116=CARTESIAN_POINT('',(-0.46355,-0.143419743878936,0.0254058306960687));
#4117=CARTESIAN_POINT('',(-0.460551032902493,-0.146418710976443,0.0251366327820681));
#4118=CARTESIAN_POINT('',(-0.457556906341527,-0.149412837537404,0.0247871968502874));
#4119=CARTESIAN_POINT('',(-0.454569743876295,-0.152400000002636,0.0243223223279621));
#4120=CARTESIAN_POINT('',(-0.454569743878931,-0.1524,0.0243223223283723));
#4121=CARTESIAN_POINT('',(-0.454569743878931,-0.1524,0.0508));
#4122=CARTESIAN_POINT('',(-0.454569743878931,-0.1524,0.0258696824799305));
#4123=CARTESIAN_POINT('',(-0.454569743878931,-0.152400000005158,0.0258696824791376));
#4124=CARTESIAN_POINT('',(-0.45755708889503,-0.14941265498906,0.0263288722354016));
#4125=CARTESIAN_POINT('',(-0.460551168862438,-0.146418575016494,0.0266752659161327));
#4126=CARTESIAN_POINT('',(-0.463550000006412,-0.14341974387252,0.0269420873334219));
#4127=CARTESIAN_POINT('',(-0.40005,-0.1524,0.0508));
#4128=CARTESIAN_POINT('',(-0.40005,-0.1524,0.0243223223283724));
#4129=CARTESIAN_POINT('',(-0.345530256121069,-0.1524,0.0243223223283724));
#4130=CARTESIAN_POINT('',(-0.345530256121069,-0.1524,0.0508));
#4131=CARTESIAN_POINT('',(-0.345530256121069,-0.1524,0.02586968247993));
#4132=CARTESIAN_POINT('',(-0.40005,-0.1524,0.0258696824799305));
#4133=CARTESIAN_POINT('',(-0.341040128060535,-0.147909871939465,0.0508));
#4134=CARTESIAN_POINT('',(-0.345530256121069,-0.152400000005236,0.0243223223275576));
#4135=CARTESIAN_POINT('',(-0.342543093655851,-0.149412837540017,0.0247871968500885));
#4136=CARTESIAN_POINT('',(-0.339548967097513,-0.146418710976444,0.0251366327820682));
#4137=CARTESIAN_POINT('',(-0.336550000000002,-0.143419743878933,0.025405830696069));
#4138=CARTESIAN_POINT('',(-0.33655,-0.143419743878931,0.0254058306960693));
#4139=CARTESIAN_POINT('',(-0.33655,-0.143419743878931,0.0508));
#4140=CARTESIAN_POINT('',(-0.33655,-0.143419743878931,0.0269420873328506));
#4141=CARTESIAN_POINT('',(-0.33655,-0.143419743866194,0.0269420873339843));
#4142=CARTESIAN_POINT('',(-0.339548831143995,-0.14641857501019,0.0266752659170391));
#4143=CARTESIAN_POINT('',(-0.342542911107556,-0.149412654986487,0.0263288722355976));
#4144=CARTESIAN_POINT('',(-0.345530256123666,-0.152400000002596,0.0258696824795314));
#4145=CARTESIAN_POINT('',(-0.33655,-0.0889,0.0508));
#4146=CARTESIAN_POINT('',(-0.33655,-0.143419743878935,0.0254058306960689));
#4147=CARTESIAN_POINT('',(-0.33655,-0.134786216486436,0.0261808067091299));
#4148=CARTESIAN_POINT('',(-0.33655,-0.126135184925851,0.0263153159012168));
#4149=CARTESIAN_POINT('',(-0.33655,-0.117475,0.0261149090477318));
#4150=CARTESIAN_POINT('',(-0.33655,-0.117475,0.0261149090477318));
#4151=CARTESIAN_POINT('',(-0.33655,-0.117475,0.0508));
#4152=CARTESIAN_POINT('',(-0.33655,-0.117475,0.02619375));
#4153=CARTESIAN_POINT('',(-0.33655,-0.0889,0.02619375));
#4154=CARTESIAN_POINT('',(-0.33655,-0.111125,0.02619375));
#4155=CARTESIAN_POINT('',(-0.33655,-0.111125,0.0508));
#4156=CARTESIAN_POINT('',(-0.33655,-0.0889,0.02162175));
#4157=CARTESIAN_POINT('',(-0.33655,-0.060325,0.02162175));
#4158=CARTESIAN_POINT('',(-0.33655,-0.060325,0.0508));
#4159=CARTESIAN_POINT('',(-0.33655,-0.0343802561210692,0.0508));
#4160=CARTESIAN_POINT('',(-0.33655,-0.0343802561210692,0.0172325789705937));
#4161=CARTESIAN_POINT('',(-0.33655,-0.0343802561210692,0.0172325789705938));
#4162=CARTESIAN_POINT('',(-0.33655,-0.0433688163305234,0.0191429780555779));
#4163=CARTESIAN_POINT('',(-0.33655,-0.061387538581544,0.0224965803292158));
#4164=CARTESIAN_POINT('',(-0.33655,-0.0885451645366817,0.0260721977830785));
#4165=CARTESIAN_POINT('',(-0.33655,-0.111300015449634,0.0276649977376786));
#4166=CARTESIAN_POINT('',(-0.33655,-0.129605778291985,0.0277950836529876));
#4167=CARTESIAN_POINT('',(-0.33655,-0.138803836052214,0.0273527883722701));
#4168=CARTESIAN_POINT('',(-0.33655,-0.143419743866194,0.0269420873339847));
#4169=CARTESIAN_POINT('',(-0.341040128060535,-0.0298901280605346,0.0508));
#4170=CARTESIAN_POINT('',(-0.345530256121069,-0.0254,0.0152438606715694));
#4171=CARTESIAN_POINT('',(-0.34253973119657,-0.0283905249244997,0.0159329010992997));
#4172=CARTESIAN_POINT('',(-0.339546306577379,-0.0313839495436902,0.0165957538050088));
#4173=CARTESIAN_POINT('',(-0.33655,-0.0343802561210692,0.0172325789705939));
#4174=CARTESIAN_POINT('',(-0.33655,-0.152400000010317,0.0258696824783447));
#4175=CARTESIAN_POINT('',(-0.46355,-0.152400000010317,0.0258696824783447));
#4176=CARTESIAN_POINT('',(-0.33655,-0.137735337502069,0.0281238120705304));
#4177=CARTESIAN_POINT('',(-0.46355,-0.137735337502069,0.0281238120705304));
#4178=CARTESIAN_POINT('',(-0.33655,-0.0992173426590001,0.0285008588948298));
#4179=CARTESIAN_POINT('',(-0.46355,-0.0992173426590002,0.0285008588948298));
#4180=CARTESIAN_POINT('',(-0.33655,-0.0503324612308607,0.0209884955382248));
#4181=CARTESIAN_POINT('',(-0.46355,-0.0503324612308608,0.0209884955382248));
#4182=CARTESIAN_POINT('',(-0.33655,-0.0253999999999997,0.0152438606715694));
#4183=CARTESIAN_POINT('',(-0.46355,-0.0253999999999998,0.0152438606715694));
#4184=CARTESIAN_POINT('',(-0.33655,-0.117475,0.0261149090477318));
#4185=CARTESIAN_POINT('',(-0.46355,-0.117475,0.0261149090477318));
#4186=CARTESIAN_POINT('',(-0.33655,-0.130844155784348,0.026424287019153));
#4187=CARTESIAN_POINT('',(-0.46355,-0.130844155784348,0.026424287019153));
#4188=CARTESIAN_POINT('',(-0.33655,-0.142698298703645,0.0258321410310356));
#4189=CARTESIAN_POINT('',(-0.46355,-0.142698298703645,0.0258321410310356));
#4190=CARTESIAN_POINT('',(-0.33655,-0.152400000010471,0.0243223223267428));
#4191=CARTESIAN_POINT('',(-0.46355,-0.152400000010471,0.0243223223267428));
#4192=CARTESIAN_POINT('',(-0.40005,-0.117475,0.0261149090477318));
#4193=CARTESIAN_POINT('',(0.28575,-0.060325,0.02162175));
#4194=CARTESIAN_POINT('',(0.28575,-0.060325,0.02162175));
#4195=CARTESIAN_POINT('',(-0.3302,-0.060325,0.02162175));
#4196=CARTESIAN_POINT('',(-0.3302,-0.060325,0.0508));
#4197=CARTESIAN_POINT('',(0.,-0.0587375,0.02162175));
#4198=CARTESIAN_POINT('',(-0.3302,-0.0889,0.02162175));
#4199=CARTESIAN_POINT('',(-0.2032,-0.0254000000122173,0.01367560475484));
#4200=CARTESIAN_POINT('',(-0.3302,-0.0254000000122174,0.01367560475484));
#4201=CARTESIAN_POINT('',(-0.2032,-0.0378732410054869,0.0165574749063734));
#4202=CARTESIAN_POINT('',(-0.3302,-0.037873241005487,0.0165574749063734));
#4203=CARTESIAN_POINT('',(-0.2032,-0.050222848666031,0.0189415154816908));
#4204=CARTESIAN_POINT('',(-0.3302,-0.0502228486660311,0.0189415154816908));
#4205=CARTESIAN_POINT('',(-0.2032,-0.0621824093379991,0.0208280000000011));
#4206=CARTESIAN_POINT('',(-0.3302,-0.0621824093379992,0.0208280000000011));
#4207=CARTESIAN_POINT('',(-0.2032,-0.0621824093379911,0.0208280000000003));
#4208=CARTESIAN_POINT('',(-0.2032,-0.0528685928213512,0.0193588514963928));
#4209=CARTESIAN_POINT('',(-0.2032,-0.04360201978398,0.0176350671511315));
#4210=CARTESIAN_POINT('',(-0.2032,-0.034380256100182,0.0156697667942516));
#4211=CARTESIAN_POINT('',(-0.2032,-0.0343802561210692,0.0156697667987036));
#4212=CARTESIAN_POINT('',(-0.3302,-0.0343802561001818,0.0156697667942512));
#4213=CARTESIAN_POINT('',(-0.3302,-0.0436020197839143,0.0176350671514996));
#4214=CARTESIAN_POINT('',(-0.3302,-0.0528685928213566,0.0193588514963932));
#4215=CARTESIAN_POINT('',(-0.3302,-0.0621824093379992,0.0208280000000011));
#4216=CARTESIAN_POINT('',(-0.3302,-0.0343802561210693,0.0156697667987023));
#4217=CARTESIAN_POINT('',(-0.321219743878931,-0.0254000000238615,0.0136756047575301));
#4218=CARTESIAN_POINT('',(-0.324210251495793,-0.0283905076407239,0.0143665442367686));
#4219=CARTESIAN_POINT('',(-0.32720367696479,-0.0313839330858596,0.0150312040538983));
#4220=CARTESIAN_POINT('',(-0.330199999989305,-0.0343802561103746,0.0156697667964238));
#4221=CARTESIAN_POINT('',(-0.321219743878931,-0.0254,0.0136756047520169));
#4222=CARTESIAN_POINT('',(-0.2667,-0.0254000000000019,0.0136756047520177));
#4223=CARTESIAN_POINT('',(-0.212180256121069,-0.0254,0.0136756047520177));
#4224=CARTESIAN_POINT('',(-0.2032,-0.0343802561001819,0.0156697667942519));
#4225=CARTESIAN_POINT('',(-0.206196323024503,-0.031383933075679,0.0150312040515441));
#4226=CARTESIAN_POINT('',(-0.209189748492006,-0.028390507629063,0.0143665442342881));
#4227=CARTESIAN_POINT('',(-0.212180256108852,-0.0254000000122173,0.01367560475484));
#4228=CARTESIAN_POINT('',(-0.2667,-0.0254,0.0508));
#4229=CARTESIAN_POINT('',(-0.212180256121069,-0.0254,0.0508));
#4230=CARTESIAN_POINT('',(-0.212180256121069,-0.0254,0.0152438606715693));
#4231=CARTESIAN_POINT('',(-0.321219743878931,-0.0254,0.0508));
#4232=CARTESIAN_POINT('',(-0.321219743878931,-0.0254,0.0152438606715695));
#4233=CARTESIAN_POINT('',(-0.2667,-0.0254,0.0152438606715694));
#4234=CARTESIAN_POINT('',(-0.325709871939465,-0.0298901280605347,0.0508));
#4235=CARTESIAN_POINT('',(-0.3302,-0.0343802561210693,0.0508));
#4236=CARTESIAN_POINT('',(-0.3302,-0.0343802561210693,0.017232578970594));
#4237=CARTESIAN_POINT('',(-0.3302,-0.0343802561210694,0.017232578970594));
#4238=CARTESIAN_POINT('',(-0.327203693422621,-0.0313839495436905,0.016595753805009));
#4239=CARTESIAN_POINT('',(-0.324210268803431,-0.0283905249244998,0.0159329010992998));
#4240=CARTESIAN_POINT('',(-0.321219743878931,-0.0254000000000001,0.0152438606715694));
#4241=CARTESIAN_POINT('',(-0.3302,-0.0889,0.0508));
#4242=CARTESIAN_POINT('',(-0.3302,-0.0889,0.02619375));
#4243=CARTESIAN_POINT('',(-0.3302,-0.111125,0.02619375));
#4244=CARTESIAN_POINT('',(-0.3302,-0.117475,0.02619375));
#4245=CARTESIAN_POINT('',(-0.3302,-0.117475,0.0508));
#4246=CARTESIAN_POINT('',(-0.3302,-0.117475,0.0261149090477318));
#4247=CARTESIAN_POINT('',(-0.3302,-0.117475,0.0261149090477318));
#4248=CARTESIAN_POINT('',(-0.3302,-0.126135184925851,0.0263153159012168));
#4249=CARTESIAN_POINT('',(-0.3302,-0.134786216486437,0.0261808067091296));
#4250=CARTESIAN_POINT('',(-0.3302,-0.143419743878935,0.0254058306960688));
#4251=CARTESIAN_POINT('',(-0.3302,-0.143419743878931,0.025405830696069));
#4252=CARTESIAN_POINT('',(-0.3302,-0.143419743878931,0.0508));
#4253=CARTESIAN_POINT('',(-0.3302,-0.143419743878931,0.0269420873328523));
#4254=CARTESIAN_POINT('',(-0.3302,-0.143419743866195,0.0269420873339851));
#4255=CARTESIAN_POINT('',(-0.3302,-0.138835149486473,0.0273500022547587));
#4256=CARTESIAN_POINT('',(-0.3302,-0.129680775154236,0.0277930226449155));
#4257=CARTESIAN_POINT('',(-0.3302,-0.111411402210342,0.0276694378656584));
#4258=CARTESIAN_POINT('',(-0.3302,-0.088634948277464,0.02608352538859));
#4259=CARTESIAN_POINT('',(-0.3302,-0.061353286988779,0.0224924941424194));
#4260=CARTESIAN_POINT('',(-0.3302,-0.0433463880713069,0.0191382112269773));
#4261=CARTESIAN_POINT('',(-0.3302,-0.0343802561210694,0.0172325789705939));
#4262=CARTESIAN_POINT('',(-0.3302,-0.111125,0.0508));
#4263=CARTESIAN_POINT('',(-0.325709871939465,-0.147909871939465,0.0508));
#4264=CARTESIAN_POINT('',(-0.3302,-0.143419743878935,0.0254058306960687));
#4265=CARTESIAN_POINT('',(-0.327201032902493,-0.146418710976443,0.0251366327820681));
#4266=CARTESIAN_POINT('',(-0.324206906341527,-0.149412837537404,0.0247871968502874));
#4267=CARTESIAN_POINT('',(-0.321219743876295,-0.152400000002636,0.0243223223279622));
#4268=CARTESIAN_POINT('',(-0.321219743878931,-0.1524,0.0243223223283723));
#4269=CARTESIAN_POINT('',(-0.321219743878931,-0.1524,0.0508));
#4270=CARTESIAN_POINT('',(-0.321219743878931,-0.1524,0.0258696824799305));
#4271=CARTESIAN_POINT('',(-0.321219743878931,-0.152400000005158,0.0258696824791376));
#4272=CARTESIAN_POINT('',(-0.32420708889503,-0.14941265498906,0.0263288722354016));
#4273=CARTESIAN_POINT('',(-0.327201168862437,-0.146418575016493,0.0266752659161327));
#4274=CARTESIAN_POINT('',(-0.330200000006411,-0.143419743872519,0.0269420873334219));
#4275=CARTESIAN_POINT('',(-0.2667,-0.1524,0.0508));
#4276=CARTESIAN_POINT('',(-0.2667,-0.1524,0.0243223223283724));
#4277=CARTESIAN_POINT('',(-0.212180256121069,-0.1524,0.0243223223283724));
#4278=CARTESIAN_POINT('',(-0.212180256121069,-0.1524,0.0508));
#4279=CARTESIAN_POINT('',(-0.212180256121069,-0.1524,0.02586968247993));
#4280=CARTESIAN_POINT('',(-0.2667,-0.1524,0.0258696824799305));
#4281=CARTESIAN_POINT('',(-0.207690128060534,-0.147909871939465,0.0508));
#4282=CARTESIAN_POINT('',(-0.212180256121069,-0.152400000005236,0.0243223223275576));
#4283=CARTESIAN_POINT('',(-0.209193093655851,-0.149412837540017,0.0247871968500885));
#4284=CARTESIAN_POINT('',(-0.206198967097513,-0.146418710976444,0.0251366327820682));
#4285=CARTESIAN_POINT('',(-0.203200000000002,-0.143419743878933,0.025405830696069));
#4286=CARTESIAN_POINT('',(-0.2032,-0.143419743878931,0.0254058306960693));
#4287=CARTESIAN_POINT('',(-0.2032,-0.143419743878931,0.0508));
#4288=CARTESIAN_POINT('',(-0.2032,-0.143419743878931,0.0269420873328506));
#4289=CARTESIAN_POINT('',(-0.2032,-0.143419743866194,0.0269420873339843));
#4290=CARTESIAN_POINT('',(-0.206198831143995,-0.14641857501019,0.0266752659170391));
#4291=CARTESIAN_POINT('',(-0.209192911107556,-0.149412654986487,0.0263288722355975));
#4292=CARTESIAN_POINT('',(-0.212180256123666,-0.152400000002597,0.0258696824795314));
#4293=CARTESIAN_POINT('',(-0.2032,-0.0889,0.0508));
#4294=CARTESIAN_POINT('',(-0.2032,-0.143419743878935,0.0254058306960689));
#4295=CARTESIAN_POINT('',(-0.2032,-0.134786216486436,0.0261808067091299));
#4296=CARTESIAN_POINT('',(-0.2032,-0.126135184925851,0.0263153159012168));
#4297=CARTESIAN_POINT('',(-0.2032,-0.117475,0.0261149090477318));
#4298=CARTESIAN_POINT('',(-0.2032,-0.117475,0.0261149090477318));
#4299=CARTESIAN_POINT('',(-0.2032,-0.117475,0.0508));
#4300=CARTESIAN_POINT('',(-0.2032,-0.117475,0.02619375));
#4301=CARTESIAN_POINT('',(-0.2032,-0.0889,0.02619375));
#4302=CARTESIAN_POINT('',(-0.2032,-0.111125,0.02619375));
#4303=CARTESIAN_POINT('',(-0.2032,-0.111125,0.0508));
#4304=CARTESIAN_POINT('',(-0.2032,-0.0889,0.02162175));
#4305=CARTESIAN_POINT('',(-0.2032,-0.060325,0.02162175));
#4306=CARTESIAN_POINT('',(-0.2032,-0.060325,0.0508));
#4307=CARTESIAN_POINT('',(-0.2032,-0.0343802561210692,0.0508));
#4308=CARTESIAN_POINT('',(-0.2032,-0.0343802561210692,0.0172325789705937));
#4309=CARTESIAN_POINT('',(-0.2032,-0.0343802561210692,0.0172325789705938));
#4310=CARTESIAN_POINT('',(-0.2032,-0.0433688163305234,0.0191429780555779));
#4311=CARTESIAN_POINT('',(-0.2032,-0.061387538581544,0.0224965803292158));
#4312=CARTESIAN_POINT('',(-0.2032,-0.0885451645366817,0.0260721977830785));
#4313=CARTESIAN_POINT('',(-0.2032,-0.111300015449634,0.0276649977376786));
#4314=CARTESIAN_POINT('',(-0.2032,-0.129605778291985,0.0277950836529876));
#4315=CARTESIAN_POINT('',(-0.2032,-0.138803836052214,0.0273527883722701));
#4316=CARTESIAN_POINT('',(-0.2032,-0.143419743866194,0.0269420873339847));
#4317=CARTESIAN_POINT('',(-0.207690128060534,-0.0298901280605346,0.0508));
#4318=CARTESIAN_POINT('',(-0.212180256121069,-0.0254000000000001,0.0152438606715694));
#4319=CARTESIAN_POINT('',(-0.209189731196569,-0.0283905249244997,0.0159329010992997));
#4320=CARTESIAN_POINT('',(-0.206196306577379,-0.0313839495436903,0.0165957538050088));
#4321=CARTESIAN_POINT('',(-0.2032,-0.0343802561210692,0.0172325789705939));
#4322=CARTESIAN_POINT('',(-0.2032,-0.152400000010316,0.0258696824783447));
#4323=CARTESIAN_POINT('',(-0.3302,-0.152400000010317,0.0258696824783447));
#4324=CARTESIAN_POINT('',(-0.2032,-0.137735337502069,0.0281238120705304));
#4325=CARTESIAN_POINT('',(-0.3302,-0.137735337502069,0.0281238120705304));
#4326=CARTESIAN_POINT('',(-0.2032,-0.099217342659,0.0285008588948298));
#4327=CARTESIAN_POINT('',(-0.3302,-0.099217342659,0.0285008588948298));
#4328=CARTESIAN_POINT('',(-0.2032,-0.0503324612308609,0.0209884955382248));
#4329=CARTESIAN_POINT('',(-0.3302,-0.050332461230861,0.0209884955382248));
#4330=CARTESIAN_POINT('',(-0.2032,-0.0253999999999999,0.0152438606715694));
#4331=CARTESIAN_POINT('',(-0.3302,-0.0254,0.0152438606715694));
#4332=CARTESIAN_POINT('',(-0.2032,-0.117475,0.0261149090477318));
#4333=CARTESIAN_POINT('',(-0.3302,-0.117475,0.0261149090477318));
#4334=CARTESIAN_POINT('',(-0.2032,-0.130844155784348,0.026424287019153));
#4335=CARTESIAN_POINT('',(-0.3302,-0.130844155784348,0.026424287019153));
#4336=CARTESIAN_POINT('',(-0.2032,-0.142698298703645,0.0258321410310356));
#4337=CARTESIAN_POINT('',(-0.3302,-0.142698298703645,0.0258321410310356));
#4338=CARTESIAN_POINT('',(-0.2032,-0.152400000010471,0.0243223223267428));
#4339=CARTESIAN_POINT('',(-0.3302,-0.152400000010471,0.0243223223267428));
#4340=CARTESIAN_POINT('',(-0.2667,-0.117475,0.0261149090477318));
#4341=CARTESIAN_POINT('',(0.28575,-0.060325,0.02162175));
#4342=CARTESIAN_POINT('',(0.28575,-0.060325,0.02162175));
#4343=CARTESIAN_POINT('',(-0.19685,-0.060325,0.02162175));
#4344=CARTESIAN_POINT('',(-0.19685,-0.060325,0.0508));
#4345=CARTESIAN_POINT('',(0.,-0.0587375,0.02162175));
#4346=CARTESIAN_POINT('',(-0.19685,-0.0889,0.02162175));
#4347=CARTESIAN_POINT('',(-0.06985,-0.0254000000122175,0.01367560475484));
#4348=CARTESIAN_POINT('',(-0.19685,-0.0254000000122176,0.0136756047548401));
#4349=CARTESIAN_POINT('',(-0.06985,-0.0378732410054847,0.0165574749063729));
#4350=CARTESIAN_POINT('',(-0.19685,-0.0378732410054848,0.0165574749063729));
#4351=CARTESIAN_POINT('',(-0.06985,-0.0502228486660264,0.0189415154816899));
#4352=CARTESIAN_POINT('',(-0.19685,-0.0502228486660266,0.0189415154816899));
#4353=CARTESIAN_POINT('',(-0.06985,-0.0621824093379924,0.020828));
#4354=CARTESIAN_POINT('',(-0.19685,-0.0621824093379925,0.020828));
#4355=CARTESIAN_POINT('',(-0.06985,-0.0621824093379911,0.0208280000000003));
#4356=CARTESIAN_POINT('',(-0.06985,-0.0528685928213512,0.0193588514963928));
#4357=CARTESIAN_POINT('',(-0.06985,-0.04360201978398,0.0176350671511315));
#4358=CARTESIAN_POINT('',(-0.06985,-0.034380256100182,0.0156697667942516));
#4359=CARTESIAN_POINT('',(-0.06985,-0.0343802561210692,0.0156697667987036));
#4360=CARTESIAN_POINT('',(-0.19685,-0.0343802561001818,0.0156697667942512));
#4361=CARTESIAN_POINT('',(-0.19685,-0.0436020197839121,0.0176350671514991));
#4362=CARTESIAN_POINT('',(-0.19685,-0.0528685928213521,0.0193588514963924));
#4363=CARTESIAN_POINT('',(-0.19685,-0.0621824093379925,0.020828));
#4364=CARTESIAN_POINT('',(-0.19685,-0.0343802561210693,0.0156697667987023));
#4365=CARTESIAN_POINT('',(-0.187869743878931,-0.0254000000238615,0.0136756047575301));
#4366=CARTESIAN_POINT('',(-0.190860251495793,-0.0283905076407238,0.0143665442367686));
#4367=CARTESIAN_POINT('',(-0.19385367696479,-0.0313839330858596,0.0150312040538983));
#4368=CARTESIAN_POINT('',(-0.196849999989305,-0.0343802561103745,0.0156697667964238));
#4369=CARTESIAN_POINT('',(-0.187869743878931,-0.0254,0.0136756047520169));
#4370=CARTESIAN_POINT('',(-0.13335,-0.0254000000000019,0.0136756047520177));
#4371=CARTESIAN_POINT('',(-0.0788302561210692,-0.0254,0.0136756047520177));
#4372=CARTESIAN_POINT('',(-0.06985,-0.0343802561001819,0.0156697667942519));
#4373=CARTESIAN_POINT('',(-0.0728463230245028,-0.0313839330756791,0.0150312040515441));
#4374=CARTESIAN_POINT('',(-0.0758397484920061,-0.0283905076290631,0.0143665442342882));
#4375=CARTESIAN_POINT('',(-0.0788302561088518,-0.0254000000122175,0.01367560475484));
#4376=CARTESIAN_POINT('',(-0.13335,-0.0254,0.0508));
#4377=CARTESIAN_POINT('',(-0.0788302561210692,-0.0254,0.0508));
#4378=CARTESIAN_POINT('',(-0.0788302561210692,-0.0254,0.0152438606715693));
#4379=CARTESIAN_POINT('',(-0.187869743878931,-0.0254,0.0508));
#4380=CARTESIAN_POINT('',(-0.187869743878931,-0.0254,0.0152438606715695));
#4381=CARTESIAN_POINT('',(-0.13335,-0.0254,0.0152438606715694));
#4382=CARTESIAN_POINT('',(-0.192359871939465,-0.0298901280605347,0.0508));
#4383=CARTESIAN_POINT('',(-0.19685,-0.0343802561210693,0.0508));
#4384=CARTESIAN_POINT('',(-0.19685,-0.0343802561210693,0.017232578970594));
#4385=CARTESIAN_POINT('',(-0.19685,-0.0343802561210694,0.017232578970594));
#4386=CARTESIAN_POINT('',(-0.193853693422621,-0.0313839495436905,0.016595753805009));
#4387=CARTESIAN_POINT('',(-0.190860268803431,-0.0283905249244998,0.0159329010992998));
#4388=CARTESIAN_POINT('',(-0.187869743878931,-0.0254000000000001,0.0152438606715694));
#4389=CARTESIAN_POINT('',(-0.19685,-0.0889,0.0508));
#4390=CARTESIAN_POINT('',(-0.19685,-0.0889,0.02619375));
#4391=CARTESIAN_POINT('',(-0.19685,-0.111125,0.02619375));
#4392=CARTESIAN_POINT('',(-0.19685,-0.117475,0.02619375));
#4393=CARTESIAN_POINT('',(-0.19685,-0.117475,0.0508));
#4394=CARTESIAN_POINT('',(-0.19685,-0.117475,0.0261149090477318));
#4395=CARTESIAN_POINT('',(-0.19685,-0.117475,0.0261149090477318));
#4396=CARTESIAN_POINT('',(-0.19685,-0.126135184925851,0.0263153159012168));
#4397=CARTESIAN_POINT('',(-0.19685,-0.134786216486437,0.0261808067091296));
#4398=CARTESIAN_POINT('',(-0.19685,-0.143419743878935,0.0254058306960688));
#4399=CARTESIAN_POINT('',(-0.19685,-0.143419743878931,0.025405830696069));
#4400=CARTESIAN_POINT('',(-0.19685,-0.143419743878931,0.0508));
#4401=CARTESIAN_POINT('',(-0.19685,-0.143419743878931,0.0269420873328523));
#4402=CARTESIAN_POINT('',(-0.19685,-0.143419743866195,0.0269420873339851));
#4403=CARTESIAN_POINT('',(-0.19685,-0.138835149486473,0.0273500022547587));
#4404=CARTESIAN_POINT('',(-0.19685,-0.129680775154236,0.0277930226449155));
#4405=CARTESIAN_POINT('',(-0.19685,-0.111411402210342,0.0276694378656584));
#4406=CARTESIAN_POINT('',(-0.19685,-0.088634948277464,0.02608352538859));
#4407=CARTESIAN_POINT('',(-0.19685,-0.061353286988779,0.0224924941424194));
#4408=CARTESIAN_POINT('',(-0.19685,-0.0433463880713069,0.0191382112269773));
#4409=CARTESIAN_POINT('',(-0.19685,-0.0343802561210694,0.0172325789705939));
#4410=CARTESIAN_POINT('',(-0.19685,-0.111125,0.0508));
#4411=CARTESIAN_POINT('',(-0.192359871939465,-0.147909871939465,0.0508));
#4412=CARTESIAN_POINT('',(-0.19685,-0.143419743878935,0.0254058306960687));
#4413=CARTESIAN_POINT('',(-0.193851032902493,-0.146418710976443,0.0251366327820681));
#4414=CARTESIAN_POINT('',(-0.190856906341527,-0.149412837537404,0.0247871968502874));
#4415=CARTESIAN_POINT('',(-0.187869743876295,-0.152400000002636,0.0243223223279622));
#4416=CARTESIAN_POINT('',(-0.187869743878931,-0.1524,0.0243223223283723));
#4417=CARTESIAN_POINT('',(-0.187869743878931,-0.1524,0.0508));
#4418=CARTESIAN_POINT('',(-0.187869743878931,-0.1524,0.0258696824799305));
#4419=CARTESIAN_POINT('',(-0.187869743878931,-0.152400000005158,0.0258696824791376));
#4420=CARTESIAN_POINT('',(-0.19085708889503,-0.14941265498906,0.0263288722354016));
#4421=CARTESIAN_POINT('',(-0.193851168862437,-0.146418575016493,0.0266752659161327));
#4422=CARTESIAN_POINT('',(-0.196850000006411,-0.143419743872519,0.0269420873334219));
#4423=CARTESIAN_POINT('',(-0.13335,-0.1524,0.0508));
#4424=CARTESIAN_POINT('',(-0.13335,-0.1524,0.0243223223283724));
#4425=CARTESIAN_POINT('',(-0.078830256121069,-0.1524,0.0243223223283724));
#4426=CARTESIAN_POINT('',(-0.0788302561210691,-0.1524,0.0508));
#4427=CARTESIAN_POINT('',(-0.078830256121069,-0.1524,0.02586968247993));
#4428=CARTESIAN_POINT('',(-0.13335,-0.1524,0.0258696824799305));
#4429=CARTESIAN_POINT('',(-0.0743401280605344,-0.147909871939465,0.0508));
#4430=CARTESIAN_POINT('',(-0.078830256121069,-0.152400000005236,0.0243223223275576));
#4431=CARTESIAN_POINT('',(-0.0758430936558505,-0.149412837540017,0.0247871968500885));
#4432=CARTESIAN_POINT('',(-0.0728489670975131,-0.146418710976444,0.0251366327820682));
#4433=CARTESIAN_POINT('',(-0.0698500000000021,-0.143419743878933,0.025405830696069));
#4434=CARTESIAN_POINT('',(-0.06985,-0.143419743878931,0.0254058306960693));
#4435=CARTESIAN_POINT('',(-0.06985,-0.143419743878931,0.0508));
#4436=CARTESIAN_POINT('',(-0.06985,-0.143419743878931,0.0269420873328506));
#4437=CARTESIAN_POINT('',(-0.06985,-0.143419743866194,0.0269420873339843));
#4438=CARTESIAN_POINT('',(-0.0728488311439954,-0.14641857501019,0.0266752659170391));
#4439=CARTESIAN_POINT('',(-0.0758429111075563,-0.149412654986487,0.0263288722355975));
#4440=CARTESIAN_POINT('',(-0.0788302561236658,-0.152400000002597,0.0258696824795314));
#4441=CARTESIAN_POINT('',(-0.06985,-0.0889,0.0508));
#4442=CARTESIAN_POINT('',(-0.06985,-0.143419743878935,0.0254058306960689));
#4443=CARTESIAN_POINT('',(-0.06985,-0.134786216486436,0.0261808067091299));
#4444=CARTESIAN_POINT('',(-0.06985,-0.126135184925851,0.0263153159012168));
#4445=CARTESIAN_POINT('',(-0.06985,-0.117475,0.0261149090477318));
#4446=CARTESIAN_POINT('',(-0.06985,-0.117475,0.0261149090477318));
#4447=CARTESIAN_POINT('',(-0.06985,-0.117475,0.0508));
#4448=CARTESIAN_POINT('',(-0.06985,-0.117475,0.02619375));
#4449=CARTESIAN_POINT('',(-0.06985,-0.0889,0.02619375));
#4450=CARTESIAN_POINT('',(-0.06985,-0.111125,0.02619375));
#4451=CARTESIAN_POINT('',(-0.06985,-0.111125,0.0508));
#4452=CARTESIAN_POINT('',(-0.06985,-0.0889,0.02162175));
#4453=CARTESIAN_POINT('',(-0.06985,-0.060325,0.02162175));
#4454=CARTESIAN_POINT('',(-0.06985,-0.060325,0.0508));
#4455=CARTESIAN_POINT('',(-0.06985,-0.0343802561210692,0.0508));
#4456=CARTESIAN_POINT('',(-0.06985,-0.0343802561210692,0.0172325789705937));
#4457=CARTESIAN_POINT('',(-0.06985,-0.0343802561210692,0.0172325789705938));
#4458=CARTESIAN_POINT('',(-0.06985,-0.0433688163305234,0.0191429780555779));
#4459=CARTESIAN_POINT('',(-0.06985,-0.061387538581544,0.0224965803292158));
#4460=CARTESIAN_POINT('',(-0.06985,-0.0885451645366817,0.0260721977830785));
#4461=CARTESIAN_POINT('',(-0.06985,-0.111300015449634,0.0276649977376786));
#4462=CARTESIAN_POINT('',(-0.06985,-0.129605778291985,0.0277950836529876));
#4463=CARTESIAN_POINT('',(-0.06985,-0.138803836052214,0.0273527883722701));
#4464=CARTESIAN_POINT('',(-0.06985,-0.143419743866194,0.0269420873339847));
#4465=CARTESIAN_POINT('',(-0.0743401280605346,-0.0298901280605346,0.0508));
#4466=CARTESIAN_POINT('',(-0.0788302561210692,-0.0254000000000001,0.0152438606715694));
#4467=CARTESIAN_POINT('',(-0.0758397311965695,-0.0283905249244998,0.0159329010992997));
#4468=CARTESIAN_POINT('',(-0.0728463065773789,-0.0313839495436903,0.0165957538050088));
#4469=CARTESIAN_POINT('',(-0.06985,-0.0343802561210692,0.0172325789705939));
#4470=CARTESIAN_POINT('',(-0.06985,-0.152400000010316,0.0258696824783447));
#4471=CARTESIAN_POINT('',(-0.19685,-0.152400000010317,0.0258696824783447));
#4472=CARTESIAN_POINT('',(-0.06985,-0.137735337502069,0.0281238120705304));
#4473=CARTESIAN_POINT('',(-0.19685,-0.137735337502069,0.0281238120705304));
#4474=CARTESIAN_POINT('',(-0.06985,-0.099217342659,0.0285008588948298));
#4475=CARTESIAN_POINT('',(-0.19685,-0.099217342659,0.0285008588948298));
#4476=CARTESIAN_POINT('',(-0.06985,-0.0503324612308609,0.0209884955382248));
#4477=CARTESIAN_POINT('',(-0.19685,-0.050332461230861,0.0209884955382248));
#4478=CARTESIAN_POINT('',(-0.06985,-0.0253999999999999,0.0152438606715694));
#4479=CARTESIAN_POINT('',(-0.19685,-0.0254,0.0152438606715694));
#4480=CARTESIAN_POINT('',(-0.06985,-0.117475,0.0261149090477318));
#4481=CARTESIAN_POINT('',(-0.19685,-0.117475,0.0261149090477318));
#4482=CARTESIAN_POINT('',(-0.06985,-0.130844155784348,0.026424287019153));
#4483=CARTESIAN_POINT('',(-0.19685,-0.130844155784348,0.026424287019153));
#4484=CARTESIAN_POINT('',(-0.06985,-0.142698298703645,0.0258321410310356));
#4485=CARTESIAN_POINT('',(-0.19685,-0.142698298703645,0.0258321410310356));
#4486=CARTESIAN_POINT('',(-0.06985,-0.152400000010471,0.0243223223267428));
#4487=CARTESIAN_POINT('',(-0.19685,-0.152400000010471,0.0243223223267428));
#4488=CARTESIAN_POINT('',(-0.13335,-0.117475,0.0261149090477318));
#4489=CARTESIAN_POINT('',(0.28575,-0.060325,0.02162175));
#4490=CARTESIAN_POINT('',(0.28575,-0.060325,0.02162175));
#4491=CARTESIAN_POINT('',(-0.0635,-0.060325,0.02162175));
#4492=CARTESIAN_POINT('',(-0.0635,-0.060325,0.0508));
#4493=CARTESIAN_POINT('',(0.,-0.0587375,0.02162175));
#4494=CARTESIAN_POINT('',(-0.0635,-0.0889,0.02162175));
#4495=CARTESIAN_POINT('',(0.0635,-0.0254000000122175,0.01367560475484));
#4496=CARTESIAN_POINT('',(-0.0635,-0.0254000000122176,0.0136756047548401));
#4497=CARTESIAN_POINT('',(0.0635,-0.0378732410054846,0.0165574749063729));
#4498=CARTESIAN_POINT('',(-0.0635,-0.0378732410054848,0.0165574749063729));
#4499=CARTESIAN_POINT('',(0.0635,-0.0502228486660263,0.0189415154816899));
#4500=CARTESIAN_POINT('',(-0.0635,-0.0502228486660264,0.0189415154816899));
#4501=CARTESIAN_POINT('',(0.0635,-0.0621824093379923,0.020828));
#4502=CARTESIAN_POINT('',(-0.0635,-0.0621824093379924,0.020828));
#4503=CARTESIAN_POINT('',(0.0635,-0.0621824093379911,0.0208280000000003));
#4504=CARTESIAN_POINT('',(0.0635,-0.0528685928213512,0.0193588514963928));
#4505=CARTESIAN_POINT('',(0.0635,-0.04360201978398,0.0176350671511315));
#4506=CARTESIAN_POINT('',(0.0635,-0.034380256100182,0.0156697667942516));
#4507=CARTESIAN_POINT('',(0.0635,-0.0343802561210692,0.0156697667987036));
#4508=CARTESIAN_POINT('',(-0.0635,-0.0343802561001818,0.0156697667942512));
#4509=CARTESIAN_POINT('',(-0.0635,-0.0436020197839121,0.0176350671514991));
#4510=CARTESIAN_POINT('',(-0.0635,-0.0528685928213521,0.0193588514963924));
#4511=CARTESIAN_POINT('',(-0.0635,-0.0621824093379924,0.020828));
#4512=CARTESIAN_POINT('',(-0.0635,-0.0343802561210693,0.0156697667987023));
#4513=CARTESIAN_POINT('',(-0.0545197438789308,-0.0254000000238614,0.0136756047575301));
#4514=CARTESIAN_POINT('',(-0.0575102514957932,-0.0283905076407239,0.0143665442367686));
#4515=CARTESIAN_POINT('',(-0.0605036769647903,-0.0313839330858596,0.0150312040538983));
#4516=CARTESIAN_POINT('',(-0.0634999999893053,-0.0343802561103746,0.0156697667964238));
#4517=CARTESIAN_POINT('',(-0.0545197438789308,-0.0254,0.0136756047520169));
#4518=CARTESIAN_POINT('',(0.,-0.0254000000000019,0.0136756047520177));
#4519=CARTESIAN_POINT('',(0.0545197438789308,-0.0254,0.0136756047520177));
#4520=CARTESIAN_POINT('',(0.0635,-0.0343802561001819,0.0156697667942519));
#4521=CARTESIAN_POINT('',(0.0605036769754972,-0.0313839330756791,0.0150312040515441));
#4522=CARTESIAN_POINT('',(0.0575102515079939,-0.0283905076290631,0.0143665442342882));
#4523=CARTESIAN_POINT('',(0.0545197438911482,-0.0254000000122175,0.01367560475484));
#4524=CARTESIAN_POINT('',(0.,-0.0254,0.0508));
#4525=CARTESIAN_POINT('',(0.0545197438789308,-0.0254,0.0508));
#4526=CARTESIAN_POINT('',(0.0545197438789308,-0.0254,0.0152438606715693));
#4527=CARTESIAN_POINT('',(-0.0545197438789308,-0.0254,0.0508));
#4528=CARTESIAN_POINT('',(-0.0545197438789308,-0.0254,0.0152438606715695));
#4529=CARTESIAN_POINT('',(0.,-0.0254,0.0152438606715694));
#4530=CARTESIAN_POINT('',(-0.0590098719394654,-0.0298901280605347,0.0508));
#4531=CARTESIAN_POINT('',(-0.0635,-0.0343802561210693,0.0508));
#4532=CARTESIAN_POINT('',(-0.0635,-0.0343802561210693,0.017232578970594));
#4533=CARTESIAN_POINT('',(-0.0635,-0.0343802561210694,0.017232578970594));
#4534=CARTESIAN_POINT('',(-0.0605036934226211,-0.0313839495436905,0.016595753805009));
#4535=CARTESIAN_POINT('',(-0.0575102688034305,-0.0283905249244998,0.0159329010992998));
#4536=CARTESIAN_POINT('',(-0.0545197438789308,-0.0254,0.0152438606715694));
#4537=CARTESIAN_POINT('',(-0.0635,-0.0889,0.0508));
#4538=CARTESIAN_POINT('',(-0.0635,-0.0889,0.02619375));
#4539=CARTESIAN_POINT('',(-0.0635,-0.111125,0.02619375));
#4540=CARTESIAN_POINT('',(-0.0635,-0.117475,0.02619375));
#4541=CARTESIAN_POINT('',(-0.0635,-0.117475,0.0508));
#4542=CARTESIAN_POINT('',(-0.0635,-0.117475,0.0261149090477318));
#4543=CARTESIAN_POINT('',(-0.0635,-0.117475,0.0261149090477318));
#4544=CARTESIAN_POINT('',(-0.0635,-0.126135184925851,0.0263153159012168));
#4545=CARTESIAN_POINT('',(-0.0635,-0.134786216486437,0.0261808067091296));
#4546=CARTESIAN_POINT('',(-0.0635,-0.143419743878935,0.0254058306960688));
#4547=CARTESIAN_POINT('',(-0.0635,-0.143419743878931,0.025405830696069));
#4548=CARTESIAN_POINT('',(-0.0635,-0.143419743878931,0.0508));
#4549=CARTESIAN_POINT('',(-0.0635,-0.143419743878931,0.0269420873328523));
#4550=CARTESIAN_POINT('',(-0.0635,-0.143419743866195,0.0269420873339851));
#4551=CARTESIAN_POINT('',(-0.0635,-0.138835149486473,0.0273500022547587));
#4552=CARTESIAN_POINT('',(-0.0635,-0.129680775154236,0.0277930226449155));
#4553=CARTESIAN_POINT('',(-0.0635,-0.111411402210342,0.0276694378656584));
#4554=CARTESIAN_POINT('',(-0.0635,-0.088634948277464,0.02608352538859));
#4555=CARTESIAN_POINT('',(-0.0635,-0.061353286988779,0.0224924941424194));
#4556=CARTESIAN_POINT('',(-0.0635,-0.0433463880713069,0.0191382112269773));
#4557=CARTESIAN_POINT('',(-0.0635,-0.0343802561210694,0.0172325789705939));
#4558=CARTESIAN_POINT('',(-0.0635,-0.111125,0.0508));
#4559=CARTESIAN_POINT('',(-0.0590098719394654,-0.147909871939465,0.0508));
#4560=CARTESIAN_POINT('',(-0.0635,-0.143419743878935,0.0254058306960687));
#4561=CARTESIAN_POINT('',(-0.0605010329024926,-0.146418710976443,0.0251366327820681));
#4562=CARTESIAN_POINT('',(-0.0575069063415265,-0.149412837537404,0.0247871968502874));
#4563=CARTESIAN_POINT('',(-0.0545197438762948,-0.152400000002636,0.0243223223279621));
#4564=CARTESIAN_POINT('',(-0.0545197438789307,-0.1524,0.0243223223283723));
#4565=CARTESIAN_POINT('',(-0.0545197438789307,-0.1524,0.0508));
#4566=CARTESIAN_POINT('',(-0.0545197438789307,-0.1524,0.0258696824799305));
#4567=CARTESIAN_POINT('',(-0.0545197438789307,-0.152400000005158,0.0258696824791376));
#4568=CARTESIAN_POINT('',(-0.0575070888950294,-0.14941265498906,0.0263288722354016));
#4569=CARTESIAN_POINT('',(-0.0605011688624373,-0.146418575016494,0.0266752659161327));
#4570=CARTESIAN_POINT('',(-0.0635000000064114,-0.143419743872519,0.0269420873334219));
#4571=CARTESIAN_POINT('',(7.63278329429795E-17,-0.1524,0.0508));
#4572=CARTESIAN_POINT('',(0.,-0.1524,0.0243223223283724));
#4573=CARTESIAN_POINT('',(0.054519743878931,-0.1524,0.0243223223283724));
#4574=CARTESIAN_POINT('',(0.054519743878931,-0.1524,0.0508));
#4575=CARTESIAN_POINT('',(0.054519743878931,-0.1524,0.02586968247993));
#4576=CARTESIAN_POINT('',(0.,-0.1524,0.0258696824799305));
#4577=CARTESIAN_POINT('',(0.0590098719394656,-0.147909871939465,0.0508));
#4578=CARTESIAN_POINT('',(0.054519743878931,-0.152400000005236,0.0243223223275576));
#4579=CARTESIAN_POINT('',(0.0575069063441495,-0.149412837540017,0.0247871968500885));
#4580=CARTESIAN_POINT('',(0.0605010329024869,-0.146418710976444,0.0251366327820682));
#4581=CARTESIAN_POINT('',(0.0634999999999979,-0.143419743878933,0.025405830696069));
#4582=CARTESIAN_POINT('',(0.0635,-0.143419743878931,0.0254058306960693));
#4583=CARTESIAN_POINT('',(0.0635,-0.143419743878931,0.0508));
#4584=CARTESIAN_POINT('',(0.0635,-0.143419743878931,0.0269420873328506));
#4585=CARTESIAN_POINT('',(0.0635,-0.143419743866194,0.0269420873339843));
#4586=CARTESIAN_POINT('',(0.0605011688560046,-0.14641857501019,0.0266752659170391));
#4587=CARTESIAN_POINT('',(0.0575070888924438,-0.149412654986487,0.0263288722355975));
#4588=CARTESIAN_POINT('',(0.0545197438763343,-0.152400000002597,0.0258696824795314));
#4589=CARTESIAN_POINT('',(0.0635,-0.0889,0.0508));
#4590=CARTESIAN_POINT('',(0.0635,-0.143419743878935,0.0254058306960689));
#4591=CARTESIAN_POINT('',(0.0635,-0.134786216486436,0.0261808067091299));
#4592=CARTESIAN_POINT('',(0.0635,-0.126135184925851,0.0263153159012168));
#4593=CARTESIAN_POINT('',(0.0635,-0.117475,0.0261149090477318));
#4594=CARTESIAN_POINT('',(0.0635,-0.117475,0.0261149090477318));
#4595=CARTESIAN_POINT('',(0.0635,-0.117475,0.0508));
#4596=CARTESIAN_POINT('',(0.0635,-0.117475,0.02619375));
#4597=CARTESIAN_POINT('',(0.0635,-0.0889,0.02619375));
#4598=CARTESIAN_POINT('',(0.0635,-0.111125,0.02619375));
#4599=CARTESIAN_POINT('',(0.0635,-0.111125,0.0508));
#4600=CARTESIAN_POINT('',(0.0635,-0.0889,0.02162175));
#4601=CARTESIAN_POINT('',(0.0635,-0.060325,0.02162175));
#4602=CARTESIAN_POINT('',(0.0635,-0.060325,0.0508));
#4603=CARTESIAN_POINT('',(0.0635,-0.0343802561210692,0.0508));
#4604=CARTESIAN_POINT('',(0.0635,-0.0343802561210692,0.0172325789705937));
#4605=CARTESIAN_POINT('',(0.0635,-0.0343802561210692,0.0172325789705938));
#4606=CARTESIAN_POINT('',(0.0635,-0.0433688163305234,0.0191429780555779));
#4607=CARTESIAN_POINT('',(0.0635,-0.061387538581544,0.0224965803292158));
#4608=CARTESIAN_POINT('',(0.0635,-0.0885451645366817,0.0260721977830785));
#4609=CARTESIAN_POINT('',(0.0635,-0.111300015449634,0.0276649977376786));
#4610=CARTESIAN_POINT('',(0.0635,-0.129605778291985,0.0277950836529876));
#4611=CARTESIAN_POINT('',(0.0635,-0.138803836052214,0.0273527883722701));
#4612=CARTESIAN_POINT('',(0.0635,-0.143419743866194,0.0269420873339847));
#4613=CARTESIAN_POINT('',(0.0590098719394654,-0.0298901280605346,0.0508));
#4614=CARTESIAN_POINT('',(0.0545197438789308,-0.0254000000000001,0.0152438606715694));
#4615=CARTESIAN_POINT('',(0.0575102688034305,-0.0283905249244998,0.0159329010992997));
#4616=CARTESIAN_POINT('',(0.0605036934226211,-0.0313839495436903,0.0165957538050088));
#4617=CARTESIAN_POINT('',(0.0635,-0.0343802561210692,0.0172325789705939));
#4618=CARTESIAN_POINT('',(0.0635,-0.152400000010316,0.0258696824783447));
#4619=CARTESIAN_POINT('',(-0.0635,-0.152400000010317,0.0258696824783447));
#4620=CARTESIAN_POINT('',(0.0635,-0.137735337502069,0.0281238120705304));
#4621=CARTESIAN_POINT('',(-0.0635,-0.137735337502069,0.0281238120705304));
#4622=CARTESIAN_POINT('',(0.0635,-0.099217342659,0.0285008588948298));
#4623=CARTESIAN_POINT('',(-0.0635,-0.099217342659,0.0285008588948298));
#4624=CARTESIAN_POINT('',(0.0635,-0.0503324612308609,0.0209884955382248));
#4625=CARTESIAN_POINT('',(-0.0635,-0.050332461230861,0.0209884955382248));
#4626=CARTESIAN_POINT('',(0.0635,-0.0253999999999999,0.0152438606715694));
#4627=CARTESIAN_POINT('',(-0.0635,-0.0254,0.0152438606715694));
#4628=CARTESIAN_POINT('',(0.0635,-0.117475,0.0261149090477318));
#4629=CARTESIAN_POINT('',(-0.0635,-0.117475,0.0261149090477318));
#4630=CARTESIAN_POINT('',(0.0635,-0.130844155784348,0.026424287019153));
#4631=CARTESIAN_POINT('',(-0.0635,-0.130844155784348,0.026424287019153));
#4632=CARTESIAN_POINT('',(0.0635,-0.142698298703645,0.0258321410310356));
#4633=CARTESIAN_POINT('',(-0.0635,-0.142698298703645,0.0258321410310356));
#4634=CARTESIAN_POINT('',(0.0635,-0.152400000010471,0.0243223223267428));
#4635=CARTESIAN_POINT('',(-0.0635,-0.152400000010471,0.0243223223267428));
#4636=CARTESIAN_POINT('',(0.,-0.117475,0.0261149090477318));
#4637=CARTESIAN_POINT('',(0.28575,-0.060325,0.02162175));
#4638=CARTESIAN_POINT('',(0.28575,-0.060325,0.02162175));
#4639=CARTESIAN_POINT('',(0.06985,-0.060325,0.02162175));
#4640=CARTESIAN_POINT('',(0.06985,-0.060325,0.0508));
#4641=CARTESIAN_POINT('',(0.,-0.0587375,0.02162175));
#4642=CARTESIAN_POINT('',(0.06985,-0.0889,0.02162175));
#4643=CARTESIAN_POINT('',(0.19685,-0.0254000000122175,0.0136756047548401));
#4644=CARTESIAN_POINT('',(0.06985,-0.0254000000122176,0.0136756047548401));
#4645=CARTESIAN_POINT('',(0.19685,-0.0378732410054871,0.0165574749063734));
#4646=CARTESIAN_POINT('',(0.06985,-0.0378732410054872,0.0165574749063734));
#4647=CARTESIAN_POINT('',(0.19685,-0.0502228486660311,0.0189415154816908));
#4648=CARTESIAN_POINT('',(0.06985,-0.0502228486660312,0.0189415154816908));
#4649=CARTESIAN_POINT('',(0.19685,-0.0621824093379991,0.0208280000000011));
#4650=CARTESIAN_POINT('',(0.06985,-0.0621824093379992,0.0208280000000011));
#4651=CARTESIAN_POINT('',(0.19685,-0.0621824093379911,0.0208280000000003));
#4652=CARTESIAN_POINT('',(0.19685,-0.0528685928213512,0.0193588514963928));
#4653=CARTESIAN_POINT('',(0.19685,-0.04360201978398,0.0176350671511315));
#4654=CARTESIAN_POINT('',(0.19685,-0.034380256100182,0.0156697667942516));
#4655=CARTESIAN_POINT('',(0.19685,-0.0343802561210692,0.0156697667987036));
#4656=CARTESIAN_POINT('',(0.06985,-0.0343802561001818,0.0156697667942512));
#4657=CARTESIAN_POINT('',(0.06985,-0.0436020197839143,0.0176350671514996));
#4658=CARTESIAN_POINT('',(0.06985,-0.0528685928213566,0.0193588514963932));
#4659=CARTESIAN_POINT('',(0.06985,-0.0621824093379992,0.0208280000000011));
#4660=CARTESIAN_POINT('',(0.06985,-0.0343802561210693,0.0156697667987023));
#4661=CARTESIAN_POINT('',(0.0788302561210692,-0.0254000000238614,0.0136756047575301));
#4662=CARTESIAN_POINT('',(0.0758397485042068,-0.0283905076407239,0.0143665442367686));
#4663=CARTESIAN_POINT('',(0.0728463230352097,-0.0313839330858596,0.0150312040538983));
#4664=CARTESIAN_POINT('',(0.0698500000106947,-0.0343802561103746,0.0156697667964238));
#4665=CARTESIAN_POINT('',(0.0788302561210692,-0.0254,0.0136756047520169));
#4666=CARTESIAN_POINT('',(0.13335,-0.0254000000000019,0.0136756047520177));
#4667=CARTESIAN_POINT('',(0.187869743878931,-0.0254,0.0136756047520177));
#4668=CARTESIAN_POINT('',(0.19685,-0.0343802561001819,0.0156697667942519));
#4669=CARTESIAN_POINT('',(0.193853676975497,-0.0313839330756791,0.0150312040515442));
#4670=CARTESIAN_POINT('',(0.190860251507994,-0.0283905076290631,0.0143665442342882));
#4671=CARTESIAN_POINT('',(0.187869743891148,-0.0254000000122175,0.0136756047548401));
#4672=CARTESIAN_POINT('',(0.13335,-0.0254,0.0508));
#4673=CARTESIAN_POINT('',(0.187869743878931,-0.0254,0.0508));
#4674=CARTESIAN_POINT('',(0.187869743878931,-0.0254,0.0152438606715693));
#4675=CARTESIAN_POINT('',(0.0788302561210692,-0.0254,0.0508));
#4676=CARTESIAN_POINT('',(0.0788302561210692,-0.0254,0.0152438606715695));
#4677=CARTESIAN_POINT('',(0.13335,-0.0254,0.0152438606715694));
#4678=CARTESIAN_POINT('',(0.0743401280605346,-0.0298901280605347,0.0508));
#4679=CARTESIAN_POINT('',(0.06985,-0.0343802561210693,0.0508));
#4680=CARTESIAN_POINT('',(0.06985,-0.0343802561210693,0.017232578970594));
#4681=CARTESIAN_POINT('',(0.06985,-0.0343802561210694,0.017232578970594));
#4682=CARTESIAN_POINT('',(0.0728463065773789,-0.0313839495436905,0.016595753805009));
#4683=CARTESIAN_POINT('',(0.0758397311965695,-0.0283905249244998,0.0159329010992998));
#4684=CARTESIAN_POINT('',(0.0788302561210693,-0.0254,0.0152438606715694));
#4685=CARTESIAN_POINT('',(0.06985,-0.0889,0.0508));
#4686=CARTESIAN_POINT('',(0.06985,-0.0889,0.02619375));
#4687=CARTESIAN_POINT('',(0.06985,-0.111125,0.02619375));
#4688=CARTESIAN_POINT('',(0.06985,-0.117475,0.02619375));
#4689=CARTESIAN_POINT('',(0.06985,-0.117475,0.0508));
#4690=CARTESIAN_POINT('',(0.06985,-0.117475,0.0261149090477318));
#4691=CARTESIAN_POINT('',(0.06985,-0.117475,0.0261149090477318));
#4692=CARTESIAN_POINT('',(0.06985,-0.126135184925851,0.0263153159012168));
#4693=CARTESIAN_POINT('',(0.06985,-0.134786216486437,0.0261808067091296));
#4694=CARTESIAN_POINT('',(0.06985,-0.143419743878935,0.0254058306960688));
#4695=CARTESIAN_POINT('',(0.06985,-0.143419743878931,0.025405830696069));
#4696=CARTESIAN_POINT('',(0.06985,-0.143419743878931,0.0508));
#4697=CARTESIAN_POINT('',(0.06985,-0.143419743878931,0.0269420873328523));
#4698=CARTESIAN_POINT('',(0.06985,-0.143419743866195,0.0269420873339851));
#4699=CARTESIAN_POINT('',(0.06985,-0.138835149486473,0.0273500022547587));
#4700=CARTESIAN_POINT('',(0.06985,-0.129680775154236,0.0277930226449155));
#4701=CARTESIAN_POINT('',(0.06985,-0.111411402210342,0.0276694378656584));
#4702=CARTESIAN_POINT('',(0.06985,-0.088634948277464,0.02608352538859));
#4703=CARTESIAN_POINT('',(0.06985,-0.061353286988779,0.0224924941424194));
#4704=CARTESIAN_POINT('',(0.06985,-0.0433463880713069,0.0191382112269773));
#4705=CARTESIAN_POINT('',(0.06985,-0.0343802561210694,0.0172325789705939));
#4706=CARTESIAN_POINT('',(0.06985,-0.111125,0.0508));
#4707=CARTESIAN_POINT('',(0.0743401280605347,-0.147909871939465,0.0508));
#4708=CARTESIAN_POINT('',(0.0698500000000001,-0.143419743878935,0.0254058306960687));
#4709=CARTESIAN_POINT('',(0.0728489670975075,-0.146418710976443,0.0251366327820681));
#4710=CARTESIAN_POINT('',(0.0758430936584735,-0.149412837537404,0.0247871968502875));
#4711=CARTESIAN_POINT('',(0.0788302561237053,-0.152400000002636,0.0243223223279622));
#4712=CARTESIAN_POINT('',(0.0788302561210693,-0.1524,0.0243223223283723));
#4713=CARTESIAN_POINT('',(0.0788302561210693,-0.1524,0.0508));
#4714=CARTESIAN_POINT('',(0.0788302561210693,-0.1524,0.0258696824799305));
#4715=CARTESIAN_POINT('',(0.0788302561210693,-0.152400000005158,0.0258696824791376));
#4716=CARTESIAN_POINT('',(0.0758429111049706,-0.14941265498906,0.0263288722354016));
#4717=CARTESIAN_POINT('',(0.0728488311375628,-0.146418575016493,0.0266752659161327));
#4718=CARTESIAN_POINT('',(0.0698499999935887,-0.143419743872519,0.0269420873334219));
#4719=CARTESIAN_POINT('',(0.13335,-0.1524,0.0508));
#4720=CARTESIAN_POINT('',(0.13335,-0.1524,0.0243223223283724));
#4721=CARTESIAN_POINT('',(0.187869743878931,-0.1524,0.0243223223283724));
#4722=CARTESIAN_POINT('',(0.187869743878931,-0.1524,0.0508));
#4723=CARTESIAN_POINT('',(0.187869743878931,-0.1524,0.02586968247993));
#4724=CARTESIAN_POINT('',(0.13335,-0.1524,0.0258696824799305));
#4725=CARTESIAN_POINT('',(0.192359871939465,-0.147909871939465,0.0508));
#4726=CARTESIAN_POINT('',(0.187869743878931,-0.152400000005236,0.0243223223275576));
#4727=CARTESIAN_POINT('',(0.190856906344149,-0.149412837540017,0.0247871968500885));
#4728=CARTESIAN_POINT('',(0.193851032902487,-0.146418710976444,0.0251366327820682));
#4729=CARTESIAN_POINT('',(0.196849999999998,-0.143419743878933,0.025405830696069));
#4730=CARTESIAN_POINT('',(0.19685,-0.143419743878931,0.0254058306960693));
#4731=CARTESIAN_POINT('',(0.19685,-0.143419743878931,0.0508));
#4732=CARTESIAN_POINT('',(0.19685,-0.143419743878931,0.0269420873328506));
#4733=CARTESIAN_POINT('',(0.19685,-0.143419743866194,0.0269420873339843));
#4734=CARTESIAN_POINT('',(0.193851168856005,-0.14641857501019,0.0266752659170391));
#4735=CARTESIAN_POINT('',(0.190857088892444,-0.149412654986487,0.0263288722355975));
#4736=CARTESIAN_POINT('',(0.187869743876334,-0.152400000002597,0.0258696824795314));
#4737=CARTESIAN_POINT('',(0.19685,-0.0889,0.0508));
#4738=CARTESIAN_POINT('',(0.19685,-0.143419743878935,0.0254058306960689));
#4739=CARTESIAN_POINT('',(0.19685,-0.134786216486436,0.0261808067091299));
#4740=CARTESIAN_POINT('',(0.19685,-0.126135184925851,0.0263153159012168));
#4741=CARTESIAN_POINT('',(0.19685,-0.117475,0.0261149090477318));
#4742=CARTESIAN_POINT('',(0.19685,-0.117475,0.0261149090477318));
#4743=CARTESIAN_POINT('',(0.19685,-0.117475,0.0508));
#4744=CARTESIAN_POINT('',(0.19685,-0.117475,0.02619375));
#4745=CARTESIAN_POINT('',(0.19685,-0.0889,0.02619375));
#4746=CARTESIAN_POINT('',(0.19685,-0.111125,0.02619375));
#4747=CARTESIAN_POINT('',(0.19685,-0.111125,0.0508));
#4748=CARTESIAN_POINT('',(0.19685,-0.0889,0.02162175));
#4749=CARTESIAN_POINT('',(0.19685,-0.060325,0.02162175));
#4750=CARTESIAN_POINT('',(0.19685,-0.060325,0.0508));
#4751=CARTESIAN_POINT('',(0.19685,-0.0343802561210692,0.0508));
#4752=CARTESIAN_POINT('',(0.19685,-0.0343802561210692,0.0172325789705937));
#4753=CARTESIAN_POINT('',(0.19685,-0.0343802561210692,0.0172325789705938));
#4754=CARTESIAN_POINT('',(0.19685,-0.0433688163305234,0.0191429780555779));
#4755=CARTESIAN_POINT('',(0.19685,-0.061387538581544,0.0224965803292158));
#4756=CARTESIAN_POINT('',(0.19685,-0.0885451645366817,0.0260721977830785));
#4757=CARTESIAN_POINT('',(0.19685,-0.111300015449634,0.0276649977376786));
#4758=CARTESIAN_POINT('',(0.19685,-0.129605778291985,0.0277950836529876));
#4759=CARTESIAN_POINT('',(0.19685,-0.138803836052214,0.0273527883722701));
#4760=CARTESIAN_POINT('',(0.19685,-0.143419743866194,0.0269420873339847));
#4761=CARTESIAN_POINT('',(0.192359871939465,-0.0298901280605346,0.0508));
#4762=CARTESIAN_POINT('',(0.187869743878931,-0.0254000000000001,0.0152438606715694));
#4763=CARTESIAN_POINT('',(0.190860268803431,-0.0283905249244997,0.0159329010992997));
#4764=CARTESIAN_POINT('',(0.193853693422621,-0.0313839495436903,0.0165957538050089));
#4765=CARTESIAN_POINT('',(0.19685,-0.0343802561210692,0.0172325789705939));
#4766=CARTESIAN_POINT('',(0.19685,-0.152400000010316,0.0258696824783447));
#4767=CARTESIAN_POINT('',(0.06985,-0.152400000010317,0.0258696824783447));
#4768=CARTESIAN_POINT('',(0.19685,-0.137735337502069,0.0281238120705304));
#4769=CARTESIAN_POINT('',(0.06985,-0.137735337502069,0.0281238120705304));
#4770=CARTESIAN_POINT('',(0.19685,-0.099217342659,0.0285008588948298));
#4771=CARTESIAN_POINT('',(0.0698500000000001,-0.099217342659,0.0285008588948298));
#4772=CARTESIAN_POINT('',(0.19685,-0.0503324612308609,0.0209884955382248));
#4773=CARTESIAN_POINT('',(0.06985,-0.050332461230861,0.0209884955382248));
#4774=CARTESIAN_POINT('',(0.19685,-0.0253999999999999,0.0152438606715694));
#4775=CARTESIAN_POINT('',(0.06985,-0.0254,0.0152438606715694));
#4776=CARTESIAN_POINT('',(0.19685,-0.117475,0.0261149090477318));
#4777=CARTESIAN_POINT('',(0.06985,-0.117475,0.0261149090477318));
#4778=CARTESIAN_POINT('',(0.19685,-0.130844155784348,0.026424287019153));
#4779=CARTESIAN_POINT('',(0.06985,-0.130844155784348,0.026424287019153));
#4780=CARTESIAN_POINT('',(0.19685,-0.142698298703645,0.0258321410310356));
#4781=CARTESIAN_POINT('',(0.0698500000000001,-0.142698298703645,0.0258321410310356));
#4782=CARTESIAN_POINT('',(0.19685,-0.152400000010471,0.0243223223267428));
#4783=CARTESIAN_POINT('',(0.0698500000000001,-0.152400000010471,0.0243223223267428));
#4784=CARTESIAN_POINT('',(0.13335,-0.117475,0.0261149090477318));
#4785=CARTESIAN_POINT('',(0.28575,-0.060325,0.02162175));
#4786=CARTESIAN_POINT('',(0.28575,-0.060325,0.02162175));
#4787=CARTESIAN_POINT('',(0.2032,-0.060325,0.02162175));
#4788=CARTESIAN_POINT('',(0.2032,-0.060325,0.0508));
#4789=CARTESIAN_POINT('',(0.,-0.0587375,0.02162175));
#4790=CARTESIAN_POINT('',(0.2032,-0.0889,0.02162175));
#4791=CARTESIAN_POINT('',(0.3302,-0.0254000000122175,0.0136756047548401));
#4792=CARTESIAN_POINT('',(0.2032,-0.0254000000122176,0.0136756047548401));
#4793=CARTESIAN_POINT('',(0.3302,-0.0378732410054847,0.0165574749063729));
#4794=CARTESIAN_POINT('',(0.2032,-0.0378732410054848,0.0165574749063729));
#4795=CARTESIAN_POINT('',(0.3302,-0.0502228486660264,0.0189415154816899));
#4796=CARTESIAN_POINT('',(0.2032,-0.0502228486660265,0.0189415154816899));
#4797=CARTESIAN_POINT('',(0.3302,-0.0621824093379923,0.020828));
#4798=CARTESIAN_POINT('',(0.2032,-0.0621824093379924,0.020828));
#4799=CARTESIAN_POINT('',(0.3302,-0.0621824093379911,0.0208280000000003));
#4800=CARTESIAN_POINT('',(0.3302,-0.0528685928213512,0.0193588514963928));
#4801=CARTESIAN_POINT('',(0.3302,-0.04360201978398,0.0176350671511315));
#4802=CARTESIAN_POINT('',(0.3302,-0.034380256100182,0.0156697667942516));
#4803=CARTESIAN_POINT('',(0.3302,-0.0343802561210692,0.0156697667987036));
#4804=CARTESIAN_POINT('',(0.2032,-0.0343802561001818,0.0156697667942512));
#4805=CARTESIAN_POINT('',(0.2032,-0.0436020197839121,0.0176350671514991));
#4806=CARTESIAN_POINT('',(0.2032,-0.0528685928213521,0.0193588514963924));
#4807=CARTESIAN_POINT('',(0.2032,-0.0621824093379924,0.020828));
#4808=CARTESIAN_POINT('',(0.2032,-0.0343802561210693,0.0156697667987023));
#4809=CARTESIAN_POINT('',(0.212180256121069,-0.0254000000238614,0.0136756047575301));
#4810=CARTESIAN_POINT('',(0.209189748504207,-0.0283905076407238,0.0143665442367686));
#4811=CARTESIAN_POINT('',(0.20619632303521,-0.0313839330858596,0.0150312040538983));
#4812=CARTESIAN_POINT('',(0.203200000010695,-0.0343802561103746,0.0156697667964238));
#4813=CARTESIAN_POINT('',(0.212180256121069,-0.0254,0.0136756047520169));
#4814=CARTESIAN_POINT('',(0.2667,-0.0254000000000019,0.0136756047520177));
#4815=CARTESIAN_POINT('',(0.321219743878931,-0.0254,0.0136756047520177));
#4816=CARTESIAN_POINT('',(0.3302,-0.0343802561001819,0.0156697667942519));
#4817=CARTESIAN_POINT('',(0.327203676975497,-0.0313839330756791,0.0150312040515442));
#4818=CARTESIAN_POINT('',(0.324210251507994,-0.0283905076290631,0.0143665442342882));
#4819=CARTESIAN_POINT('',(0.321219743891148,-0.0254000000122175,0.01367560475484));
#4820=CARTESIAN_POINT('',(0.2667,-0.0254,0.0508));
#4821=CARTESIAN_POINT('',(0.321219743878931,-0.0254,0.0508));
#4822=CARTESIAN_POINT('',(0.321219743878931,-0.0254,0.0152438606715693));
#4823=CARTESIAN_POINT('',(0.212180256121069,-0.0254,0.0508));
#4824=CARTESIAN_POINT('',(0.212180256121069,-0.0254,0.0152438606715695));
#4825=CARTESIAN_POINT('',(0.2667,-0.0254,0.0152438606715694));
#4826=CARTESIAN_POINT('',(0.207690128060534,-0.0298901280605347,0.0508));
#4827=CARTESIAN_POINT('',(0.2032,-0.0343802561210693,0.0508));
#4828=CARTESIAN_POINT('',(0.2032,-0.0343802561210693,0.017232578970594));
#4829=CARTESIAN_POINT('',(0.2032,-0.0343802561210694,0.017232578970594));
#4830=CARTESIAN_POINT('',(0.206196306577379,-0.0313839495436904,0.016595753805009));
#4831=CARTESIAN_POINT('',(0.20918973119657,-0.0283905249244996,0.0159329010992998));
#4832=CARTESIAN_POINT('',(0.212180256121069,-0.0253999999999999,0.0152438606715694));
#4833=CARTESIAN_POINT('',(0.2032,-0.0889,0.0508));
#4834=CARTESIAN_POINT('',(0.2032,-0.0889,0.02619375));
#4835=CARTESIAN_POINT('',(0.2032,-0.111125,0.02619375));
#4836=CARTESIAN_POINT('',(0.2032,-0.117475,0.02619375));
#4837=CARTESIAN_POINT('',(0.2032,-0.117475,0.0508));
#4838=CARTESIAN_POINT('',(0.2032,-0.117475,0.0261149090477318));
#4839=CARTESIAN_POINT('',(0.2032,-0.117475,0.0261149090477318));
#4840=CARTESIAN_POINT('',(0.2032,-0.126135184925851,0.0263153159012168));
#4841=CARTESIAN_POINT('',(0.2032,-0.134786216486437,0.0261808067091296));
#4842=CARTESIAN_POINT('',(0.2032,-0.143419743878935,0.0254058306960688));
#4843=CARTESIAN_POINT('',(0.2032,-0.143419743878931,0.025405830696069));
#4844=CARTESIAN_POINT('',(0.2032,-0.143419743878931,0.0508));
#4845=CARTESIAN_POINT('',(0.2032,-0.143419743878931,0.0269420873328523));
#4846=CARTESIAN_POINT('',(0.2032,-0.143419743866195,0.0269420873339851));
#4847=CARTESIAN_POINT('',(0.2032,-0.138835149486473,0.0273500022547587));
#4848=CARTESIAN_POINT('',(0.2032,-0.129680775154236,0.0277930226449155));
#4849=CARTESIAN_POINT('',(0.2032,-0.111411402210342,0.0276694378656584));
#4850=CARTESIAN_POINT('',(0.2032,-0.088634948277464,0.02608352538859));
#4851=CARTESIAN_POINT('',(0.2032,-0.061353286988779,0.0224924941424194));
#4852=CARTESIAN_POINT('',(0.2032,-0.0433463880713069,0.0191382112269773));
#4853=CARTESIAN_POINT('',(0.2032,-0.0343802561210694,0.0172325789705939));
#4854=CARTESIAN_POINT('',(0.2032,-0.111125,0.0508));
#4855=CARTESIAN_POINT('',(0.207690128060534,-0.147909871939465,0.0508));
#4856=CARTESIAN_POINT('',(0.2032,-0.143419743878935,0.0254058306960687));
#4857=CARTESIAN_POINT('',(0.206198967097507,-0.146418710976443,0.0251366327820681));
#4858=CARTESIAN_POINT('',(0.209193093658473,-0.149412837537404,0.0247871968502874));
#4859=CARTESIAN_POINT('',(0.212180256123705,-0.152400000002636,0.0243223223279621));
#4860=CARTESIAN_POINT('',(0.212180256121069,-0.1524,0.0243223223283723));
#4861=CARTESIAN_POINT('',(0.212180256121069,-0.1524,0.0508));
#4862=CARTESIAN_POINT('',(0.212180256121069,-0.1524,0.0258696824799305));
#4863=CARTESIAN_POINT('',(0.212180256121069,-0.152400000005158,0.0258696824791376));
#4864=CARTESIAN_POINT('',(0.209192911104971,-0.14941265498906,0.0263288722354016));
#4865=CARTESIAN_POINT('',(0.206198831137563,-0.146418575016494,0.0266752659161327));
#4866=CARTESIAN_POINT('',(0.203199999993589,-0.143419743872519,0.0269420873334219));
#4867=CARTESIAN_POINT('',(0.2667,-0.1524,0.0508));
#4868=CARTESIAN_POINT('',(0.2667,-0.1524,0.0243223223283724));
#4869=CARTESIAN_POINT('',(0.321219743878931,-0.1524,0.0243223223283724));
#4870=CARTESIAN_POINT('',(0.321219743878931,-0.1524,0.0508));
#4871=CARTESIAN_POINT('',(0.321219743878931,-0.1524,0.02586968247993));
#4872=CARTESIAN_POINT('',(0.2667,-0.1524,0.0258696824799305));
#4873=CARTESIAN_POINT('',(0.325709871939465,-0.147909871939465,0.0508));
#4874=CARTESIAN_POINT('',(0.321219743878931,-0.152400000005236,0.0243223223275576));
#4875=CARTESIAN_POINT('',(0.324206906344149,-0.149412837540017,0.0247871968500885));
#4876=CARTESIAN_POINT('',(0.327201032902487,-0.146418710976444,0.0251366327820682));
#4877=CARTESIAN_POINT('',(0.330199999999998,-0.143419743878933,0.025405830696069));
#4878=CARTESIAN_POINT('',(0.3302,-0.143419743878931,0.0254058306960693));
#4879=CARTESIAN_POINT('',(0.3302,-0.143419743878931,0.0508));
#4880=CARTESIAN_POINT('',(0.3302,-0.143419743878931,0.0269420873328506));
#4881=CARTESIAN_POINT('',(0.3302,-0.143419743866194,0.0269420873339843));
#4882=CARTESIAN_POINT('',(0.327201168856005,-0.14641857501019,0.0266752659170391));
#4883=CARTESIAN_POINT('',(0.324207088892444,-0.149412654986487,0.0263288722355975));
#4884=CARTESIAN_POINT('',(0.321219743876334,-0.152400000002597,0.0258696824795314));
#4885=CARTESIAN_POINT('',(0.3302,-0.0889,0.0508));
#4886=CARTESIAN_POINT('',(0.3302,-0.143419743878935,0.0254058306960689));
#4887=CARTESIAN_POINT('',(0.3302,-0.134786216486436,0.0261808067091299));
#4888=CARTESIAN_POINT('',(0.3302,-0.126135184925851,0.0263153159012168));
#4889=CARTESIAN_POINT('',(0.3302,-0.117475,0.0261149090477318));
#4890=CARTESIAN_POINT('',(0.3302,-0.117475,0.0261149090477318));
#4891=CARTESIAN_POINT('',(0.3302,-0.117475,0.0508));
#4892=CARTESIAN_POINT('',(0.3302,-0.117475,0.02619375));
#4893=CARTESIAN_POINT('',(0.3302,-0.0889,0.02619375));
#4894=CARTESIAN_POINT('',(0.3302,-0.111125,0.02619375));
#4895=CARTESIAN_POINT('',(0.3302,-0.111125,0.0508));
#4896=CARTESIAN_POINT('',(0.3302,-0.0889,0.02162175));
#4897=CARTESIAN_POINT('',(0.3302,-0.060325,0.02162175));
#4898=CARTESIAN_POINT('',(0.3302,-0.060325,0.0508));
#4899=CARTESIAN_POINT('',(0.3302,-0.0343802561210692,0.0508));
#4900=CARTESIAN_POINT('',(0.3302,-0.0343802561210692,0.0172325789705937));
#4901=CARTESIAN_POINT('',(0.3302,-0.0343802561210692,0.0172325789705938));
#4902=CARTESIAN_POINT('',(0.3302,-0.0433688163305234,0.0191429780555779));
#4903=CARTESIAN_POINT('',(0.3302,-0.061387538581544,0.0224965803292158));
#4904=CARTESIAN_POINT('',(0.3302,-0.0885451645366817,0.0260721977830785));
#4905=CARTESIAN_POINT('',(0.3302,-0.111300015449634,0.0276649977376786));
#4906=CARTESIAN_POINT('',(0.3302,-0.129605778291985,0.0277950836529876));
#4907=CARTESIAN_POINT('',(0.3302,-0.138803836052214,0.0273527883722701));
#4908=CARTESIAN_POINT('',(0.3302,-0.143419743866194,0.0269420873339847));
#4909=CARTESIAN_POINT('',(0.325709871939465,-0.0298901280605346,0.0508));
#4910=CARTESIAN_POINT('',(0.321219743878931,-0.0254000000000001,0.0152438606715694));
#4911=CARTESIAN_POINT('',(0.324210268803431,-0.0283905249244998,0.0159329010992997));
#4912=CARTESIAN_POINT('',(0.327203693422621,-0.0313839495436903,0.0165957538050088));
#4913=CARTESIAN_POINT('',(0.3302,-0.0343802561210692,0.0172325789705939));
#4914=CARTESIAN_POINT('',(0.3302,-0.152400000010317,0.0258696824783447));
#4915=CARTESIAN_POINT('',(0.2032,-0.152400000010317,0.0258696824783447));
#4916=CARTESIAN_POINT('',(0.3302,-0.137735337502069,0.0281238120705304));
#4917=CARTESIAN_POINT('',(0.2032,-0.137735337502069,0.0281238120705304));
#4918=CARTESIAN_POINT('',(0.3302,-0.0992173426590001,0.0285008588948298));
#4919=CARTESIAN_POINT('',(0.2032,-0.0992173426590002,0.0285008588948298));
#4920=CARTESIAN_POINT('',(0.3302,-0.0503324612308607,0.0209884955382248));
#4921=CARTESIAN_POINT('',(0.2032,-0.0503324612308608,0.0209884955382248));
#4922=CARTESIAN_POINT('',(0.3302,-0.0253999999999997,0.0152438606715694));
#4923=CARTESIAN_POINT('',(0.2032,-0.0253999999999998,0.0152438606715694));
#4924=CARTESIAN_POINT('',(0.3302,-0.117475,0.0261149090477318));
#4925=CARTESIAN_POINT('',(0.2032,-0.117475,0.0261149090477318));
#4926=CARTESIAN_POINT('',(0.3302,-0.130844155784348,0.026424287019153));
#4927=CARTESIAN_POINT('',(0.2032,-0.130844155784348,0.026424287019153));
#4928=CARTESIAN_POINT('',(0.3302,-0.142698298703645,0.0258321410310356));
#4929=CARTESIAN_POINT('',(0.2032,-0.142698298703645,0.0258321410310356));
#4930=CARTESIAN_POINT('',(0.3302,-0.152400000010471,0.0243223223267428));
#4931=CARTESIAN_POINT('',(0.2032,-0.152400000010471,0.0243223223267428));
#4932=CARTESIAN_POINT('',(0.2667,-0.117475,0.0261149090477318));
#4933=CARTESIAN_POINT('',(0.28575,-0.060325,0.02162175));
#4934=CARTESIAN_POINT('',(0.28575,-0.060325,0.02162175));
#4935=CARTESIAN_POINT('',(0.33655,-0.060325,0.02162175));
#4936=CARTESIAN_POINT('',(0.33655,-0.060325,0.0508));
#4937=CARTESIAN_POINT('',(0.,-0.0587375,0.02162175));
#4938=CARTESIAN_POINT('',(0.33655,-0.0889,0.02162175));
#4939=CARTESIAN_POINT('',(0.46355,-0.0254000000122173,0.01367560475484));
#4940=CARTESIAN_POINT('',(0.33655,-0.0254000000122174,0.01367560475484));
#4941=CARTESIAN_POINT('',(0.46355,-0.0378732410054846,0.0165574749063729));
#4942=CARTESIAN_POINT('',(0.33655,-0.0378732410054847,0.0165574749063729));
#4943=CARTESIAN_POINT('',(0.46355,-0.0502228486660264,0.0189415154816899));
#4944=CARTESIAN_POINT('',(0.33655,-0.0502228486660265,0.0189415154816899));
#4945=CARTESIAN_POINT('',(0.46355,-0.0621824093379924,0.020828));
#4946=CARTESIAN_POINT('',(0.33655,-0.0621824093379925,0.020828));
#4947=CARTESIAN_POINT('',(0.46355,-0.0621824093379911,0.0208280000000003));
#4948=CARTESIAN_POINT('',(0.46355,-0.0528685928213512,0.0193588514963928));
#4949=CARTESIAN_POINT('',(0.46355,-0.04360201978398,0.0176350671511315));
#4950=CARTESIAN_POINT('',(0.46355,-0.034380256100182,0.0156697667942516));
#4951=CARTESIAN_POINT('',(0.46355,-0.0343802561210692,0.0156697667987036));
#4952=CARTESIAN_POINT('',(0.33655,-0.0343802561001818,0.0156697667942512));
#4953=CARTESIAN_POINT('',(0.33655,-0.0436020197839121,0.0176350671514991));
#4954=CARTESIAN_POINT('',(0.33655,-0.0528685928213522,0.0193588514963924));
#4955=CARTESIAN_POINT('',(0.33655,-0.0621824093379925,0.020828));
#4956=CARTESIAN_POINT('',(0.33655,-0.0343802561210693,0.0156697667987023));
#4957=CARTESIAN_POINT('',(0.345530256121069,-0.0254000000238613,0.0136756047575301));
#4958=CARTESIAN_POINT('',(0.342539748504207,-0.0283905076407238,0.0143665442367686));
#4959=CARTESIAN_POINT('',(0.33954632303521,-0.0313839330858595,0.0150312040538983));
#4960=CARTESIAN_POINT('',(0.336550000010695,-0.0343802561103745,0.0156697667964238));
#4961=CARTESIAN_POINT('',(0.345530256121069,-0.0254,0.0136756047520169));
#4962=CARTESIAN_POINT('',(0.40005,-0.0254000000000019,0.0136756047520177));
#4963=CARTESIAN_POINT('',(0.454569743878931,-0.0254,0.0136756047520177));
#4964=CARTESIAN_POINT('',(0.46355,-0.0343802561001818,0.0156697667942519));
#4965=CARTESIAN_POINT('',(0.460553676975497,-0.031383933075679,0.0150312040515442));
#4966=CARTESIAN_POINT('',(0.457560251507994,-0.0283905076290629,0.0143665442342881));
#4967=CARTESIAN_POINT('',(0.454569743891149,-0.0254000000122173,0.01367560475484));
#4968=CARTESIAN_POINT('',(0.40005,-0.0254,0.0508));
#4969=CARTESIAN_POINT('',(0.454569743878931,-0.0254,0.0508));
#4970=CARTESIAN_POINT('',(0.454569743878931,-0.0254,0.0152438606715693));
#4971=CARTESIAN_POINT('',(0.345530256121069,-0.0254,0.0508));
#4972=CARTESIAN_POINT('',(0.345530256121069,-0.0254,0.0152438606715695));
#4973=CARTESIAN_POINT('',(0.40005,-0.0254,0.0152438606715694));
#4974=CARTESIAN_POINT('',(0.341040128060535,-0.0298901280605347,0.0508));
#4975=CARTESIAN_POINT('',(0.33655,-0.0343802561210693,0.0508));
#4976=CARTESIAN_POINT('',(0.33655,-0.0343802561210693,0.017232578970594));
#4977=CARTESIAN_POINT('',(0.33655,-0.0343802561210694,0.017232578970594));
#4978=CARTESIAN_POINT('',(0.339546306577379,-0.0313839495436904,0.016595753805009));
#4979=CARTESIAN_POINT('',(0.34253973119657,-0.0283905249244997,0.0159329010992998));
#4980=CARTESIAN_POINT('',(0.345530256121069,-0.0253999999999999,0.0152438606715694));
#4981=CARTESIAN_POINT('',(0.33655,-0.0889,0.0508));
#4982=CARTESIAN_POINT('',(0.33655,-0.0889,0.02619375));
#4983=CARTESIAN_POINT('',(0.33655,-0.111125,0.02619375));
#4984=CARTESIAN_POINT('',(0.33655,-0.117475,0.02619375));
#4985=CARTESIAN_POINT('',(0.33655,-0.117475,0.0508));
#4986=CARTESIAN_POINT('',(0.33655,-0.117475,0.0261149090477318));
#4987=CARTESIAN_POINT('',(0.33655,-0.117475,0.0261149090477318));
#4988=CARTESIAN_POINT('',(0.33655,-0.126135184925851,0.0263153159012168));
#4989=CARTESIAN_POINT('',(0.33655,-0.134786216486437,0.0261808067091296));
#4990=CARTESIAN_POINT('',(0.33655,-0.143419743878935,0.0254058306960688));
#4991=CARTESIAN_POINT('',(0.33655,-0.143419743878931,0.025405830696069));
#4992=CARTESIAN_POINT('',(0.33655,-0.143419743878931,0.0508));
#4993=CARTESIAN_POINT('',(0.33655,-0.143419743878931,0.0269420873328523));
#4994=CARTESIAN_POINT('',(0.33655,-0.143419743866195,0.0269420873339851));
#4995=CARTESIAN_POINT('',(0.33655,-0.138835149486473,0.0273500022547587));
#4996=CARTESIAN_POINT('',(0.33655,-0.129680775154236,0.0277930226449155));
#4997=CARTESIAN_POINT('',(0.33655,-0.111411402210342,0.0276694378656584));
#4998=CARTESIAN_POINT('',(0.33655,-0.088634948277464,0.02608352538859));
#4999=CARTESIAN_POINT('',(0.33655,-0.061353286988779,0.0224924941424194));
#5000=CARTESIAN_POINT('',(0.33655,-0.0433463880713069,0.0191382112269773));
#5001=CARTESIAN_POINT('',(0.33655,-0.0343802561210694,0.0172325789705939));
#5002=CARTESIAN_POINT('',(0.33655,-0.111125,0.0508));
#5003=CARTESIAN_POINT('',(0.341040128060535,-0.147909871939465,0.0508));
#5004=CARTESIAN_POINT('',(0.33655,-0.143419743878935,0.0254058306960687));
#5005=CARTESIAN_POINT('',(0.339548967097507,-0.146418710976443,0.0251366327820681));
#5006=CARTESIAN_POINT('',(0.342543093658473,-0.149412837537404,0.0247871968502874));
#5007=CARTESIAN_POINT('',(0.345530256123705,-0.152400000002636,0.0243223223279621));
#5008=CARTESIAN_POINT('',(0.345530256121069,-0.1524,0.0243223223283723));
#5009=CARTESIAN_POINT('',(0.345530256121069,-0.1524,0.0508));
#5010=CARTESIAN_POINT('',(0.345530256121069,-0.1524,0.0258696824799305));
#5011=CARTESIAN_POINT('',(0.345530256121069,-0.152400000005158,0.0258696824791376));
#5012=CARTESIAN_POINT('',(0.342542911104971,-0.14941265498906,0.0263288722354016));
#5013=CARTESIAN_POINT('',(0.339548831137563,-0.146418575016494,0.0266752659161327));
#5014=CARTESIAN_POINT('',(0.336549999993589,-0.143419743872519,0.0269420873334219));
#5015=CARTESIAN_POINT('',(0.40005,-0.1524,0.0508));
#5016=CARTESIAN_POINT('',(0.40005,-0.1524,0.0243223223283724));
#5017=CARTESIAN_POINT('',(0.454569743878931,-0.1524,0.0243223223283724));
#5018=CARTESIAN_POINT('',(0.454569743878931,-0.1524,0.0508));
#5019=CARTESIAN_POINT('',(0.454569743878931,-0.1524,0.02586968247993));
#5020=CARTESIAN_POINT('',(0.40005,-0.1524,0.0258696824799305));
#5021=CARTESIAN_POINT('',(0.459059871939466,-0.147909871939465,0.0508));
#5022=CARTESIAN_POINT('',(0.454569743878931,-0.152400000005236,0.0243223223275576));
#5023=CARTESIAN_POINT('',(0.45755690634415,-0.149412837540017,0.0247871968500885));
#5024=CARTESIAN_POINT('',(0.460551032902487,-0.146418710976444,0.0251366327820682));
#5025=CARTESIAN_POINT('',(0.463549999999998,-0.143419743878933,0.025405830696069));
#5026=CARTESIAN_POINT('',(0.46355,-0.143419743878931,0.0254058306960693));
#5027=CARTESIAN_POINT('',(0.46355,-0.143419743878931,0.0508));
#5028=CARTESIAN_POINT('',(0.46355,-0.143419743878931,0.0269420873328506));
#5029=CARTESIAN_POINT('',(0.46355,-0.143419743866194,0.0269420873339843));
#5030=CARTESIAN_POINT('',(0.460551168856005,-0.14641857501019,0.0266752659170391));
#5031=CARTESIAN_POINT('',(0.457557088892444,-0.149412654986487,0.0263288722355975));
#5032=CARTESIAN_POINT('',(0.454569743876334,-0.152400000002597,0.0258696824795313));
#5033=CARTESIAN_POINT('',(0.46355,-0.0889,0.0508));
#5034=CARTESIAN_POINT('',(0.46355,-0.143419743878935,0.0254058306960689));
#5035=CARTESIAN_POINT('',(0.46355,-0.134786216486436,0.0261808067091299));
#5036=CARTESIAN_POINT('',(0.46355,-0.126135184925851,0.0263153159012168));
#5037=CARTESIAN_POINT('',(0.46355,-0.117475,0.0261149090477318));
#5038=CARTESIAN_POINT('',(0.46355,-0.117475,0.0261149090477318));
#5039=CARTESIAN_POINT('',(0.46355,-0.117475,0.0508));
#5040=CARTESIAN_POINT('',(0.46355,-0.117475,0.02619375));
#5041=CARTESIAN_POINT('',(0.46355,-0.0889,0.02619375));
#5042=CARTESIAN_POINT('',(0.46355,-0.111125,0.02619375));
#5043=CARTESIAN_POINT('',(0.46355,-0.111125,0.0508));
#5044=CARTESIAN_POINT('',(0.46355,-0.0889,0.02162175));
#5045=CARTESIAN_POINT('',(0.46355,-0.060325,0.02162175));
#5046=CARTESIAN_POINT('',(0.46355,-0.060325,0.0508));
#5047=CARTESIAN_POINT('',(0.46355,-0.0343802561210692,0.0508));
#5048=CARTESIAN_POINT('',(0.46355,-0.0343802561210692,0.0172325789705937));
#5049=CARTESIAN_POINT('',(0.46355,-0.0343802561210692,0.0172325789705938));
#5050=CARTESIAN_POINT('',(0.46355,-0.0433688163305234,0.0191429780555779));
#5051=CARTESIAN_POINT('',(0.46355,-0.061387538581544,0.0224965803292158));
#5052=CARTESIAN_POINT('',(0.46355,-0.0885451645366817,0.0260721977830785));
#5053=CARTESIAN_POINT('',(0.46355,-0.111300015449634,0.0276649977376786));
#5054=CARTESIAN_POINT('',(0.46355,-0.129605778291985,0.0277950836529876));
#5055=CARTESIAN_POINT('',(0.46355,-0.138803836052214,0.0273527883722701));
#5056=CARTESIAN_POINT('',(0.46355,-0.143419743866194,0.0269420873339847));
#5057=CARTESIAN_POINT('',(0.459059871939466,-0.0298901280605346,0.0508));
#5058=CARTESIAN_POINT('',(0.454569743878931,-0.0254,0.0152438606715694));
#5059=CARTESIAN_POINT('',(0.457560268803431,-0.0283905249244996,0.0159329010992997));
#5060=CARTESIAN_POINT('',(0.460553693422621,-0.0313839495436901,0.0165957538050088));
#5061=CARTESIAN_POINT('',(0.46355,-0.0343802561210689,0.0172325789705938));
#5062=CARTESIAN_POINT('',(0.46355,-0.152400000010317,0.0258696824783447));
#5063=CARTESIAN_POINT('',(0.33655,-0.152400000010317,0.0258696824783447));
#5064=CARTESIAN_POINT('',(0.46355,-0.137735337502069,0.0281238120705304));
#5065=CARTESIAN_POINT('',(0.33655,-0.137735337502069,0.0281238120705304));
#5066=CARTESIAN_POINT('',(0.463550000000001,-0.0992173426590001,0.0285008588948298));
#5067=CARTESIAN_POINT('',(0.33655,-0.0992173426590002,0.0285008588948298));
#5068=CARTESIAN_POINT('',(0.46355,-0.0503324612308607,0.0209884955382248));
#5069=CARTESIAN_POINT('',(0.33655,-0.0503324612308608,0.0209884955382248));
#5070=CARTESIAN_POINT('',(0.46355,-0.0253999999999997,0.0152438606715694));
#5071=CARTESIAN_POINT('',(0.33655,-0.0253999999999998,0.0152438606715694));
#5072=CARTESIAN_POINT('',(0.46355,-0.117475,0.0261149090477318));
#5073=CARTESIAN_POINT('',(0.33655,-0.117475,0.0261149090477318));
#5074=CARTESIAN_POINT('',(0.46355,-0.130844155784348,0.026424287019153));
#5075=CARTESIAN_POINT('',(0.33655,-0.130844155784348,0.026424287019153));
#5076=CARTESIAN_POINT('',(0.46355,-0.142698298703645,0.0258321410310356));
#5077=CARTESIAN_POINT('',(0.33655,-0.142698298703645,0.0258321410310356));
#5078=CARTESIAN_POINT('',(0.46355,-0.152400000010471,0.0243223223267428));
#5079=CARTESIAN_POINT('',(0.33655,-0.152400000010471,0.0243223223267428));
#5080=CARTESIAN_POINT('',(0.40005,-0.117475,0.0261149090477318));
#5081=CARTESIAN_POINT('',(0.28575,-0.060325,0.02162175));
#5082=CARTESIAN_POINT('',(0.28575,-0.060325,0.02162175));
#5083=CARTESIAN_POINT('',(0.4699,-0.060325,0.02162175));
#5084=CARTESIAN_POINT('',(0.4699,-0.060325,0.0508));
#5085=CARTESIAN_POINT('',(0.,-0.0587375,0.02162175));
#5086=CARTESIAN_POINT('',(0.4699,-0.0889,0.02162175));
#5087=CARTESIAN_POINT('',(0.5334,-0.0254,0.0508));
#5088=CARTESIAN_POINT('',(0.587919743878931,-0.0254,0.0508));
#5089=CARTESIAN_POINT('',(0.587919743878931,-0.0254,0.0152438606715693));
#5090=CARTESIAN_POINT('',(0.587919743878931,-0.0254,0.0136756047520177));
#5091=CARTESIAN_POINT('',(0.5334,-0.0254000000000019,0.0136756047520177));
#5092=CARTESIAN_POINT('',(0.478880256121069,-0.0254,0.0136756047520169));
#5093=CARTESIAN_POINT('',(0.478880256121069,-0.0254,0.0508));
#5094=CARTESIAN_POINT('',(0.478880256121069,-0.0254,0.0152438606715695));
#5095=CARTESIAN_POINT('',(0.5334,-0.0254,0.0152438606715694));
#5096=CARTESIAN_POINT('',(0.474390128060535,-0.0298901280605347,0.0508));
#5097=CARTESIAN_POINT('',(0.478880256121069,-0.0254000000238616,0.0136756047575301));
#5098=CARTESIAN_POINT('',(0.475889748504207,-0.028390507640724,0.0143665442367686));
#5099=CARTESIAN_POINT('',(0.47289632303521,-0.0313839330858598,0.0150312040538984));
#5100=CARTESIAN_POINT('',(0.469900000010695,-0.0343802561103748,0.0156697667964238));
#5101=CARTESIAN_POINT('',(0.4699,-0.0343802561210693,0.0156697667987023));
#5102=CARTESIAN_POINT('',(0.4699,-0.0343802561210693,0.0508));
#5103=CARTESIAN_POINT('',(0.4699,-0.0343802561210693,0.017232578970594));
#5104=CARTESIAN_POINT('',(0.4699,-0.0343802561210695,0.017232578970594));
#5105=CARTESIAN_POINT('',(0.472896306577379,-0.0313839495436906,0.016595753805009));
#5106=CARTESIAN_POINT('',(0.47588973119657,-0.0283905249245001,0.0159329010992999));
#5107=CARTESIAN_POINT('',(0.478880256121069,-0.0254000000000004,0.0152438606715695));
#5108=CARTESIAN_POINT('',(0.4699,-0.0889,0.0508));
#5109=CARTESIAN_POINT('',(0.4699,-0.0889,0.02619375));
#5110=CARTESIAN_POINT('',(0.4699,-0.111125,0.02619375));
#5111=CARTESIAN_POINT('',(0.4699,-0.117475,0.02619375));
#5112=CARTESIAN_POINT('',(0.4699,-0.117475,0.0508));
#5113=CARTESIAN_POINT('',(0.4699,-0.117475,0.0261149090477318));
#5114=CARTESIAN_POINT('',(0.4699,-0.117475,0.0261149090477318));
#5115=CARTESIAN_POINT('',(0.4699,-0.126135184925851,0.0263153159012168));
#5116=CARTESIAN_POINT('',(0.4699,-0.134786216486437,0.0261808067091296));
#5117=CARTESIAN_POINT('',(0.4699,-0.143419743878935,0.0254058306960688));
#5118=CARTESIAN_POINT('',(0.4699,-0.143419743878931,0.025405830696069));
#5119=CARTESIAN_POINT('',(0.4699,-0.143419743878931,0.0508));
#5120=CARTESIAN_POINT('',(0.4699,-0.143419743878931,0.0269420873328523));
#5121=CARTESIAN_POINT('',(0.4699,-0.143419743866195,0.0269420873339851));
#5122=CARTESIAN_POINT('',(0.4699,-0.138835149486473,0.0273500022547587));
#5123=CARTESIAN_POINT('',(0.4699,-0.129680775154236,0.0277930226449155));
#5124=CARTESIAN_POINT('',(0.4699,-0.111411402210342,0.0276694378656584));
#5125=CARTESIAN_POINT('',(0.4699,-0.088634948277464,0.02608352538859));
#5126=CARTESIAN_POINT('',(0.4699,-0.061353286988779,0.0224924941424194));
#5127=CARTESIAN_POINT('',(0.4699,-0.0433463880713069,0.0191382112269773));
#5128=CARTESIAN_POINT('',(0.4699,-0.0343802561210694,0.0172325789705939));
#5129=CARTESIAN_POINT('',(0.4699,-0.0343802561001818,0.0156697667942512));
#5130=CARTESIAN_POINT('',(0.4699,-0.0436020197839121,0.0176350671514991));
#5131=CARTESIAN_POINT('',(0.4699,-0.0528685928213522,0.0193588514963924));
#5132=CARTESIAN_POINT('',(0.4699,-0.0621824093379925,0.020828));
#5133=CARTESIAN_POINT('',(0.4699,-0.0666750000000021,0.0215160552990687));
#5134=CARTESIAN_POINT('',(0.4699,-0.0814198505620886,0.0237063553392857));
#5135=CARTESIAN_POINT('',(0.4699,-0.0962266892339194,0.02526884450791));
#5136=CARTESIAN_POINT('',(0.4699,-0.111125000000001,0.0259049112471955));
#5137=CARTESIAN_POINT('',(0.4699,-0.111125,0.0259049112471953));
#5138=CARTESIAN_POINT('',(0.4699,-0.111125,0.0508));
#5139=CARTESIAN_POINT('',(0.474390128060535,-0.147909871939465,0.0508));
#5140=CARTESIAN_POINT('',(0.4699,-0.143419743878935,0.0254058306960687));
#5141=CARTESIAN_POINT('',(0.472898967097508,-0.146418710976443,0.0251366327820681));
#5142=CARTESIAN_POINT('',(0.475893093658474,-0.149412837537404,0.0247871968502875));
#5143=CARTESIAN_POINT('',(0.478880256123705,-0.152400000002636,0.0243223223279622));
#5144=CARTESIAN_POINT('',(0.478880256121069,-0.1524,0.0243223223283723));
#5145=CARTESIAN_POINT('',(0.478880256121069,-0.1524,0.0508));
#5146=CARTESIAN_POINT('',(0.478880256121069,-0.1524,0.0258696824799305));
#5147=CARTESIAN_POINT('',(0.478880256121069,-0.152400000005158,0.0258696824791376));
#5148=CARTESIAN_POINT('',(0.475892911104971,-0.149412654989059,0.0263288722354016));
#5149=CARTESIAN_POINT('',(0.472898831137563,-0.146418575016493,0.0266752659161327));
#5150=CARTESIAN_POINT('',(0.469899999993589,-0.143419743872519,0.0269420873334219));
#5151=CARTESIAN_POINT('',(0.5334,-0.1524,0.0508));
#5152=CARTESIAN_POINT('',(0.5334,-0.1524,0.0243223223283724));
#5153=CARTESIAN_POINT('',(0.587919743878931,-0.1524,0.0243223223283724));
#5154=CARTESIAN_POINT('',(0.587919743878931,-0.1524,0.0508));
#5155=CARTESIAN_POINT('',(0.587919743878931,-0.1524,0.02586968247993));
#5156=CARTESIAN_POINT('',(0.5334,-0.1524,0.0258696824799305));
#5157=CARTESIAN_POINT('',(0.592409871939466,-0.147909871939465,0.0508));
#5158=CARTESIAN_POINT('',(0.587919743878931,-0.152400000005236,0.0243223223275576));
#5159=CARTESIAN_POINT('',(0.59090690634415,-0.149412837540017,0.0247871968500885));
#5160=CARTESIAN_POINT('',(0.593901032902487,-0.146418710976444,0.0251366327820682));
#5161=CARTESIAN_POINT('',(0.596899999999998,-0.143419743878933,0.025405830696069));
#5162=CARTESIAN_POINT('',(0.5969,-0.143419743878931,0.0254058306960693));
#5163=CARTESIAN_POINT('',(0.5969,-0.143419743878931,0.0508));
#5164=CARTESIAN_POINT('',(0.5969,-0.143419743878931,0.0269420873328506));
#5165=CARTESIAN_POINT('',(0.5969,-0.143419743866194,0.0269420873339843));
#5166=CARTESIAN_POINT('',(0.593901168856005,-0.14641857501019,0.0266752659170391));
#5167=CARTESIAN_POINT('',(0.590907088892444,-0.149412654986487,0.0263288722355975));
#5168=CARTESIAN_POINT('',(0.587919743876334,-0.152400000002597,0.0258696824795313));
#5169=CARTESIAN_POINT('',(0.5969,-0.0889,0.0508));
#5170=CARTESIAN_POINT('',(0.5969,-0.143419743878935,0.0254058306960689));
#5171=CARTESIAN_POINT('',(0.5969,-0.138840745347118,0.0258168578307118));
#5172=CARTESIAN_POINT('',(0.5969,-0.129691505175593,0.0262640970219137));
#5173=CARTESIAN_POINT('',(0.5969,-0.111420465340251,0.0261433847873106));
#5174=CARTESIAN_POINT('',(0.5969,-0.0885986024523079,0.0245439382946324));
#5175=CARTESIAN_POINT('',(0.5969,-0.0613366942658196,0.0209407787728823));
#5176=CARTESIAN_POINT('',(0.5969,-0.0433433278274661,0.0175799358972964));
#5177=CARTESIAN_POINT('',(0.5969,-0.0343802561001819,0.0156697667942516));
#5178=CARTESIAN_POINT('',(0.5969,-0.0343802561210692,0.0156697667987036));
#5179=CARTESIAN_POINT('',(0.5969,-0.0343802561210692,0.0508));
#5180=CARTESIAN_POINT('',(0.5969,-0.0343802561210692,0.0172325789705937));
#5181=CARTESIAN_POINT('',(0.5969,-0.0343802561210692,0.0172325789705938));
#5182=CARTESIAN_POINT('',(0.5969,-0.0433688163305234,0.0191429780555779));
#5183=CARTESIAN_POINT('',(0.5969,-0.061387538581544,0.0224965803292158));
#5184=CARTESIAN_POINT('',(0.5969,-0.0885451645366817,0.0260721977830785));
#5185=CARTESIAN_POINT('',(0.5969,-0.111300015449634,0.0276649977376786));
#5186=CARTESIAN_POINT('',(0.5969,-0.129605778291985,0.0277950836529876));
#5187=CARTESIAN_POINT('',(0.5969,-0.138803836052214,0.0273527883722701));
#5188=CARTESIAN_POINT('',(0.5969,-0.143419743866194,0.0269420873339847));
#5189=CARTESIAN_POINT('',(0.592409871939466,-0.0298901280605346,0.0508));
#5190=CARTESIAN_POINT('',(0.5969,-0.0343802561001818,0.0156697667942519));
#5191=CARTESIAN_POINT('',(0.593903676975497,-0.031383933075679,0.0150312040515442));
#5192=CARTESIAN_POINT('',(0.590910251507994,-0.028390507629063,0.0143665442342881));
#5193=CARTESIAN_POINT('',(0.587919743891149,-0.0254000000122174,0.01367560475484));
#5194=CARTESIAN_POINT('',(0.587919743878931,-0.0254,0.0152438606715694));
#5195=CARTESIAN_POINT('',(0.590910268803431,-0.0283905249244996,0.0159329010992997));
#5196=CARTESIAN_POINT('',(0.593903693422622,-0.0313839495436901,0.0165957538050088));
#5197=CARTESIAN_POINT('',(0.5969,-0.034380256121069,0.0172325789705938));
#5198=CARTESIAN_POINT('',(0.5969,-0.152400000010316,0.0258696824783447));
#5199=CARTESIAN_POINT('',(0.4699,-0.152400000010317,0.0258696824783447));
#5200=CARTESIAN_POINT('',(0.5969,-0.137735337502069,0.0281238120705304));
#5201=CARTESIAN_POINT('',(0.4699,-0.137735337502069,0.0281238120705304));
#5202=CARTESIAN_POINT('',(0.596900000000001,-0.099217342659,0.0285008588948298));
#5203=CARTESIAN_POINT('',(0.4699,-0.099217342659,0.0285008588948298));
#5204=CARTESIAN_POINT('',(0.5969,-0.0503324612308609,0.0209884955382248));
#5205=CARTESIAN_POINT('',(0.4699,-0.050332461230861,0.0209884955382248));
#5206=CARTESIAN_POINT('',(0.5969,-0.0253999999999999,0.0152438606715694));
#5207=CARTESIAN_POINT('',(0.4699,-0.0254,0.0152438606715694));
#5208=CARTESIAN_POINT('',(0.5969,-0.0254000000122174,0.01367560475484));
#5209=CARTESIAN_POINT('',(0.4699,-0.0254000000122175,0.01367560475484));
#5210=CARTESIAN_POINT('',(0.5969,-0.0504311605063276,0.0194589095370648));
#5211=CARTESIAN_POINT('',(0.4699,-0.0504311605063278,0.0194589095370648));
#5212=CARTESIAN_POINT('',(0.5969,-0.0995013489791905,0.0270115301527819));
#5213=CARTESIAN_POINT('',(0.4699,-0.0995013489791906,0.0270115301527819));
#5214=CARTESIAN_POINT('',(0.5969,-0.137952965260952,0.0265706293603808));
#5215=CARTESIAN_POINT('',(0.4699,-0.137952965260952,0.0265706293603808));
#5216=CARTESIAN_POINT('',(0.5969,-0.152400000010471,0.0243223223267428));
#5217=CARTESIAN_POINT('',(0.4699,-0.152400000010471,0.0243223223267428));
#5218=CARTESIAN_POINT('',(0.5334,-0.117475,0.0261149090477318));
#5219=CARTESIAN_POINT('',(0.5715,-0.117475,0.0261149090477318));
#5220=CARTESIAN_POINT('',(0.5715,-0.117475,0.0261149090477318));
#5221=CARTESIAN_POINT('',(0.5715,-0.115357638817974,0.0260659108224266));
#5222=CARTESIAN_POINT('',(0.5715,-0.113240993988046,0.0259952512473106));
#5223=CARTESIAN_POINT('',(0.5715,-0.111125000000001,0.0259049112471955));
#5224=CARTESIAN_POINT('',(0.5715,-0.111125,0.0259049112471954));
#5225=CARTESIAN_POINT('',(0.5334,-0.111125,0.0259049112471954));
#5226=CARTESIAN_POINT('',(0.5715,-0.0666750000000002,0.0215160552990693));
#5227=CARTESIAN_POINT('',(0.5715,-0.0651764367561506,0.0212934485578582));
#5228=CARTESIAN_POINT('',(0.5715,-0.06367891272624,0.0210640563695409));
#5229=CARTESIAN_POINT('',(0.5715,-0.0621824093379925,0.020828));
#5230=CARTESIAN_POINT('',(0.5715,-0.0635,0.02162175));
#5231=CARTESIAN_POINT('',(-0.5715,-0.0635,0.02162175));
#5232=CARTESIAN_POINT('',(0.,-0.0587375,0.02619375));
#5233=CARTESIAN_POINT('',(0.28575,-0.117475,0.02619375));
#5234=CARTESIAN_POINT('',(0.28575,-0.111125,0.02619375));
#5235=CARTESIAN_POINT('',(0.,-0.0587375,0.02619375));
#5236=CARTESIAN_POINT('',(0.28575,-0.117475,0.02619375));
#5237=CARTESIAN_POINT('',(0.28575,-0.111125,0.02619375));
#5238=CARTESIAN_POINT('',(0.,-0.0587375,0.02619375));
#5239=CARTESIAN_POINT('',(0.28575,-0.117475,0.02619375));
#5240=CARTESIAN_POINT('',(0.28575,-0.111125,0.02619375));
#5241=CARTESIAN_POINT('',(0.,-0.0587375,0.02619375));
#5242=CARTESIAN_POINT('',(0.28575,-0.117475,0.02619375));
#5243=CARTESIAN_POINT('',(0.28575,-0.111125,0.02619375));
#5244=CARTESIAN_POINT('',(0.,-0.0587375,0.02619375));
#5245=CARTESIAN_POINT('',(0.28575,-0.117475,0.02619375));
#5246=CARTESIAN_POINT('',(0.28575,-0.111125,0.02619375));
#5247=CARTESIAN_POINT('',(0.,-0.0587375,0.02619375));
#5248=CARTESIAN_POINT('',(0.28575,-0.117475,0.02619375));
#5249=CARTESIAN_POINT('',(0.28575,-0.111125,0.02619375));
#5250=CARTESIAN_POINT('',(0.,-0.0587375,0.02619375));
#5251=CARTESIAN_POINT('',(0.28575,-0.117475,0.02619375));
#5252=CARTESIAN_POINT('',(0.28575,-0.111125,0.02619375));
#5253=CARTESIAN_POINT('',(0.,-0.0587375,0.02619375));
#5254=CARTESIAN_POINT('',(0.28575,-0.117475,0.02619375));
#5255=CARTESIAN_POINT('',(0.28575,-0.111125,0.02619375));
#5256=CARTESIAN_POINT('',(0.28575,-0.117475,0.02619375));
#5257=CARTESIAN_POINT('',(-0.5715,-0.117475,0.02619375));
#5258=CARTESIAN_POINT('',(-0.5715,-0.117475,0.0254));
#5259=CARTESIAN_POINT('',(0.28575,-0.117475,0.0254));
#5260=CARTESIAN_POINT('',(0.5715,-0.117475,0.0254));
#5261=CARTESIAN_POINT('',(0.5715,-0.117475,0.02619375));
#5262=CARTESIAN_POINT('',(0.28575,-0.111125,0.02619375));
#5263=CARTESIAN_POINT('',(0.5715,-0.111125,0.02619375));
#5264=CARTESIAN_POINT('',(0.5715,-0.111125,0.0254));
#5265=CARTESIAN_POINT('',(0.28575,-0.111125,0.0254));
#5266=CARTESIAN_POINT('',(-0.5715,-0.111125,0.0254));
#5267=CARTESIAN_POINT('',(-0.5715,-0.111125,0.02619375));
#5268=CARTESIAN_POINT('',(0.5715,-0.1143,0.02619375));
#5269=CARTESIAN_POINT('',(0.5715,-0.1143,0.0254));
#5270=CARTESIAN_POINT('',(-0.5715,-0.1143,0.02619375));
#5271=CARTESIAN_POINT('',(-0.5715,-0.1143,0.0254));
#5272=CARTESIAN_POINT('',(0.,-0.0587375,0.0254));
#5273=MECHANICAL_DESIGN_GEOMETRIC_PRESENTATION_REPRESENTATION('',(#2984),
#5274);
#5274=(
GEOMETRIC_REPRESENTATION_CONTEXT(3)
GLOBAL_UNCERTAINTY_ASSIGNED_CONTEXT((#5275))
GLOBAL_UNIT_ASSIGNED_CONTEXT((#5278,#5277,#5276))
REPRESENTATION_CONTEXT('Solar Panels Main','TOP_LEVEL_ASSEMBLY_PART')
);
#5275=UNCERTAINTY_MEASURE_WITH_UNIT(LENGTH_MEASURE(2.E-5),#5278,
'DISTANCE_ACCURACY_VALUE','Maximum Tolerance applied to model');
#5276=(
NAMED_UNIT(*)
SI_UNIT($,.STERADIAN.)
SOLID_ANGLE_UNIT()
);
#5277=(
NAMED_UNIT(*)
PLANE_ANGLE_UNIT()
SI_UNIT($,.RADIAN.)
);
#5278=(
LENGTH_UNIT()
NAMED_UNIT(*)
SI_UNIT($,.METRE.)
);
#5279=PRODUCT_DEFINITION_SHAPE('','',#5280);
#5280=PRODUCT_DEFINITION('','',#5282,#5281);
#5281=PRODUCT_DEFINITION_CONTEXT('',#5288,'design');
#5282=PRODUCT_DEFINITION_FORMATION_WITH_SPECIFIED_SOURCE('','',#5284,
 .NOT_KNOWN.);
#5283=PRODUCT_RELATED_PRODUCT_CATEGORY('','',(#5284));
#5284=PRODUCT('Solar Panels Main','Solar Panels Main',
'Solar Panels Main',(#5286));
#5285=PRODUCT_CATEGORY('','');
#5286=PRODUCT_CONTEXT('',#5288,'mechanical');
#5287=APPLICATION_PROTOCOL_DEFINITION('international standard',
'ap242_managed_model_based_3d_engineering',2020,#5288);
#5288=APPLICATION_CONTEXT('managed model based 3d engineering');
ENDSEC;
END-ISO-10303-21;
